{
  "ticker": "LNT",
  "best_params": {
    "hidden": 32,
    "lr": 0.001,
    "dropout": 0.3,
    "weight_decay": 0.0001,
    "num_layers": 1,
    "refit_epochs": 4
  },
  "kelly_fraction": null,
  "THRESHOLD_ENTRY": 0.54,
  "DIRECTION_MODE": "both",
  "CALIBRATION": {
    "theta_entry": 0.54,
    "kelly_fraction": null,
    "direction_mode": "both",
    "oof_trades": 51,
    "trade_floor_met": true,
    "oof_log_growth": 0.5122536688596055
  },
  "cv_auc_pr": 0.5091380509033169,
  "cv_folds": 4,
  "SEQ_LEN": 60,
  "FEATURE_MANIFEST": [
    "log_return_1",
    "log_return_5",
    "log_return_20",
    "dist_to_sma_20",
    "dist_to_sma_50",
    "sma_20_sma_50_ratio",
    "volume_z_score_20",
    "atr_pct_14",
    "realized_volatility_20",
    "rsi_14",
    "bollinger_percent_b_20_2",
    "bollinger_bandwidth_20_2",
    "macd_hist_12_26_9",
    "high_low_range_pct",
    "obv_z20",
    "xas_mkt_lead_ret_1",
    "downside_vol_20"
  ],
  "NORM_STATS": {
    "log_return_1": {
      "mean": 0.0001720111591411051,
      "std": 0.014096388026483369
    },
    "log_return_5": {
      "mean": 0.0008470680555245311,
      "std": 0.029733458856653527
    },
    "log_return_20": {
      "mean": 0.003654457895173925,
      "std": 0.056682971516207284
    },
    "dist_to_sma_20": {
      "mean": 0.0018890071972687261,
      "std": 0.03148453608434837
    },
    "dist_to_sma_50": {
      "mean": 0.004823212607001284,
      "std": 0.04504243370169791
    },
    "sma_20_sma_50_ratio": {
      "mean": 0.002782807330656337,
      "std": 0.02782430373086354
    },
    "volume_z_score_20": {
      "mean": 0.039522300423315525,
      "std": 1.0741888532826707
    },
    "atr_pct_14": {
      "mean": 1.936377687035564,
      "std": 0.8597947345669902
    },
    "realized_volatility_20": {
      "mean": 0.05324878442286172,
      "std": 0.03112476140686001
    },
    "rsi_14": {
      "mean": 52.3705199340983,
      "std": 11.143474480747622
    },
    "bollinger_percent_b_20_2": {
      "mean": 0.5452834182078008,
      "std": 0.3294178983645476
    },
    "bollinger_bandwidth_20_2": {
      "mean": 0.07961076087746019,
      "std": 0.051422591236191445
    },
    "macd_hist_12_26_9": {
      "mean": 2.1887194301851354e-05,
      "std": 0.2375670946967476
    },
    "high_low_range_pct": {
      "mean": 1.8769945871194773,
      "std": 1.1851904960397526
    },
    "obv_z20": {
      "mean": 0.1997081084455588,
      "std": 1.314242488929113
    },
    "xas_mkt_lead_ret_1": {
      "mean": 0.0003904585484107921,
      "std": 0.012765603609719324
    },
    "downside_vol_20": {
      "mean": 0.006991234065717164,
      "std": 0.0043178464879413585
    }
  },
  "TRAIN_WINDOW": "2017-01-01 -> 2023-12-31",
  "LABEL_CONTRACT": "TripleBarrier.ATR.daily.v1",
  "MODEL_HASH": "6ee3c2e8b97fd36aa28171e807469200a65323150c498ef3b84361757b9a4084",
  "RANDOM_SEED": 42
}
