{
  "ticker": "DD",
  "best_params": {
    "hidden": 32,
    "lr": 0.001,
    "dropout": 0.3,
    "weight_decay": 0.0001,
    "num_layers": 1,
    "refit_epochs": 4
  },
  "kelly_fraction": null,
  "THRESHOLD_ENTRY": 0.56,
  "DIRECTION_MODE": "both",
  "CALIBRATION": {
    "theta_entry": 0.56,
    "kelly_fraction": null,
    "direction_mode": "both",
    "oof_trades": 15,
    "trade_floor_met": true,
    "oof_log_growth": 0.04137845897075518
  },
  "cv_auc_pr": 0.44764177102007346,
  "cv_folds": 4,
  "SEQ_LEN": 60,
  "FEATURE_MANIFEST": [
    "log_return_1",
    "log_return_5",
    "log_return_20",
    "dist_to_sma_20",
    "dist_to_sma_50",
    "sma_20_sma_50_ratio",
    "volume_z_score_20",
    "atr_pct_14",
    "realized_volatility_20",
    "rsi_14",
    "bollinger_percent_b_20_2",
    "bollinger_bandwidth_20_2",
    "macd_hist_12_26_9",
    "return_120",
    "ret_kurt_20",
    "dist_from_low_20",
    "xas_rs_mkt_20"
  ],
  "NORM_STATS": {
    "log_return_1": {
      "mean": -0.0004560594481619166,
      "std": 0.02266487786864497
    },
    "log_return_5": {
      "mean": -0.0023252601422058114,
      "std": 0.04923940050943378
    },
    "log_return_20": {
      "mean": -0.00977847817173796,
      "std": 0.10189095074600447
    },
    "dist_to_sma_20": {
      "mean": -0.003841299789835884,
      "std": 0.054660206397182304
    },
    "dist_to_sma_50": {
      "mean": -0.009416923307334664,
      "std": 0.09197971332671977
    },
    "sma_20_sma_50_ratio": {
      "mean": -0.006863400610784881,
      "std": 0.057809205866440054
    },
    "volume_z_score_20": {
      "mean": 0.016511485184150798,
      "std": 1.0866157103252359
    },
    "atr_pct_14": {
      "mean": 2.6749140914429534,
      "std": 1.1344552821154996
    },
    "realized_volatility_20": {
      "mean": 0.08347883513949786,
      "std": 0.05271541574404881
    },
    "rsi_14": {
      "mean": 49.45175225067587,
      "std": 12.461973082464505
    },
    "bollinger_percent_b_20_2": {
      "mean": 0.5023439289258583,
      "std": 0.33790753937500884
    },
    "bollinger_bandwidth_20_2": {
      "mean": 0.13028753954274003,
      "std": 0.09649720784995784
    },
    "macd_hist_12_26_9": {
      "mean": -0.004695725586074872,
      "std": 0.728503450831865
    },
    "return_120": {
      "mean": -0.053695677067706185,
      "std": 0.28201747250420517
    },
    "ret_kurt_20": {
      "mean": 1.3117750344265353,
      "std": 3.3226155990655974
    },
    "dist_from_low_20": {
      "mean": 0.06934512415583007,
      "std": 0.06380189941435008
    },
    "xas_rs_mkt_20": {
      "mean": -0.017284185616070178,
      "std": 0.07820812286400926
    }
  },
  "TRAIN_WINDOW": "2017-01-01 -> 2023-12-31",
  "LABEL_CONTRACT": "TripleBarrier.ATR.daily.v1",
  "MODEL_HASH": "127c7927520252052da44f6064045c79df6294d88c19fcb62c9746dd4bbf4a4c",
  "RANDOM_SEED": 42
}
