{
  "ticker": "SLB",
  "best_params": {
    "hidden": 32,
    "lr": 0.001,
    "dropout": 0.3,
    "weight_decay": 0.0001,
    "num_layers": 1,
    "refit_epochs": 4
  },
  "kelly_fraction": null,
  "THRESHOLD_ENTRY": 0.5,
  "DIRECTION_MODE": "long_only",
  "CALIBRATION": {
    "theta_entry": 0.5,
    "kelly_fraction": null,
    "direction_mode": "long_only",
    "oof_trades": 57,
    "trade_floor_met": true,
    "oof_log_growth": 0.2625132060768949
  },
  "cv_auc_pr": 0.4135527460609866,
  "cv_folds": 4,
  "SEQ_LEN": 60,
  "FEATURE_MANIFEST": [
    "log_return_1",
    "log_return_5",
    "log_return_20",
    "dist_to_sma_20",
    "dist_to_sma_50",
    "sma_20_sma_50_ratio",
    "volume_z_score_20",
    "atr_pct_14",
    "realized_volatility_20",
    "rsi_14",
    "bollinger_percent_b_20_2",
    "bollinger_bandwidth_20_2",
    "macd_hist_12_26_9",
    "dist_from_low_20",
    "trend_efficiency_20"
  ],
  "NORM_STATS": {
    "log_return_1": {
      "mean": -0.0002717433450949602,
      "std": 0.027841283948604023
    },
    "log_return_5": {
      "mean": -0.0013429378129041758,
      "std": 0.06361124126741338
    },
    "log_return_20": {
      "mean": -0.0057271790971526225,
      "std": 0.13954935943427996
    },
    "dist_to_sma_20": {
      "mean": -0.0012444737833138728,
      "std": 0.07269193334413802
    },
    "dist_to_sma_50": {
      "mean": -0.0028428995248476136,
      "std": 0.11590083768018763
    },
    "sma_20_sma_50_ratio": {
      "mean": -0.0032477733773107796,
      "std": 0.07456499355424115
    },
    "volume_z_score_20": {
      "mean": 0.016050595680387244,
      "std": 1.0830779136004496
    },
    "atr_pct_14": {
      "mean": 3.539164700469451,
      "std": 1.8138772683363122
    },
    "realized_volatility_20": {
      "mean": 0.10403725319825591,
      "std": 0.06064858223704511
    },
    "rsi_14": {
      "mean": 48.82177596532449,
      "std": 13.225071805835396
    },
    "bollinger_percent_b_20_2": {
      "mean": 0.483828159740533,
      "std": 0.34140626186486095
    },
    "bollinger_bandwidth_20_2": {
      "mean": 0.1701852900791906,
      "std": 0.12867653272378646
    },
    "macd_hist_12_26_9": {
      "mean": -0.0031592824100215673,
      "std": 0.37250632677560025
    },
    "dist_from_low_20": {
      "mean": 0.09662622919126569,
      "std": 0.09510468592925989
    },
    "trend_efficiency_20": {
      "mean": 5.115141672149768,
      "std": 3.641887069536788
    }
  },
  "TRAIN_WINDOW": "2017-01-01 -> 2023-12-31",
  "LABEL_CONTRACT": "TripleBarrier.ATR.daily.v1",
  "MODEL_HASH": "ed6112d569cd98602a1b6cd577f5e381836ca113bedf876a1b43ddb485b7795f",
  "RANDOM_SEED": 42
}
