{
  "ticker": "DASH",
  "best_params": {
    "hidden": 32,
    "lr": 0.001,
    "dropout": 0.3,
    "weight_decay": 0.0001,
    "num_layers": 1,
    "refit_epochs": 4
  },
  "kelly_fraction": null,
  "THRESHOLD_ENTRY": 0.52,
  "DIRECTION_MODE": "both",
  "CALIBRATION": {
    "theta_entry": 0.52,
    "kelly_fraction": null,
    "direction_mode": "both",
    "oof_trades": 22,
    "trade_floor_met": true,
    "oof_log_growth": 0.9576422418332978
  },
  "cv_auc_pr": 0.45398115043562987,
  "cv_folds": 3,
  "SEQ_LEN": 60,
  "FEATURE_MANIFEST": [
    "log_return_1",
    "log_return_5",
    "log_return_20",
    "dist_to_sma_20",
    "dist_to_sma_50",
    "sma_20_sma_50_ratio",
    "volume_z_score_20",
    "atr_pct_14",
    "realized_volatility_20",
    "rsi_14",
    "bollinger_percent_b_20_2",
    "bollinger_bandwidth_20_2",
    "macd_hist_12_26_9",
    "atr_ratio_5_20",
    "ret_kurt_20",
    "dist_to_sma_10",
    "range_compression_60",
    "illiquidity_amihud_20",
    "sma_slope_50_20"
  ],
  "NORM_STATS": {
    "log_return_1": {
      "mean": -0.0008468501344278406,
      "std": 0.04227940401739505
    },
    "log_return_5": {
      "mean": -0.003590668871695452,
      "std": 0.09103931096514437
    },
    "log_return_20": {
      "mean": -0.011890255442891236,
      "std": 0.17038472158922952
    },
    "dist_to_sma_20": {
      "mean": -0.002987558372284352,
      "std": 0.09562712500231188
    },
    "dist_to_sma_50": {
      "mean": -0.01701184121035713,
      "std": 0.14203562953439136
    },
    "sma_20_sma_50_ratio": {
      "mean": -0.01242336213756776,
      "std": 0.08972380973735603
    },
    "volume_z_score_20": {
      "mean": -0.01630575971173571,
      "std": 1.100239972175521
    },
    "atr_pct_14": {
      "mean": 6.338919613007078,
      "std": 2.5390739527237693
    },
    "realized_volatility_20": {
      "mean": 0.17091948414295677,
      "std": 0.07330193177534601
    },
    "rsi_14": {
      "mean": 50.32283338667379,
      "std": 11.929560550726324
    },
    "bollinger_percent_b_20_2": {
      "mean": 0.5218367824586515,
      "std": 0.3320579762120602
    },
    "bollinger_bandwidth_20_2": {
      "mean": 0.26008720663205176,
      "std": 0.13185989093953374
    },
    "macd_hist_12_26_9": {
      "mean": -0.02134305875447731,
      "std": 1.5532078104563427
    },
    "atr_ratio_5_20": {
      "mean": 0.9613581841770352,
      "std": 0.1465675496843994
    },
    "ret_kurt_20": {
      "mean": 0.3845347204583989,
      "std": 1.4113944307579276
    },
    "dist_to_sma_10": {
      "mean": -0.0019622554084068457,
      "std": 0.06762693632876508
    },
    "range_compression_60": {
      "mean": 0.4583098591549296,
      "std": 0.29039629349165097
    },
    "illiquidity_amihud_20": {
      "mean": 0.002048219096767426,
      "std": 0.0008817139943081532
    },
    "sma_slope_50_20": {
      "mean": -0.02016811252485726,
      "std": 0.09526037738254883
    }
  },
  "TRAIN_WINDOW": "2017-01-01 -> 2023-12-31",
  "LABEL_CONTRACT": "TripleBarrier.ATR.daily.v1",
  "MODEL_HASH": "d5916114ce93d85cafed2b42b0927fe3d6a2bbffd07cc8776369120c454e5f4c",
  "RANDOM_SEED": 42
}
