{
  "ticker": "CRH",
  "best_params": {
    "hidden": 32,
    "lr": 0.001,
    "dropout": 0.3,
    "weight_decay": 0.0001,
    "num_layers": 1,
    "refit_epochs": 4
  },
  "kelly_fraction": null,
  "THRESHOLD_ENTRY": 0.56,
  "DIRECTION_MODE": "long_only",
  "CALIBRATION": {
    "theta_entry": 0.56,
    "kelly_fraction": null,
    "direction_mode": "long_only",
    "oof_trades": 21,
    "trade_floor_met": true,
    "oof_log_growth": 0.31684875810492596
  },
  "cv_auc_pr": 0.46807079489568715,
  "cv_folds": 4,
  "SEQ_LEN": 60,
  "FEATURE_MANIFEST": [
    "log_return_1",
    "log_return_5",
    "log_return_20",
    "dist_to_sma_20",
    "dist_to_sma_50",
    "sma_20_sma_50_ratio",
    "volume_z_score_20",
    "atr_pct_14",
    "realized_volatility_20",
    "rsi_14",
    "bollinger_percent_b_20_2",
    "bollinger_bandwidth_20_2",
    "macd_hist_12_26_9",
    "dist_to_high_252",
    "dist_to_sma_200",
    "bb_bandwidth_20"
  ],
  "NORM_STATS": {
    "log_return_1": {
      "mean": 0.0003967997784371027,
      "std": 0.019702229643920106
    },
    "log_return_5": {
      "mean": 0.0020305646734712344,
      "std": 0.045989701577556205
    },
    "log_return_20": {
      "mean": 0.007751810499955489,
      "std": 0.08529030281161294
    },
    "dist_to_sma_20": {
      "mean": 0.004294973933466147,
      "std": 0.0469664602720479
    },
    "dist_to_sma_50": {
      "mean": 0.010317810207937216,
      "std": 0.07165441541451402
    },
    "sma_20_sma_50_ratio": {
      "mean": 0.005437011061260071,
      "std": 0.04371741992621173
    },
    "volume_z_score_20": {
      "mean": 0.006985759670221618,
      "std": 1.0843523527299064
    },
    "atr_pct_14": {
      "mean": 2.1418696229767367,
      "std": 0.9505935619027268
    },
    "realized_volatility_20": {
      "mean": 0.07489497001039011,
      "std": 0.04226556018249368
    },
    "rsi_14": {
      "mean": 52.2868458070254,
      "std": 11.4003143851786
    },
    "bollinger_percent_b_20_2": {
      "mean": 0.5420606119429418,
      "std": 0.32897085595199255
    },
    "bollinger_bandwidth_20_2": {
      "mean": 0.11502105055174858,
      "std": 0.08724414116194777
    },
    "macd_hist_12_26_9": {
      "mean": 0.004808518688840233,
      "std": 0.24383974200421127
    },
    "dist_to_high_252": {
      "mean": -0.11916975065674254,
      "std": 0.10552504034754508
    },
    "dist_to_sma_200": {
      "mean": 0.03700127651697468,
      "std": 0.12769432354994195
    },
    "bb_bandwidth_20": {
      "mean": 0.028755262637937144,
      "std": 0.021811035290486946
    }
  },
  "TRAIN_WINDOW": "2017-01-01 -> 2023-12-31",
  "LABEL_CONTRACT": "TripleBarrier.ATR.daily.v1",
  "MODEL_HASH": "f6772f5ed7b352a719c33967c7ba870e9fae040f67c10f7a177290d3ed0a857c",
  "RANDOM_SEED": 42
}
