{
  "ticker": "MDT",
  "best_params": {
    "hidden": 32,
    "lr": 0.001,
    "dropout": 0.3,
    "weight_decay": 0.0001,
    "num_layers": 1,
    "refit_epochs": 4
  },
  "kelly_fraction": null,
  "THRESHOLD_ENTRY": 0.54,
  "DIRECTION_MODE": "both",
  "CALIBRATION": {
    "theta_entry": 0.54,
    "kelly_fraction": null,
    "direction_mode": "both",
    "oof_trades": 52,
    "trade_floor_met": true,
    "oof_log_growth": -0.1075616928570407
  },
  "cv_auc_pr": 0.41101842649974357,
  "cv_folds": 4,
  "SEQ_LEN": 60,
  "FEATURE_MANIFEST": [
    "log_return_1",
    "log_return_5",
    "log_return_20",
    "dist_to_sma_20",
    "dist_to_sma_50",
    "sma_20_sma_50_ratio",
    "volume_z_score_20",
    "atr_pct_14",
    "realized_volatility_20",
    "rsi_14",
    "bollinger_percent_b_20_2",
    "bollinger_bandwidth_20_2",
    "macd_hist_12_26_9",
    "volume_trend_5_20",
    "xas_mkt_lead_ret_1",
    "overnight_intraday_spread_20",
    "trend_efficiency_20"
  ],
  "NORM_STATS": {
    "log_return_1": {
      "mean": 8.256469997811955e-05,
      "std": 0.01540314764234411
    },
    "log_return_5": {
      "mean": 0.0003954617750023886,
      "std": 0.03266255245596446
    },
    "log_return_20": {
      "mean": 0.0013016944090269611,
      "std": 0.06351803267411849
    },
    "dist_to_sma_20": {
      "mean": 0.0009557508971378577,
      "std": 0.03467197074019958
    },
    "dist_to_sma_50": {
      "mean": 0.0014995974363080844,
      "std": 0.05257330900003629
    },
    "sma_20_sma_50_ratio": {
      "mean": 0.0002670422072050731,
      "std": 0.032884336091573596
    },
    "volume_z_score_20": {
      "mean": 0.0011100702069638158,
      "std": 1.0692263529291073
    },
    "atr_pct_14": {
      "mean": 1.9784084051264483,
      "std": 0.7874358510412314
    },
    "realized_volatility_20": {
      "mean": 0.05926352151649304,
      "std": 0.03198634905396107
    },
    "rsi_14": {
      "mean": 51.62810165726296,
      "std": 11.983218990747552
    },
    "bollinger_percent_b_20_2": {
      "mean": 0.5373745333303541,
      "std": 0.3341400578185443
    },
    "bollinger_bandwidth_20_2": {
      "mean": 0.08752708622514331,
      "std": 0.05534286607900034
    },
    "macd_hist_12_26_9": {
      "mean": 0.007467658317455487,
      "std": 0.46244668432028124
    },
    "volume_trend_5_20": {
      "mean": 0.0012073626207301054,
      "std": 0.20038830824642848
    },
    "xas_mkt_lead_ret_1": {
      "mean": 0.00039105495814063573,
      "std": 0.012762791528618301
    },
    "overnight_intraday_spread_20": {
      "mean": 0.0011516452693850908,
      "std": 0.0039390465830993916
    },
    "trend_efficiency_20": {
      "mean": 4.71307484354797,
      "std": 3.241252010260236
    }
  },
  "TRAIN_WINDOW": "2017-01-01 -> 2023-12-31",
  "LABEL_CONTRACT": "TripleBarrier.ATR.daily.v1",
  "MODEL_HASH": "51a92977abc592574236c0b2a73fa295121a47143cba17195bf0c4592f8e2635",
  "RANDOM_SEED": 42
}
