{
  "ticker": "TSLA",
  "best_params": {
    "hidden": 32,
    "lr": 0.001,
    "dropout": 0.3,
    "weight_decay": 0.0001,
    "num_layers": 1,
    "refit_epochs": 4
  },
  "kelly_fraction": null,
  "THRESHOLD_ENTRY": 0.5,
  "DIRECTION_MODE": "both",
  "CALIBRATION": {
    "theta_entry": 0.5,
    "kelly_fraction": null,
    "direction_mode": "both",
    "oof_trades": 104,
    "trade_floor_met": true,
    "oof_log_growth": 1.9088376966335818
  },
  "cv_auc_pr": 0.5074018543822764,
  "cv_folds": 4,
  "SEQ_LEN": 60,
  "FEATURE_MANIFEST": [
    "log_return_1",
    "log_return_5",
    "log_return_20",
    "dist_to_sma_20",
    "dist_to_sma_50",
    "sma_20_sma_50_ratio",
    "volume_z_score_20",
    "atr_pct_14",
    "realized_volatility_20",
    "rsi_14",
    "bollinger_percent_b_20_2",
    "bollinger_bandwidth_20_2",
    "macd_hist_12_26_9",
    "return_120",
    "dist_to_sma_200",
    "reversal_2d"
  ],
  "NORM_STATS": {
    "log_return_1": {
      "mean": 0.0016243368457831793,
      "std": 0.038063900162945766
    },
    "log_return_5": {
      "mean": 0.008156704400783404,
      "std": 0.08693316215369513
    },
    "log_return_20": {
      "mean": 0.03310639686873518,
      "std": 0.18489235063560866
    },
    "dist_to_sma_20": {
      "mean": 0.018168949728391542,
      "std": 0.10240444804489744
    },
    "dist_to_sma_50": {
      "mean": 0.04716233335755602,
      "std": 0.16907022902839705
    },
    "sma_20_sma_50_ratio": {
      "mean": 0.025462218563500397,
      "std": 0.10010481908537097
    },
    "volume_z_score_20": {
      "mean": -0.0004634723146015722,
      "std": 1.0883369230753857
    },
    "atr_pct_14": {
      "mean": 4.738948711689252,
      "std": 1.7922875570407812
    },
    "realized_volatility_20": {
      "mean": 0.1525382491905497,
      "std": 0.06304595613307892
    },
    "rsi_14": {
      "mean": 53.5728287601126,
      "std": 13.60506546818145
    },
    "bollinger_percent_b_20_2": {
      "mean": 0.552791766285938,
      "std": 0.33819881393115786
    },
    "bollinger_bandwidth_20_2": {
      "mean": 0.25029012994504574,
      "std": 0.14825741633651873
    },
    "macd_hist_12_26_9": {
      "mean": 0.010803114737373621,
      "std": 2.326209798486446
    },
    "return_120": {
      "mean": 0.1965594768709054,
      "std": 0.4545393974817601
    },
    "dist_to_sma_200": {
      "mean": 0.2013986298892158,
      "std": 0.4241806388996575
    },
    "reversal_2d": {
      "mean": -0.003256826392062132,
      "std": 0.053313350925525665
    }
  },
  "TRAIN_WINDOW": "2017-01-01 -> 2023-12-31",
  "LABEL_CONTRACT": "TripleBarrier.ATR.daily.v1",
  "MODEL_HASH": "d9705365a9bc8bc788180a2ed94050292132e4a2bbcd51ee6a6d612dea397bda",
  "RANDOM_SEED": 42
}
