{
  "ticker": "FDX",
  "best_params": {
    "hidden": 32,
    "lr": 0.001,
    "dropout": 0.3,
    "weight_decay": 0.0001,
    "num_layers": 1,
    "refit_epochs": 4
  },
  "kelly_fraction": null,
  "THRESHOLD_ENTRY": 0.5,
  "DIRECTION_MODE": "long_only",
  "CALIBRATION": {
    "theta_entry": 0.5,
    "kelly_fraction": null,
    "direction_mode": "long_only",
    "oof_trades": 98,
    "trade_floor_met": true,
    "oof_log_growth": 0.20792129067259857
  },
  "cv_auc_pr": 0.4427038824258149,
  "cv_folds": 4,
  "SEQ_LEN": 60,
  "FEATURE_MANIFEST": [
    "log_return_1",
    "log_return_5",
    "log_return_20",
    "dist_to_sma_20",
    "dist_to_sma_50",
    "sma_20_sma_50_ratio",
    "volume_z_score_20",
    "atr_pct_14",
    "realized_volatility_20",
    "rsi_14",
    "bollinger_percent_b_20_2",
    "bollinger_bandwidth_20_2",
    "macd_hist_12_26_9",
    "dist_to_high_252",
    "dist_to_sma_200",
    "stoch_k_14",
    "overnight_intraday_spread_20"
  ],
  "NORM_STATS": {
    "log_return_1": {
      "mean": 0.00017399701140825518,
      "std": 0.021794123322591202
    },
    "log_return_5": {
      "mean": 0.0008156750322596785,
      "std": 0.04897916755076873
    },
    "log_return_20": {
      "mean": 0.0035095232576104443,
      "std": 0.09972670899023303
    },
    "dist_to_sma_20": {
      "mean": 0.002358626731912687,
      "std": 0.05411974710083321
    },
    "dist_to_sma_50": {
      "mean": 0.006197129505810963,
      "std": 0.08814701938113725
    },
    "sma_20_sma_50_ratio": {
      "mean": 0.0028830331762200877,
      "std": 0.05389234892132266
    },
    "volume_z_score_20": {
      "mean": -0.009677613089399378,
      "std": 1.0938180334805074
    },
    "atr_pct_14": {
      "mean": 2.581715322878162,
      "std": 1.0567874099201797
    },
    "realized_volatility_20": {
      "mean": 0.08263848831078381,
      "std": 0.045375055995371595
    },
    "rsi_14": {
      "mean": 51.309432528267116,
      "std": 13.16819792979305
    },
    "bollinger_percent_b_20_2": {
      "mean": 0.538903130791623,
      "std": 0.33808465394497844
    },
    "bollinger_bandwidth_20_2": {
      "mean": 0.13130076010804276,
      "std": 0.09088165792242617
    },
    "macd_hist_12_26_9": {
      "mean": -0.0016233757204334438,
      "std": 1.4494815249980801
    },
    "dist_to_high_252": {
      "mean": -0.17714151878505058,
      "std": 0.13165596509547028
    },
    "dist_to_sma_200": {
      "mean": 0.028895129568335565,
      "std": 0.18989024134700908
    },
    "stoch_k_14": {
      "mean": 53.94967379758238,
      "std": 31.007391745265853
    },
    "overnight_intraday_spread_20": {
      "mean": 0.0001862328655539374,
      "std": 0.004652639952418421
    }
  },
  "TRAIN_WINDOW": "2017-01-01 -> 2023-12-31",
  "LABEL_CONTRACT": "TripleBarrier.ATR.daily.v1",
  "MODEL_HASH": "4d7d8f006435a01bf3aee0f2bcfe3a5a05a25333c12ac3fd66d0ea5feda06055",
  "RANDOM_SEED": 42
}
