{
  "ticker": "FRT",
  "best_params": {
    "hidden": 32,
    "lr": 0.001,
    "dropout": 0.3,
    "weight_decay": 0.0001,
    "num_layers": 1,
    "refit_epochs": 4
  },
  "kelly_fraction": null,
  "THRESHOLD_ENTRY": 0.56,
  "DIRECTION_MODE": "long_only",
  "CALIBRATION": {
    "theta_entry": 0.56,
    "kelly_fraction": null,
    "direction_mode": "long_only",
    "oof_trades": 10,
    "trade_floor_met": true,
    "oof_log_growth": -0.011470532940168712
  },
  "cv_auc_pr": 0.4056867307543519,
  "cv_folds": 4,
  "SEQ_LEN": 60,
  "FEATURE_MANIFEST": [
    "log_return_1",
    "log_return_5",
    "log_return_20",
    "dist_to_sma_20",
    "dist_to_sma_50",
    "sma_20_sma_50_ratio",
    "volume_z_score_20",
    "atr_pct_14",
    "realized_volatility_20",
    "rsi_14",
    "bollinger_percent_b_20_2",
    "bollinger_bandwidth_20_2",
    "macd_hist_12_26_9",
    "atr_ratio_5_20",
    "reversal_2d",
    "downside_vol_20",
    "vol_of_vol_20",
    "overnight_vol_20"
  ],
  "NORM_STATS": {
    "log_return_1": {
      "mean": -0.00018264628625929474,
      "std": 0.020567459890555143
    },
    "log_return_5": {
      "mean": -0.0008374020460391458,
      "std": 0.04542318185224537
    },
    "log_return_20": {
      "mean": -0.003590124921126816,
      "std": 0.08619243291943546
    },
    "dist_to_sma_20": {
      "mean": -0.0011122052048187193,
      "std": 0.0471772539696136
    },
    "dist_to_sma_50": {
      "mean": -0.0036110513601261317,
      "std": 0.07034594029773979
    },
    "sma_20_sma_50_ratio": {
      "mean": -0.0029954838855739967,
      "std": 0.04419623562246199
    },
    "volume_z_score_20": {
      "mean": 0.02138831543657492,
      "std": 1.081634935614058
    },
    "atr_pct_14": {
      "mean": 2.415543485962448,
      "std": 1.3618304583655065
    },
    "realized_volatility_20": {
      "mean": 0.07212695469142519,
      "std": 0.05361280505167441
    },
    "rsi_14": {
      "mean": 50.030027549930125,
      "std": 10.977412928474095
    },
    "bollinger_percent_b_20_2": {
      "mean": 0.5053723852937516,
      "std": 0.33303161811270376
    },
    "bollinger_bandwidth_20_2": {
      "mean": 0.10937055747891283,
      "std": 0.09308734737170996
    },
    "macd_hist_12_26_9": {
      "mean": 0.0070290584083606555,
      "std": 0.6732707542937165
    },
    "atr_ratio_5_20": {
      "mean": 0.9900562955941166,
      "std": 0.1533364814201823
    },
    "reversal_2d": {
      "mean": 0.00034442746923157917,
      "std": 0.028430890547562968
    },
    "downside_vol_20": {
      "mean": 0.009377186355393065,
      "std": 0.007747377654109933
    },
    "vol_of_vol_20": {
      "mean": 0.0037929728198857517,
      "std": 0.005013510707903214
    },
    "overnight_vol_20": {
      "mean": 0.006806581225546469,
      "std": 0.005931610381183475
    }
  },
  "TRAIN_WINDOW": "2017-01-01 -> 2023-12-31",
  "LABEL_CONTRACT": "TripleBarrier.ATR.daily.v1",
  "MODEL_HASH": "94614727469ed3bbae8be96e04f9d8dd9cd95ec4619aee7fe6f619d71c5989f1",
  "RANDOM_SEED": 42
}
