{
  "ticker": "EFX",
  "best_params": {
    "hidden": 32,
    "lr": 0.001,
    "dropout": 0.3,
    "weight_decay": 0.0001,
    "num_layers": 1,
    "refit_epochs": 4
  },
  "kelly_fraction": null,
  "THRESHOLD_ENTRY": 0.54,
  "DIRECTION_MODE": "both",
  "CALIBRATION": {
    "theta_entry": 0.54,
    "kelly_fraction": null,
    "direction_mode": "both",
    "oof_trades": 58,
    "trade_floor_met": true,
    "oof_log_growth": 0.26442339464454423
  },
  "cv_auc_pr": 0.5120516518298399,
  "cv_folds": 4,
  "SEQ_LEN": 60,
  "FEATURE_MANIFEST": [
    "log_return_1",
    "log_return_5",
    "log_return_20",
    "dist_to_sma_20",
    "dist_to_sma_50",
    "sma_20_sma_50_ratio",
    "volume_z_score_20",
    "atr_pct_14",
    "realized_volatility_20",
    "rsi_14",
    "bollinger_percent_b_20_2",
    "bollinger_bandwidth_20_2",
    "macd_hist_12_26_9",
    "up_streak_10",
    "vol_of_vol_20",
    "downside_upside_vol_ratio_20"
  ],
  "NORM_STATS": {
    "log_return_1": {
      "mean": 0.00041927832790808234,
      "std": 0.019735494050650254
    },
    "log_return_5": {
      "mean": 0.0020903504210677618,
      "std": 0.047653307928339175
    },
    "log_return_20": {
      "mean": 0.008069590766246805,
      "std": 0.09709548778002866
    },
    "dist_to_sma_20": {
      "mean": 0.004602472623295014,
      "std": 0.05290962354820596
    },
    "dist_to_sma_50": {
      "mean": 0.010731058703916408,
      "std": 0.08539013674737697
    },
    "sma_20_sma_50_ratio": {
      "mean": 0.005226917093379072,
      "std": 0.05224789997629987
    },
    "volume_z_score_20": {
      "mean": -0.0125483186461708,
      "std": 1.0827868334185846
    },
    "atr_pct_14": {
      "mean": 2.4030743580045004,
      "std": 1.0073434772557381
    },
    "realized_volatility_20": {
      "mean": 0.07528347622182462,
      "std": 0.04036296399305423
    },
    "rsi_14": {
      "mean": 52.99957951900785,
      "std": 13.464407858805865
    },
    "bollinger_percent_b_20_2": {
      "mean": 0.5578116502679442,
      "std": 0.34134997568249825
    },
    "bollinger_bandwidth_20_2": {
      "mean": 0.12493472575603566,
      "std": 0.09241822445758935
    },
    "macd_hist_12_26_9": {
      "mean": 0.02832094079809916,
      "std": 1.2542447081990282
    },
    "up_streak_10": {
      "mean": 0.11903409090909091,
      "std": 0.15669229754693492
    },
    "vol_of_vol_20": {
      "mean": 0.004073207138540449,
      "std": 0.003751387940761132
    },
    "downside_upside_vol_ratio_20": {
      "mean": 1.0149686088096137,
      "std": 0.7230171138939195
    }
  },
  "TRAIN_WINDOW": "2017-01-01 -> 2023-12-31",
  "LABEL_CONTRACT": "TripleBarrier.ATR.daily.v1",
  "MODEL_HASH": "baeaf8bd5343cc30a14a4ea0ed0520252bf4fe9d23cd4a1d3630d41f201d9b40",
  "RANDOM_SEED": 42
}
