{
  "ticker": "NOW",
  "best_params": {
    "hidden": 32,
    "lr": 0.001,
    "dropout": 0.3,
    "weight_decay": 0.0001,
    "num_layers": 1,
    "refit_epochs": 4
  },
  "kelly_fraction": null,
  "THRESHOLD_ENTRY": 0.58,
  "DIRECTION_MODE": "both",
  "CALIBRATION": {
    "theta_entry": 0.58,
    "kelly_fraction": null,
    "direction_mode": "both",
    "oof_trades": 43,
    "trade_floor_met": true,
    "oof_log_growth": 0.406862945984944
  },
  "cv_auc_pr": 0.47469453235771497,
  "cv_folds": 4,
  "SEQ_LEN": 60,
  "FEATURE_MANIFEST": [
    "log_return_1",
    "log_return_5",
    "log_return_20",
    "dist_to_sma_20",
    "dist_to_sma_50",
    "sma_20_sma_50_ratio",
    "volume_z_score_20",
    "atr_pct_14",
    "realized_volatility_20",
    "rsi_14",
    "bollinger_percent_b_20_2",
    "bollinger_bandwidth_20_2",
    "macd_hist_12_26_9",
    "xas_mkt_lead_ret_1",
    "illiquidity_amihud_20",
    "day_range_pos_20"
  ],
  "NORM_STATS": {
    "log_return_1": {
      "mean": 0.0012795251411171675,
      "std": 0.025090927745130435
    },
    "log_return_5": {
      "mean": 0.00633782213032896,
      "std": 0.05253598475899711
    },
    "log_return_20": {
      "mean": 0.02496158423092395,
      "std": 0.09383190533579017
    },
    "dist_to_sma_20": {
      "mean": 0.012582988713891378,
      "std": 0.053729784108711647
    },
    "dist_to_sma_50": {
      "mean": 0.031350327296214925,
      "std": 0.07895412257504876
    },
    "sma_20_sma_50_ratio": {
      "mean": 0.01803485501906887,
      "std": 0.04714691986765065
    },
    "volume_z_score_20": {
      "mean": 0.00599891812418164,
      "std": 1.0793031434641374
    },
    "atr_pct_14": {
      "mean": 3.31855005361202,
      "std": 1.203092001605141
    },
    "realized_volatility_20": {
      "mean": 0.10153486348149568,
      "std": 0.04299008273819469
    },
    "rsi_14": {
      "mean": 55.23149287266896,
      "std": 11.489648166919439
    },
    "bollinger_percent_b_20_2": {
      "mean": 0.587812104426079,
      "std": 0.3198180533473602
    },
    "bollinger_bandwidth_20_2": {
      "mean": 0.14981893440622027,
      "std": 0.07061187878202527
    },
    "macd_hist_12_26_9": {
      "mean": 0.008246207293759763,
      "std": 0.6269385147378017
    },
    "xas_mkt_lead_ret_1": {
      "mean": 0.0003881531228820794,
      "std": 0.012751155237957954
    },
    "illiquidity_amihud_20": {
      "mean": 0.0011293367747184928,
      "std": 0.00048601030979102355
    },
    "day_range_pos_20": {
      "mean": 0.6061894848563177,
      "std": 0.2926755833375051
    }
  },
  "TRAIN_WINDOW": "2017-01-01 -> 2023-12-31",
  "LABEL_CONTRACT": "TripleBarrier.ATR.daily.v1",
  "MODEL_HASH": "4b75fd3acc2beaa482dfdaa1944bf93c99c30a31915d3bf00ae7db9ddf7e4bc4",
  "RANDOM_SEED": 42
}
