{
  "ticker": "PAYX",
  "best_params": {
    "hidden": 32,
    "lr": 0.001,
    "dropout": 0.3,
    "weight_decay": 0.0001,
    "num_layers": 1,
    "refit_epochs": 4
  },
  "kelly_fraction": null,
  "THRESHOLD_ENTRY": 0.5,
  "DIRECTION_MODE": "long_only",
  "CALIBRATION": {
    "theta_entry": 0.5,
    "kelly_fraction": null,
    "direction_mode": "long_only",
    "oof_trades": 101,
    "trade_floor_met": true,
    "oof_log_growth": 0.3691318075099823
  },
  "cv_auc_pr": 0.5043378305706967,
  "cv_folds": 4,
  "SEQ_LEN": 60,
  "FEATURE_MANIFEST": [
    "log_return_1",
    "log_return_5",
    "log_return_20",
    "dist_to_sma_20",
    "dist_to_sma_50",
    "sma_20_sma_50_ratio",
    "volume_z_score_20",
    "atr_pct_14",
    "realized_volatility_20",
    "rsi_14",
    "bollinger_percent_b_20_2",
    "bollinger_bandwidth_20_2",
    "macd_hist_12_26_9",
    "momentum_60",
    "close_position_in_range",
    "up_streak_10",
    "price_volume_rank_divergence",
    "momentum_acceleration_10"
  ],
  "NORM_STATS": {
    "log_return_1": {
      "mean": 0.00038137879251268165,
      "std": 0.016710165621024935
    },
    "log_return_5": {
      "mean": 0.0018931171026281973,
      "std": 0.03349890862562186
    },
    "log_return_20": {
      "mean": 0.008122420696188636,
      "std": 0.06777392676681003
    },
    "dist_to_sma_20": {
      "mean": 0.004099897054033505,
      "std": 0.03681971276423986
    },
    "dist_to_sma_50": {
      "mean": 0.010724528460259558,
      "std": 0.05642879291384502
    },
    "sma_20_sma_50_ratio": {
      "mean": 0.006286662688121211,
      "std": 0.03518367516032858
    },
    "volume_z_score_20": {
      "mean": 0.0038604840600920637,
      "std": 1.1051483490636531
    },
    "atr_pct_14": {
      "mean": 2.052852135751948,
      "std": 1.0463972801902863
    },
    "realized_volatility_20": {
      "mean": 0.06043037452867008,
      "std": 0.04073376760982778
    },
    "rsi_14": {
      "mean": 53.46867323320166,
      "std": 12.061091052661721
    },
    "bollinger_percent_b_20_2": {
      "mean": 0.5671339247474341,
      "std": 0.33028027741900756
    },
    "bollinger_bandwidth_20_2": {
      "mean": 0.09106025411972951,
      "std": 0.06088665503628679
    },
    "macd_hist_12_26_9": {
      "mean": 0.000299576691869722,
      "std": 0.4984621772836275
    },
    "momentum_60": {
      "mean": 0.024618139983181,
      "std": 0.10191412713746104
    },
    "close_position_in_range": {
      "mean": 0.5394789019822828,
      "std": 0.3036786721429965
    },
    "up_streak_10": {
      "mean": 0.10829545454545456,
      "std": 0.1431760009640796
    },
    "price_volume_rank_divergence": {
      "mean": 0.09988636363636365,
      "std": 0.5016103200923407
    },
    "momentum_acceleration_10": {
      "mean": -0.0002641720039565387,
      "std": 0.06676805628861049
    }
  },
  "TRAIN_WINDOW": "2017-01-01 -> 2023-12-31",
  "LABEL_CONTRACT": "TripleBarrier.ATR.daily.v1",
  "MODEL_HASH": "3368e28b82152997f828ec7ab658f3a4114ea47a9cfd63871db0350dd7f2e5de",
  "RANDOM_SEED": 42
}
