{
  "ticker": "BEN",
  "best_params": {
    "hidden": 32,
    "lr": 0.001,
    "dropout": 0.3,
    "weight_decay": 0.0001,
    "num_layers": 1,
    "refit_epochs": 4
  },
  "kelly_fraction": null,
  "THRESHOLD_ENTRY": 0.5,
  "DIRECTION_MODE": "long_only",
  "CALIBRATION": {
    "theta_entry": 0.5,
    "kelly_fraction": null,
    "direction_mode": "long_only",
    "oof_trades": 98,
    "trade_floor_met": true,
    "oof_log_growth": -0.10315501316067399
  },
  "cv_auc_pr": 0.42727758479596384,
  "cv_folds": 4,
  "SEQ_LEN": 60,
  "FEATURE_MANIFEST": [
    "log_return_1",
    "log_return_5",
    "log_return_20",
    "dist_to_sma_20",
    "dist_to_sma_50",
    "sma_20_sma_50_ratio",
    "volume_z_score_20",
    "atr_pct_14",
    "realized_volatility_20",
    "rsi_14",
    "bollinger_percent_b_20_2",
    "bollinger_bandwidth_20_2",
    "macd_hist_12_26_9",
    "atr_ratio_5_20",
    "overnight_intraday_spread_20"
  ],
  "NORM_STATS": {
    "log_return_1": {
      "mean": -0.00016159306499593867,
      "std": 0.02151666644360566
    },
    "log_return_5": {
      "mean": -0.0008102225539862537,
      "std": 0.04632191695946668
    },
    "log_return_20": {
      "mean": -0.004104984535886914,
      "std": 0.0916527202615879
    },
    "dist_to_sma_20": {
      "mean": -0.001113295734118466,
      "std": 0.0511776649145959
    },
    "dist_to_sma_50": {
      "mean": -0.003963769707896928,
      "std": 0.07829969386277054
    },
    "sma_20_sma_50_ratio": {
      "mean": -0.003511530626699763,
      "std": 0.04764630770876201
    },
    "volume_z_score_20": {
      "mean": 0.017254133454607364,
      "std": 1.0838254724695835
    },
    "atr_pct_14": {
      "mean": 2.7986241268800014,
      "std": 1.1870832664404547
    },
    "realized_volatility_20": {
      "mean": 0.08479429303297716,
      "std": 0.04029397574382959
    },
    "rsi_14": {
      "mean": 49.45865132903524,
      "std": 11.870836574196614
    },
    "bollinger_percent_b_20_2": {
      "mean": 0.49439483346987745,
      "std": 0.3401404157796434
    },
    "bollinger_bandwidth_20_2": {
      "mean": 0.1299100378185893,
      "std": 0.07561557579594252
    },
    "macd_hist_12_26_9": {
      "mean": 0.0017895946962138314,
      "std": 0.2006187321268049
    },
    "atr_ratio_5_20": {
      "mean": 0.9902101307961957,
      "std": 0.15277939733459364
    },
    "overnight_intraday_spread_20": {
      "mean": 0.0009841289178905558,
      "std": 0.005172837696999779
    }
  },
  "TRAIN_WINDOW": "2017-01-01 -> 2023-12-31",
  "LABEL_CONTRACT": "TripleBarrier.ATR.daily.v1",
  "MODEL_HASH": "6359efc7267e50604464d44f464547b319621beff127f16db7253427c8454df1",
  "RANDOM_SEED": 42
}
