{
  "ticker": "GWW",
  "best_params": {
    "hidden": 32,
    "lr": 0.001,
    "dropout": 0.3,
    "weight_decay": 0.0001,
    "num_layers": 1,
    "refit_epochs": 4
  },
  "kelly_fraction": null,
  "THRESHOLD_ENTRY": 0.52,
  "DIRECTION_MODE": "both",
  "CALIBRATION": {
    "theta_entry": 0.52,
    "kelly_fraction": null,
    "direction_mode": "both",
    "oof_trades": 68,
    "trade_floor_met": true,
    "oof_log_growth": 0.3765486590078233
  },
  "cv_auc_pr": 0.4672478031996615,
  "cv_folds": 4,
  "SEQ_LEN": 60,
  "FEATURE_MANIFEST": [
    "log_return_1",
    "log_return_5",
    "log_return_20",
    "dist_to_sma_20",
    "dist_to_sma_50",
    "sma_20_sma_50_ratio",
    "volume_z_score_20",
    "atr_pct_14",
    "realized_volatility_20",
    "rsi_14",
    "bollinger_percent_b_20_2",
    "bollinger_bandwidth_20_2",
    "macd_hist_12_26_9",
    "momentum_60",
    "drawdown_from_max_60",
    "rsi_2",
    "overnight_intraday_spread_20"
  ],
  "NORM_STATS": {
    "log_return_1": {
      "mean": 0.0007232935661413599,
      "std": 0.01915336089512642
    },
    "log_return_5": {
      "mean": 0.0035815057093657675,
      "std": 0.04135494934576328
    },
    "log_return_20": {
      "mean": 0.014113863205518593,
      "std": 0.08322559629298541
    },
    "dist_to_sma_20": {
      "mean": 0.007254548745400792,
      "std": 0.04603275132438572
    },
    "dist_to_sma_50": {
      "mean": 0.01882481862711631,
      "std": 0.0737342125452923
    },
    "sma_20_sma_50_ratio": {
      "mean": 0.010840933022374915,
      "std": 0.04502483834306941
    },
    "volume_z_score_20": {
      "mean": 0.011023023285774643,
      "std": 1.0893864309660708
    },
    "atr_pct_14": {
      "mean": 2.415061483786256,
      "std": 0.7722143497086617
    },
    "realized_volatility_20": {
      "mean": 0.07507439885419262,
      "std": 0.03680578335972367
    },
    "rsi_14": {
      "mean": 52.7390348148583,
      "std": 13.123502521315578
    },
    "bollinger_percent_b_20_2": {
      "mean": 0.5425253668178921,
      "std": 0.34385743633052274
    },
    "bollinger_bandwidth_20_2": {
      "mean": 0.11684037200045307,
      "std": 0.06901584689481254
    },
    "macd_hist_12_26_9": {
      "mean": 0.0225203298356365,
      "std": 2.580376279313145
    },
    "momentum_60": {
      "mean": 0.04240732746079527,
      "std": 0.14007442273698037
    },
    "drawdown_from_max_60": {
      "mean": -0.06867501099075803,
      "std": 0.06929114758972274
    },
    "rsi_2": {
      "mean": 53.07419294794718,
      "std": 31.010670763393044
    },
    "overnight_intraday_spread_20": {
      "mean": 0.00010517409718914946,
      "std": 0.004108165386915208
    }
  },
  "TRAIN_WINDOW": "2017-01-01 -> 2023-12-31",
  "LABEL_CONTRACT": "TripleBarrier.ATR.daily.v1",
  "MODEL_HASH": "62859b677ee27f01cdbb0d4880c60a838428e377c714a86d7f4cdce2753f5ff5",
  "RANDOM_SEED": 42
}
