{
  "ticker": "AME",
  "best_params": {
    "hidden": 32,
    "lr": 0.001,
    "dropout": 0.3,
    "weight_decay": 0.0001,
    "num_layers": 1,
    "refit_epochs": 4
  },
  "kelly_fraction": null,
  "THRESHOLD_ENTRY": 0.54,
  "DIRECTION_MODE": "both",
  "CALIBRATION": {
    "theta_entry": 0.54,
    "kelly_fraction": null,
    "direction_mode": "both",
    "oof_trades": 57,
    "trade_floor_met": true,
    "oof_log_growth": 0.45326008051659433
  },
  "cv_auc_pr": 0.4914315899907466,
  "cv_folds": 4,
  "SEQ_LEN": 60,
  "FEATURE_MANIFEST": [
    "log_return_1",
    "log_return_5",
    "log_return_20",
    "dist_to_sma_20",
    "dist_to_sma_50",
    "sma_20_sma_50_ratio",
    "volume_z_score_20",
    "atr_pct_14",
    "realized_volatility_20",
    "rsi_14",
    "bollinger_percent_b_20_2",
    "bollinger_bandwidth_20_2",
    "macd_hist_12_26_9",
    "atr_ratio_5_20",
    "stoch_k_14",
    "dist_to_sma_10",
    "xas_rs_mkt_20"
  ],
  "NORM_STATS": {
    "log_return_1": {
      "mean": 0.000694005291963359,
      "std": 0.01602660711784092
    },
    "log_return_5": {
      "mean": 0.003442537794942829,
      "std": 0.03346195276702636
    },
    "log_return_20": {
      "mean": 0.013397117231760479,
      "std": 0.06668920122547073
    },
    "dist_to_sma_20": {
      "mean": 0.006773651577143219,
      "std": 0.03662784160349627
    },
    "dist_to_sma_50": {
      "mean": 0.017220146439134353,
      "std": 0.055922168457092226
    },
    "sma_20_sma_50_ratio": {
      "mean": 0.010066545805519422,
      "std": 0.03457545198181899
    },
    "volume_z_score_20": {
      "mean": -0.0006809804933140399,
      "std": 1.07882205524456
    },
    "atr_pct_14": {
      "mean": 1.9648761544273092,
      "std": 0.9627232119050294
    },
    "realized_volatility_20": {
      "mean": 0.05871139604805319,
      "std": 0.038342929108004714
    },
    "rsi_14": {
      "mean": 54.732361832686756,
      "std": 11.8241851757246
    },
    "bollinger_percent_b_20_2": {
      "mean": 0.5803609098533361,
      "std": 0.33000258411668326
    },
    "bollinger_bandwidth_20_2": {
      "mean": 0.0903255025495753,
      "std": 0.06291078914883966
    },
    "macd_hist_12_26_9": {
      "mean": 0.005898969666823849,
      "std": 0.5155652146881936
    },
    "atr_ratio_5_20": {
      "mean": 1.000399924100677,
      "std": 0.15705285952558645
    },
    "stoch_k_14": {
      "mean": 59.47167152176252,
      "std": 29.64507234462149
    },
    "dist_to_sma_10": {
      "mean": 0.0032295004942198393,
      "std": 0.025132693002484812
    },
    "xas_rs_mkt_20": {
      "mean": 0.005939989151541383,
      "std": 0.030527191979610343
    }
  },
  "TRAIN_WINDOW": "2017-01-01 -> 2023-12-31",
  "LABEL_CONTRACT": "TripleBarrier.ATR.daily.v1",
  "MODEL_HASH": "19f1c0f5b1823b80868e80d5b2258e9c20d32f94bc2827a4919fa89c5717364f",
  "RANDOM_SEED": 42
}
