{
  "ticker": "LOW",
  "best_params": {
    "hidden": 32,
    "lr": 0.001,
    "dropout": 0.3,
    "weight_decay": 0.0001,
    "num_layers": 1,
    "refit_epochs": 4
  },
  "kelly_fraction": null,
  "THRESHOLD_ENTRY": 0.5,
  "DIRECTION_MODE": "long_only",
  "CALIBRATION": {
    "theta_entry": 0.5,
    "kelly_fraction": null,
    "direction_mode": "long_only",
    "oof_trades": 98,
    "trade_floor_met": true,
    "oof_log_growth": 0.2501400595643176
  },
  "cv_auc_pr": 0.4936188361485668,
  "cv_folds": 4,
  "SEQ_LEN": 60,
  "FEATURE_MANIFEST": [
    "log_return_1",
    "log_return_5",
    "log_return_20",
    "dist_to_sma_20",
    "dist_to_sma_50",
    "sma_20_sma_50_ratio",
    "volume_z_score_20",
    "atr_pct_14",
    "realized_volatility_20",
    "rsi_14",
    "bollinger_percent_b_20_2",
    "bollinger_bandwidth_20_2",
    "macd_hist_12_26_9",
    "momentum_60",
    "close_position_in_range",
    "atr_ratio_5_20",
    "mr_dist_atr_20",
    "vol_of_vol_20",
    "downside_upside_vol_ratio_20"
  ],
  "NORM_STATS": {
    "log_return_1": {
      "mean": 0.0006478881092668299,
      "std": 0.019906820934893817
    },
    "log_return_5": {
      "mean": 0.0032207565008164746,
      "std": 0.044688994523028935
    },
    "log_return_20": {
      "mean": 0.012307681195203354,
      "std": 0.08876368202916422
    },
    "dist_to_sma_20": {
      "mean": 0.006542978650412529,
      "std": 0.047761797830813635
    },
    "dist_to_sma_50": {
      "mean": 0.016403268903260312,
      "std": 0.0761927052494343
    },
    "sma_20_sma_50_ratio": {
      "mean": 0.009154110929500862,
      "std": 0.04697305016041003
    },
    "volume_z_score_20": {
      "mean": -0.020866910619592834,
      "std": 1.0910416728369083
    },
    "atr_pct_14": {
      "mean": 2.414601567610648,
      "std": 1.0450719383704816
    },
    "realized_volatility_20": {
      "mean": 0.07426366713381398,
      "std": 0.04484499501797977
    },
    "rsi_14": {
      "mean": 53.61686532710608,
      "std": 12.882364152463804
    },
    "bollinger_percent_b_20_2": {
      "mean": 0.5600004100285255,
      "std": 0.33736819874388757
    },
    "bollinger_bandwidth_20_2": {
      "mean": 0.11859843059461946,
      "std": 0.07839314270088103
    },
    "macd_hist_12_26_9": {
      "mean": 0.011807386498180262,
      "std": 0.9199296379155125
    },
    "momentum_60": {
      "mean": 0.03589373399210896,
      "std": 0.1396821072266402
    },
    "close_position_in_range": {
      "mean": 0.5053484716741705,
      "std": 0.3056517525874489
    },
    "atr_ratio_5_20": {
      "mean": 0.9998468572792589,
      "std": 0.17016313151361506
    },
    "mr_dist_atr_20": {
      "mean": 0.35359220558983046,
      "std": 1.7718775293596642
    },
    "vol_of_vol_20": {
      "mean": 0.004417315803142809,
      "std": 0.004292124671897749
    },
    "downside_upside_vol_ratio_20": {
      "mean": 0.9946954675911707,
      "std": 0.5759643666743698
    }
  },
  "TRAIN_WINDOW": "2017-01-01 -> 2023-12-31",
  "LABEL_CONTRACT": "TripleBarrier.ATR.daily.v1",
  "MODEL_HASH": "4beffa541391691eb91338e6f4656317494a4f988d52e658010468fdbd001ce9",
  "RANDOM_SEED": 42
}
