{
  "ticker": "AIZ",
  "best_params": {
    "hidden": 32,
    "lr": 0.001,
    "dropout": 0.3,
    "weight_decay": 0.0001,
    "num_layers": 1,
    "refit_epochs": 4
  },
  "kelly_fraction": null,
  "THRESHOLD_ENTRY": 0.5,
  "DIRECTION_MODE": "both",
  "CALIBRATION": {
    "theta_entry": 0.5,
    "kelly_fraction": null,
    "direction_mode": "both",
    "oof_trades": 107,
    "trade_floor_met": true,
    "oof_log_growth": 0.42467582131306114
  },
  "cv_auc_pr": 0.5305855669160475,
  "cv_folds": 4,
  "SEQ_LEN": 60,
  "FEATURE_MANIFEST": [
    "log_return_1",
    "log_return_5",
    "log_return_20",
    "dist_to_sma_20",
    "dist_to_sma_50",
    "sma_20_sma_50_ratio",
    "volume_z_score_20",
    "atr_pct_14",
    "realized_volatility_20",
    "rsi_14",
    "bollinger_percent_b_20_2",
    "bollinger_bandwidth_20_2",
    "macd_hist_12_26_9",
    "dist_to_sma_200",
    "downside_upside_vol_ratio_20"
  ],
  "NORM_STATS": {
    "log_return_1": {
      "mean": 0.0003382897701690804,
      "std": 0.01798463983868738
    },
    "log_return_5": {
      "mean": 0.0016591728047227598,
      "std": 0.03789101160678304
    },
    "log_return_20": {
      "mean": 0.006847039931267728,
      "std": 0.07272001801740091
    },
    "dist_to_sma_20": {
      "mean": 0.0035525907046013955,
      "std": 0.040192010438305774
    },
    "dist_to_sma_50": {
      "mean": 0.009470582454748412,
      "std": 0.060734592743212926
    },
    "sma_20_sma_50_ratio": {
      "mean": 0.005532802400705522,
      "std": 0.0370031390509581
    },
    "volume_z_score_20": {
      "mean": -0.011078366644082172,
      "std": 1.073729740206789
    },
    "atr_pct_14": {
      "mean": 2.1793568546384434,
      "std": 0.9180326074973525
    },
    "realized_volatility_20": {
      "mean": 0.06737354213898662,
      "std": 0.04074782504367519
    },
    "rsi_14": {
      "mean": 52.64020318982725,
      "std": 11.657019289242406
    },
    "bollinger_percent_b_20_2": {
      "mean": 0.5546602503649707,
      "std": 0.33430209285173895
    },
    "bollinger_bandwidth_20_2": {
      "mean": 0.09991135679094718,
      "std": 0.06884077807506375
    },
    "macd_hist_12_26_9": {
      "mean": -0.0006958240295557345,
      "std": 0.6796944845615432
    },
    "dist_to_sma_200": {
      "mean": 0.03318144485989834,
      "std": 0.11719866473177366
    },
    "downside_upside_vol_ratio_20": {
      "mean": 0.991408177953402,
      "std": 0.4942442064221994
    }
  },
  "TRAIN_WINDOW": "2017-01-01 -> 2023-12-31",
  "LABEL_CONTRACT": "TripleBarrier.ATR.daily.v1",
  "MODEL_HASH": "d3ad8d6dd3f3dc708545a99459839c1ad8755540ee92b3f8ccc4f849cd402ab0",
  "RANDOM_SEED": 42
}
