{
  "ticker": "DOC",
  "best_params": {
    "hidden": 32,
    "lr": 0.001,
    "dropout": 0.3,
    "weight_decay": 0.0001,
    "num_layers": 1,
    "refit_epochs": 4
  },
  "kelly_fraction": null,
  "THRESHOLD_ENTRY": 0.54,
  "DIRECTION_MODE": "both",
  "CALIBRATION": {
    "theta_entry": 0.54,
    "kelly_fraction": null,
    "direction_mode": "both",
    "oof_trades": 50,
    "trade_floor_met": true,
    "oof_log_growth": 0.22642236395807375
  },
  "cv_auc_pr": 0.5395159034166562,
  "cv_folds": 4,
  "SEQ_LEN": 60,
  "FEATURE_MANIFEST": [
    "log_return_1",
    "log_return_5",
    "log_return_20",
    "dist_to_sma_20",
    "dist_to_sma_50",
    "sma_20_sma_50_ratio",
    "volume_z_score_20",
    "atr_pct_14",
    "realized_volatility_20",
    "rsi_14",
    "bollinger_percent_b_20_2",
    "bollinger_bandwidth_20_2",
    "macd_hist_12_26_9",
    "close_position_in_range",
    "dist_to_high_252",
    "dist_from_low_20",
    "price_volume_rank_divergence",
    "vol_scaled_momentum_20"
  ],
  "NORM_STATS": {
    "log_return_1": {
      "mean": -0.00023181161951728134,
      "std": 0.019598072074003343
    },
    "log_return_5": {
      "mean": -0.0010989254944778208,
      "std": 0.043241468017980546
    },
    "log_return_20": {
      "mean": -0.004882095664106424,
      "std": 0.08379930362537748
    },
    "dist_to_sma_20": {
      "mean": -0.001712034329552679,
      "std": 0.045184895315912
    },
    "dist_to_sma_50": {
      "mean": -0.005508027768890636,
      "std": 0.06702876962518425
    },
    "sma_20_sma_50_ratio": {
      "mean": -0.00426429329517677,
      "std": 0.041747393510659814
    },
    "volume_z_score_20": {
      "mean": 0.02197203985839644,
      "std": 1.0854067417676876
    },
    "atr_pct_14": {
      "mean": 2.475412775132792,
      "std": 1.3244503210140977
    },
    "realized_volatility_20": {
      "mean": 0.07145173569056577,
      "std": 0.04710876914417084
    },
    "rsi_14": {
      "mean": 49.93693171900219,
      "std": 11.746146012570595
    },
    "bollinger_percent_b_20_2": {
      "mean": 0.5152607518361393,
      "std": 0.33423807622014323
    },
    "bollinger_bandwidth_20_2": {
      "mean": 0.10901713697037341,
      "std": 0.08253360386042685
    },
    "macd_hist_12_26_9": {
      "mean": 0.0022971111518708203,
      "std": 0.17843935397778848
    },
    "close_position_in_range": {
      "mean": 0.5216699349266726,
      "std": 0.3160596820756693
    },
    "dist_to_high_252": {
      "mean": -0.1937849836421838,
      "std": 0.12333683136271033
    },
    "dist_from_low_20": {
      "mean": 0.06258087708696801,
      "std": 0.0567072589984499
    },
    "price_volume_rank_divergence": {
      "mean": 0.040482954545454544,
      "std": 0.48792411009239184
    },
    "vol_scaled_momentum_20": {
      "mean": 0.13423617666293386,
      "std": 4.348355359010721
    }
  },
  "TRAIN_WINDOW": "2017-01-01 -> 2023-12-31",
  "LABEL_CONTRACT": "TripleBarrier.ATR.daily.v1",
  "MODEL_HASH": "33c399852ba98eac0e1cf99105dd7f85de8c8e5ec6bbf1830faf5157167b3227",
  "RANDOM_SEED": 42
}
