{
  "ticker": "NWS",
  "best_params": {
    "hidden": 32,
    "lr": 0.001,
    "dropout": 0.3,
    "weight_decay": 0.0001,
    "num_layers": 1,
    "refit_epochs": 4
  },
  "kelly_fraction": null,
  "THRESHOLD_ENTRY": 0.52,
  "DIRECTION_MODE": "both",
  "CALIBRATION": {
    "theta_entry": 0.52,
    "kelly_fraction": null,
    "direction_mode": "both",
    "oof_trades": 78,
    "trade_floor_met": true,
    "oof_log_growth": 0.31817475571162906
  },
  "cv_auc_pr": 0.4267728357025265,
  "cv_folds": 4,
  "SEQ_LEN": 60,
  "FEATURE_MANIFEST": [
    "log_return_1",
    "log_return_5",
    "log_return_20",
    "dist_to_sma_20",
    "dist_to_sma_50",
    "sma_20_sma_50_ratio",
    "volume_z_score_20",
    "atr_pct_14",
    "realized_volatility_20",
    "rsi_14",
    "bollinger_percent_b_20_2",
    "bollinger_bandwidth_20_2",
    "macd_hist_12_26_9",
    "close_position_in_range",
    "drawdown_from_max_60"
  ],
  "NORM_STATS": {
    "log_return_1": {
      "mean": 0.0004427098681237509,
      "std": 0.020107475980765045
    },
    "log_return_5": {
      "mean": 0.0021325148567939026,
      "std": 0.04390207735839757
    },
    "log_return_20": {
      "mean": 0.00782099076724544,
      "std": 0.09200147888013095
    },
    "dist_to_sma_20": {
      "mean": 0.004474740588862161,
      "std": 0.050005803006782965
    },
    "dist_to_sma_50": {
      "mean": 0.010953561681533485,
      "std": 0.08193726470287334
    },
    "sma_20_sma_50_ratio": {
      "mean": 0.005614394751850394,
      "std": 0.051047326688583756
    },
    "volume_z_score_20": {
      "mean": 0.026191876314883226,
      "std": 1.0831310282039783
    },
    "atr_pct_14": {
      "mean": 2.630567270551512,
      "std": 1.0313373949068327
    },
    "realized_volatility_20": {
      "mean": 0.07839040670619003,
      "std": 0.03892506242463388
    },
    "rsi_14": {
      "mean": 52.11952790808821,
      "std": 12.064162628315843
    },
    "bollinger_percent_b_20_2": {
      "mean": 0.5352745152792275,
      "std": 0.3377943769922181
    },
    "bollinger_bandwidth_20_2": {
      "mean": 0.12111393688573799,
      "std": 0.07978195445378847
    },
    "macd_hist_12_26_9": {
      "mean": 0.0017713436569730546,
      "std": 0.10808262628947159
    },
    "close_position_in_range": {
      "mean": 0.514386650399408,
      "std": 0.3057591432774207
    },
    "drawdown_from_max_60": {
      "mean": -0.0792541939194705,
      "std": 0.08148857193583114
    }
  },
  "TRAIN_WINDOW": "2017-01-01 -> 2023-12-31",
  "LABEL_CONTRACT": "TripleBarrier.ATR.daily.v1",
  "MODEL_HASH": "4411f352a9801c6a4c74d417d94e4e55025db21ba918c17edf609d59790fe144",
  "RANDOM_SEED": 42
}
