{
  "ticker": "CPT",
  "best_params": {
    "hidden": 32,
    "lr": 0.001,
    "dropout": 0.3,
    "weight_decay": 0.0001,
    "num_layers": 1,
    "refit_epochs": 4
  },
  "kelly_fraction": null,
  "THRESHOLD_ENTRY": 0.56,
  "DIRECTION_MODE": "both",
  "CALIBRATION": {
    "theta_entry": 0.56,
    "kelly_fraction": null,
    "direction_mode": "both",
    "oof_trades": 31,
    "trade_floor_met": true,
    "oof_log_growth": 0.13067077155187332
  },
  "cv_auc_pr": 0.4579387779790398,
  "cv_folds": 4,
  "SEQ_LEN": 60,
  "FEATURE_MANIFEST": [
    "log_return_1",
    "log_return_5",
    "log_return_20",
    "dist_to_sma_20",
    "dist_to_sma_50",
    "sma_20_sma_50_ratio",
    "volume_z_score_20",
    "atr_pct_14",
    "realized_volatility_20",
    "rsi_14",
    "bollinger_percent_b_20_2",
    "bollinger_bandwidth_20_2",
    "macd_hist_12_26_9",
    "volume_trend_5_20",
    "drawdown_from_max_60"
  ],
  "NORM_STATS": {
    "log_return_1": {
      "mean": 9.453229800138227e-05,
      "std": 0.016266938818360475
    },
    "log_return_5": {
      "mean": 0.0004917137246943666,
      "std": 0.03505367645948746
    },
    "log_return_20": {
      "mean": 0.0019874874271185337,
      "std": 0.06852367824402252
    },
    "dist_to_sma_20": {
      "mean": 0.0012839873522056016,
      "std": 0.03699469993808992
    },
    "dist_to_sma_50": {
      "mean": 0.0029863646295405846,
      "std": 0.057497085451054385
    },
    "sma_20_sma_50_ratio": {
      "mean": 0.0013315436556609686,
      "std": 0.03570183855349797
    },
    "volume_z_score_20": {
      "mean": 0.014312944445791074,
      "std": 1.0809510165358769
    },
    "atr_pct_14": {
      "mean": 2.125872657112545,
      "std": 1.0812453286674175
    },
    "realized_volatility_20": {
      "mean": 0.05959373977889666,
      "std": 0.03861434914216754
    },
    "rsi_14": {
      "mean": 52.085279756156375,
      "std": 11.438442032965307
    },
    "bollinger_percent_b_20_2": {
      "mean": 0.5513498414612951,
      "std": 0.32631622354026435
    },
    "bollinger_bandwidth_20_2": {
      "mean": 0.08927995717100214,
      "std": 0.06758106677237871
    },
    "macd_hist_12_26_9": {
      "mean": 0.002554870716406098,
      "std": 0.5628040885687746
    },
    "volume_trend_5_20": {
      "mean": 0.005832805855093932,
      "std": 0.24625844997991855
    },
    "drawdown_from_max_60": {
      "mean": -0.06311837489442737,
      "std": 0.07346065994938669
    }
  },
  "TRAIN_WINDOW": "2017-01-01 -> 2023-12-31",
  "LABEL_CONTRACT": "TripleBarrier.ATR.daily.v1",
  "MODEL_HASH": "a939a5b1dfa18204b04e0c370037ba2e79db9a960083f0cbcc00dc99246a9733",
  "RANDOM_SEED": 42
}
