{
  "ticker": "ORLY",
  "best_params": {
    "hidden": 32,
    "lr": 0.001,
    "dropout": 0.3,
    "weight_decay": 0.0001,
    "num_layers": 1,
    "refit_epochs": 4
  },
  "kelly_fraction": null,
  "THRESHOLD_ENTRY": 0.5,
  "DIRECTION_MODE": "both",
  "CALIBRATION": {
    "theta_entry": 0.5,
    "kelly_fraction": null,
    "direction_mode": "both",
    "oof_trades": 105,
    "trade_floor_met": true,
    "oof_log_growth": 0.12914644826041805
  },
  "cv_auc_pr": 0.5052365122015202,
  "cv_folds": 4,
  "SEQ_LEN": 60,
  "FEATURE_MANIFEST": [
    "log_return_1",
    "log_return_5",
    "log_return_20",
    "dist_to_sma_20",
    "dist_to_sma_50",
    "sma_20_sma_50_ratio",
    "volume_z_score_20",
    "atr_pct_14",
    "realized_volatility_20",
    "rsi_14",
    "bollinger_percent_b_20_2",
    "bollinger_bandwidth_20_2",
    "macd_hist_12_26_9",
    "momentum_60",
    "atr_ratio_5_20",
    "trend_efficiency_20"
  ],
  "NORM_STATS": {
    "log_return_1": {
      "mean": 0.000697688090742124,
      "std": 0.018191825841586257
    },
    "log_return_5": {
      "mean": 0.0034428647426125885,
      "std": 0.038658075531989265
    },
    "log_return_20": {
      "mean": 0.013998836570134513,
      "std": 0.07311512966242298
    },
    "dist_to_sma_20": {
      "mean": 0.006979888806836009,
      "std": 0.04067251382697743
    },
    "dist_to_sma_50": {
      "mean": 0.01837379154582661,
      "std": 0.062118681974130986
    },
    "sma_20_sma_50_ratio": {
      "mean": 0.010911591007618345,
      "std": 0.03783825155876633
    },
    "volume_z_score_20": {
      "mean": -0.0075344386003990205,
      "std": 1.0704942673993139
    },
    "atr_pct_14": {
      "mean": 2.286066691387473,
      "std": 0.8425264168556086
    },
    "realized_volatility_20": {
      "mean": 0.06882610678234834,
      "std": 0.04012997049696682
    },
    "rsi_14": {
      "mean": 53.91911837451919,
      "std": 11.818670186689163
    },
    "bollinger_percent_b_20_2": {
      "mean": 0.5626553609475569,
      "std": 0.3276589893696292
    },
    "bollinger_bandwidth_20_2": {
      "mean": 0.10265826661501071,
      "std": 0.0671966725297331
    },
    "macd_hist_12_26_9": {
      "mean": -0.0007916962640776144,
      "std": 0.1774598187217234
    },
    "momentum_60": {
      "mean": 0.04241225963846037,
      "std": 0.11598169014450668
    },
    "atr_ratio_5_20": {
      "mean": 1.0024608618482698,
      "std": 0.15301621488286413
    },
    "trend_efficiency_20": {
      "mean": 4.726336797094058,
      "std": 3.4595667341129817
    }
  },
  "TRAIN_WINDOW": "2017-01-01 -> 2023-12-31",
  "LABEL_CONTRACT": "TripleBarrier.ATR.daily.v1",
  "MODEL_HASH": "6c98e0611130db8d343e9d8f4ddcf9e32ec3390645cd78f986366f6203680df8",
  "RANDOM_SEED": 42
}
