{
  "ticker": "AVGO",
  "best_params": {
    "hidden": 32,
    "lr": 0.001,
    "dropout": 0.3,
    "weight_decay": 0.0001,
    "num_layers": 1,
    "refit_epochs": 4
  },
  "kelly_fraction": null,
  "THRESHOLD_ENTRY": 0.54,
  "DIRECTION_MODE": "both",
  "CALIBRATION": {
    "theta_entry": 0.54,
    "kelly_fraction": null,
    "direction_mode": "both",
    "oof_trades": 59,
    "trade_floor_met": true,
    "oof_log_growth": 0.39617503100611273
  },
  "cv_auc_pr": 0.47962128124699915,
  "cv_folds": 4,
  "SEQ_LEN": 60,
  "FEATURE_MANIFEST": [
    "log_return_1",
    "log_return_5",
    "log_return_20",
    "dist_to_sma_20",
    "dist_to_sma_50",
    "sma_20_sma_50_ratio",
    "volume_z_score_20",
    "atr_pct_14",
    "realized_volatility_20",
    "rsi_14",
    "bollinger_percent_b_20_2",
    "bollinger_bandwidth_20_2",
    "macd_hist_12_26_9",
    "close_position_in_range",
    "up_streak_10",
    "bb_percent_b_20"
  ],
  "NORM_STATS": {
    "log_return_1": {
      "mean": 0.0010472817138295215,
      "std": 0.0221482787189284
    },
    "log_return_5": {
      "mean": 0.005199561089371855,
      "std": 0.04643869147107299
    },
    "log_return_20": {
      "mean": 0.02027035987489606,
      "std": 0.08741756388329479
    },
    "dist_to_sma_20": {
      "mean": 0.010363041649151583,
      "std": 0.04891896604639767
    },
    "dist_to_sma_50": {
      "mean": 0.02590635554388957,
      "std": 0.07375520023930904
    },
    "sma_20_sma_50_ratio": {
      "mean": 0.014867106062606826,
      "std": 0.04410951725355241
    },
    "volume_z_score_20": {
      "mean": 0.014558344423768757,
      "std": 1.1126220340257489
    },
    "atr_pct_14": {
      "mean": 2.742871926515734,
      "std": 0.9870578299971341
    },
    "realized_volatility_20": {
      "mean": 0.08705078737801736,
      "std": 0.04265189294927578
    },
    "rsi_14": {
      "mean": 54.18499538982253,
      "std": 10.867177112364448
    },
    "bollinger_percent_b_20_2": {
      "mean": 0.5838360129641785,
      "std": 0.32185888410802793
    },
    "bollinger_bandwidth_20_2": {
      "mean": 0.12703837422749253,
      "std": 0.07615161872255306
    },
    "macd_hist_12_26_9": {
      "mean": 0.010769341512433524,
      "std": 0.3141396665086648
    },
    "close_position_in_range": {
      "mean": 0.5313043509743374,
      "std": 0.312335095505688
    },
    "up_streak_10": {
      "mean": 0.10613636363636364,
      "std": 0.13679307380610434
    },
    "bb_percent_b_20": {
      "mean": 0.5838190365978004,
      "std": 0.32184991919863837
    }
  },
  "TRAIN_WINDOW": "2017-01-01 -> 2023-12-31",
  "LABEL_CONTRACT": "TripleBarrier.ATR.daily.v1",
  "MODEL_HASH": "e28cd6853da4530fbfe0d41a3b9f7358067103a4c8acab24a727dd41acfb676a",
  "RANDOM_SEED": 42
}
