{
  "ticker": "TECH",
  "best_params": {
    "hidden": 32,
    "lr": 0.001,
    "dropout": 0.3,
    "weight_decay": 0.0001,
    "num_layers": 1,
    "refit_epochs": 4
  },
  "kelly_fraction": null,
  "THRESHOLD_ENTRY": 0.6,
  "DIRECTION_MODE": "both",
  "CALIBRATION": {
    "theta_entry": 0.6,
    "kelly_fraction": null,
    "direction_mode": "both",
    "oof_trades": 34,
    "trade_floor_met": true,
    "oof_log_growth": 0.2562727480493656
  },
  "cv_auc_pr": 0.4461446796167429,
  "cv_folds": 4,
  "SEQ_LEN": 60,
  "FEATURE_MANIFEST": [
    "log_return_1",
    "log_return_5",
    "log_return_20",
    "dist_to_sma_20",
    "dist_to_sma_50",
    "sma_20_sma_50_ratio",
    "volume_z_score_20",
    "atr_pct_14",
    "realized_volatility_20",
    "rsi_14",
    "bollinger_percent_b_20_2",
    "bollinger_bandwidth_20_2",
    "macd_hist_12_26_9",
    "ret_kurt_20",
    "xas_mkt_lead_ret_1",
    "illiquidity_amihud_20"
  ],
  "NORM_STATS": {
    "log_return_1": {
      "mean": 0.0006247822039258643,
      "std": 0.019790206103804102
    },
    "log_return_5": {
      "mean": 0.0031317034342665134,
      "std": 0.04462217307639002
    },
    "log_return_20": {
      "mean": 0.01157271755358508,
      "std": 0.08788271333809106
    },
    "dist_to_sma_20": {
      "mean": 0.006326924324733073,
      "std": 0.04918728879847148
    },
    "dist_to_sma_50": {
      "mean": 0.015012561387372739,
      "std": 0.07954690238932209
    },
    "sma_20_sma_50_ratio": {
      "mean": 0.007847877223487032,
      "std": 0.04750222067333856
    },
    "volume_z_score_20": {
      "mean": 0.016635448585128432,
      "std": 1.0916526564589673
    },
    "atr_pct_14": {
      "mean": 2.8301021212505204,
      "std": 0.8740619765082718
    },
    "realized_volatility_20": {
      "mean": 0.07990062283410915,
      "std": 0.03216973854198668
    },
    "rsi_14": {
      "mean": 52.89259866204731,
      "std": 12.36707936436101
    },
    "bollinger_percent_b_20_2": {
      "mean": 0.549649994588701,
      "std": 0.3363797550782638
    },
    "bollinger_bandwidth_20_2": {
      "mean": 0.1251878199107936,
      "std": 0.07183960627665414
    },
    "macd_hist_12_26_9": {
      "mean": 0.008366963852616757,
      "std": 0.5028275766434255
    },
    "ret_kurt_20": {
      "mean": 0.9268313133486498,
      "std": 2.205427516741465
    },
    "xas_mkt_lead_ret_1": {
      "mean": 0.00038949440588603837,
      "std": 0.0127582422789885
    },
    "illiquidity_amihud_20": {
      "mean": 0.00105570650622336,
      "std": 0.0004150144749879186
    }
  },
  "TRAIN_WINDOW": "2017-01-01 -> 2023-12-31",
  "LABEL_CONTRACT": "TripleBarrier.ATR.daily.v1",
  "MODEL_HASH": "d58a2dcae0959de90c8a239d4f2e9b09560e9c6d2a5d1b83cc95b1b7932d5c2d",
  "RANDOM_SEED": 42
}
