{
  "ticker": "TROW",
  "best_params": {
    "hidden": 32,
    "lr": 0.001,
    "dropout": 0.3,
    "weight_decay": 0.0001,
    "num_layers": 1,
    "refit_epochs": 4
  },
  "kelly_fraction": null,
  "THRESHOLD_ENTRY": 0.56,
  "DIRECTION_MODE": "both",
  "CALIBRATION": {
    "theta_entry": 0.56,
    "kelly_fraction": null,
    "direction_mode": "both",
    "oof_trades": 23,
    "trade_floor_met": true,
    "oof_log_growth": 0.043068677615264006
  },
  "cv_auc_pr": 0.4455847872090616,
  "cv_folds": 4,
  "SEQ_LEN": 60,
  "FEATURE_MANIFEST": [
    "log_return_1",
    "log_return_5",
    "log_return_20",
    "dist_to_sma_20",
    "dist_to_sma_50",
    "sma_20_sma_50_ratio",
    "volume_z_score_20",
    "atr_pct_14",
    "realized_volatility_20",
    "rsi_14",
    "bollinger_percent_b_20_2",
    "bollinger_bandwidth_20_2",
    "macd_hist_12_26_9",
    "dist_to_sma_200",
    "xas_rs_mkt_20",
    "vol_regime_20_60",
    "trend_efficiency_20"
  ],
  "NORM_STATS": {
    "log_return_1": {
      "mean": 0.00020353494817209065,
      "std": 0.01996870595613319
    },
    "log_return_5": {
      "mean": 0.0010060620939033882,
      "std": 0.041099362143389974
    },
    "log_return_20": {
      "mean": 0.003532610521585337,
      "std": 0.08137674896780207
    },
    "dist_to_sma_20": {
      "mean": 0.002244471734797076,
      "std": 0.04449002171799209
    },
    "dist_to_sma_50": {
      "mean": 0.005497278681968367,
      "std": 0.06941794648677045
    },
    "sma_20_sma_50_ratio": {
      "mean": 0.0027041863782943025,
      "std": 0.042873639952798
    },
    "volume_z_score_20": {
      "mean": 0.016026067364295175,
      "std": 1.092844354228637
    },
    "atr_pct_14": {
      "mean": 2.5341472720765745,
      "std": 1.0013452395397078
    },
    "realized_volatility_20": {
      "mean": 0.07733853365973122,
      "std": 0.04058412450659829
    },
    "rsi_14": {
      "mean": 52.25969500472595,
      "std": 12.170821215510289
    },
    "bollinger_percent_b_20_2": {
      "mean": 0.5520812479231766,
      "std": 0.33860271551796317
    },
    "bollinger_bandwidth_20_2": {
      "mean": 0.11565617792756246,
      "std": 0.06360358984686866
    },
    "macd_hist_12_26_9": {
      "mean": 0.002309233398553312,
      "std": 0.7726107851968886
    },
    "dist_to_sma_200": {
      "mean": 0.0285348203039378,
      "std": 0.1501131617757911
    },
    "xas_rs_mkt_20": {
      "mean": -0.003944753993506607,
      "std": 0.0511664045373788
    },
    "vol_regime_20_60": {
      "mean": 0.9600262710827192,
      "std": 0.21915105008421448
    },
    "trend_efficiency_20": {
      "mean": 4.875481856034608,
      "std": 3.146063173946796
    }
  },
  "TRAIN_WINDOW": "2017-01-01 -> 2023-12-31",
  "LABEL_CONTRACT": "TripleBarrier.ATR.daily.v1",
  "MODEL_HASH": "eede6a0f39ab1e5635b3e1e84ea8586190db905445d8a5aa8c29980cf92f04a3",
  "RANDOM_SEED": 42
}
