{
  "ticker": "HCA",
  "best_params": {
    "hidden": 32,
    "lr": 0.001,
    "dropout": 0.3,
    "weight_decay": 0.0001,
    "num_layers": 1,
    "refit_epochs": 4
  },
  "kelly_fraction": null,
  "THRESHOLD_ENTRY": 0.5,
  "DIRECTION_MODE": "both",
  "CALIBRATION": {
    "theta_entry": 0.5,
    "kelly_fraction": null,
    "direction_mode": "both",
    "oof_trades": 113,
    "trade_floor_met": true,
    "oof_log_growth": 0.8428152679729995
  },
  "cv_auc_pr": 0.5658105219362299,
  "cv_folds": 4,
  "SEQ_LEN": 60,
  "FEATURE_MANIFEST": [
    "log_return_1",
    "log_return_5",
    "log_return_20",
    "dist_to_sma_20",
    "dist_to_sma_50",
    "sma_20_sma_50_ratio",
    "volume_z_score_20",
    "atr_pct_14",
    "realized_volatility_20",
    "rsi_14",
    "bollinger_percent_b_20_2",
    "bollinger_bandwidth_20_2",
    "macd_hist_12_26_9",
    "ret_skew_20",
    "overnight_intraday_spread_20",
    "trend_efficiency_20"
  ],
  "NORM_STATS": {
    "log_return_1": {
      "mean": 0.0007366361299503186,
      "std": 0.021960090352802036
    },
    "log_return_5": {
      "mean": 0.003683470407773201,
      "std": 0.04980238149747951
    },
    "log_return_20": {
      "mean": 0.014591247762579964,
      "std": 0.0988391924403433
    },
    "dist_to_sma_20": {
      "mean": 0.007666051354637155,
      "std": 0.05356632689398205
    },
    "dist_to_sma_50": {
      "mean": 0.01903506762345806,
      "std": 0.07964683482816547
    },
    "sma_20_sma_50_ratio": {
      "mean": 0.01069523284610342,
      "std": 0.04937338271301394
    },
    "volume_z_score_20": {
      "mean": 8.109938010020145e-05,
      "std": 1.0929750835164869
    },
    "atr_pct_14": {
      "mean": 2.6611577572067144,
      "std": 1.3570715937856996
    },
    "realized_volatility_20": {
      "mean": 0.08052511576300492,
      "std": 0.05156973234605862
    },
    "rsi_14": {
      "mean": 53.810768987725886,
      "std": 12.497991323090872
    },
    "bollinger_percent_b_20_2": {
      "mean": 0.5718898592485467,
      "std": 0.3383177909870508
    },
    "bollinger_bandwidth_20_2": {
      "mean": 0.12709236886166875,
      "std": 0.09710834824896507
    },
    "macd_hist_12_26_9": {
      "mean": 0.014675370809262728,
      "std": 1.1756838886018588
    },
    "ret_skew_20": {
      "mean": -0.005789240781792504,
      "std": 1.0374821140746637
    },
    "overnight_intraday_spread_20": {
      "mean": -0.00040245980137962204,
      "std": 0.004450484196925802
    },
    "trend_efficiency_20": {
      "mean": 5.109084042489384,
      "std": 3.4627687945302243
    }
  },
  "TRAIN_WINDOW": "2017-01-01 -> 2023-12-31",
  "LABEL_CONTRACT": "TripleBarrier.ATR.daily.v1",
  "MODEL_HASH": "00cec0daedfe340c677ff2611e1f934d23b054b6ecd6f356c0ead4bfa7d3b2dc",
  "RANDOM_SEED": 42
}
