{
  "ticker": "J",
  "best_params": {
    "hidden": 32,
    "lr": 0.001,
    "dropout": 0.3,
    "weight_decay": 0.0001,
    "num_layers": 1,
    "refit_epochs": 4
  },
  "kelly_fraction": null,
  "THRESHOLD_ENTRY": 0.54,
  "DIRECTION_MODE": "long_only",
  "CALIBRATION": {
    "theta_entry": 0.54,
    "kelly_fraction": null,
    "direction_mode": "long_only",
    "oof_trades": 52,
    "trade_floor_met": true,
    "oof_log_growth": 0.2687647586589462
  },
  "cv_auc_pr": 0.44772032483302204,
  "cv_folds": 4,
  "SEQ_LEN": 60,
  "FEATURE_MANIFEST": [
    "log_return_1",
    "log_return_5",
    "log_return_20",
    "dist_to_sma_20",
    "dist_to_sma_50",
    "sma_20_sma_50_ratio",
    "volume_z_score_20",
    "atr_pct_14",
    "realized_volatility_20",
    "rsi_14",
    "bollinger_percent_b_20_2",
    "bollinger_bandwidth_20_2",
    "macd_hist_12_26_9",
    "stoch_k_14",
    "dist_to_sma_10",
    "overnight_intraday_spread_20",
    "range_compression_60"
  ],
  "NORM_STATS": {
    "log_return_1": {
      "mean": 0.00046767215607308103,
      "std": 0.017781274180285665
    },
    "log_return_5": {
      "mean": 0.002293775102129306,
      "std": 0.03758140567581555
    },
    "log_return_20": {
      "mean": 0.008771705102149826,
      "std": 0.06893371690300304
    },
    "dist_to_sma_20": {
      "mean": 0.004565550564360604,
      "std": 0.03852619709061442
    },
    "dist_to_sma_50": {
      "mean": 0.011852712634213806,
      "std": 0.060058245477010615
    },
    "sma_20_sma_50_ratio": {
      "mean": 0.006854882061947297,
      "std": 0.03635957164352985
    },
    "volume_z_score_20": {
      "mean": -0.009600820138821282,
      "std": 1.0803707888775296
    },
    "atr_pct_14": {
      "mean": 2.3574722972563373,
      "std": 0.9186493919657837
    },
    "realized_volatility_20": {
      "mean": 0.07080339516926956,
      "std": 0.032740456826635574
    },
    "rsi_14": {
      "mean": 53.217754935151525,
      "std": 11.238334108648159
    },
    "bollinger_percent_b_20_2": {
      "mean": 0.5525615467818179,
      "std": 0.3268992934142472
    },
    "bollinger_bandwidth_20_2": {
      "mean": 0.10209275351208935,
      "std": 0.05871047881837047
    },
    "macd_hist_12_26_9": {
      "mean": -0.0024134560734927037,
      "std": 0.5141621016560881
    },
    "stoch_k_14": {
      "mean": 56.34403370377855,
      "std": 28.766000876821867
    },
    "dist_to_sma_10": {
      "mean": 0.002200727848150563,
      "std": 0.0274031441839515
    },
    "overnight_intraday_spread_20": {
      "mean": 0.0008048921777807773,
      "std": 0.004415162400363162
    },
    "range_compression_60": {
      "mean": 0.5112184953572105,
      "std": 0.2926151469635341
    }
  },
  "TRAIN_WINDOW": "2017-01-01 -> 2023-12-31",
  "LABEL_CONTRACT": "TripleBarrier.ATR.daily.v1",
  "MODEL_HASH": "97b96e30d77d50af83d44d3335ae017cdc4b215d9a7f7ecb4c997a34e7f3abde",
  "RANDOM_SEED": 42
}
