{
  "ticker": "NDAQ",
  "best_params": {
    "hidden": 32,
    "lr": 0.001,
    "dropout": 0.3,
    "weight_decay": 0.0001,
    "num_layers": 1,
    "refit_epochs": 4
  },
  "kelly_fraction": null,
  "THRESHOLD_ENTRY": 0.5,
  "DIRECTION_MODE": "long_only",
  "CALIBRATION": {
    "theta_entry": 0.5,
    "kelly_fraction": null,
    "direction_mode": "long_only",
    "oof_trades": 84,
    "trade_floor_met": true,
    "oof_log_growth": 0.6009635896416856
  },
  "cv_auc_pr": 0.5217533199785551,
  "cv_folds": 4,
  "SEQ_LEN": 60,
  "FEATURE_MANIFEST": [
    "log_return_1",
    "log_return_5",
    "log_return_20",
    "dist_to_sma_20",
    "dist_to_sma_50",
    "sma_20_sma_50_ratio",
    "volume_z_score_20",
    "atr_pct_14",
    "realized_volatility_20",
    "rsi_14",
    "bollinger_percent_b_20_2",
    "bollinger_bandwidth_20_2",
    "macd_hist_12_26_9",
    "momentum_60",
    "return_120",
    "ret_skew_20",
    "williams_r_14",
    "dist_from_low_20",
    "trend_efficiency_20"
  ],
  "NORM_STATS": {
    "log_return_1": {
      "mean": 0.0005426176873193882,
      "std": 0.01594173309562806
    },
    "log_return_5": {
      "mean": 0.0026926133533039798,
      "std": 0.033393149911963176
    },
    "log_return_20": {
      "mean": 0.01036156316571753,
      "std": 0.06586053331821394
    },
    "dist_to_sma_20": {
      "mean": 0.005272048670072457,
      "std": 0.03645175233982474
    },
    "dist_to_sma_50": {
      "mean": 0.01333481645248565,
      "std": 0.05405367623052839
    },
    "sma_20_sma_50_ratio": {
      "mean": 0.007773331790487217,
      "std": 0.033123066579817645
    },
    "volume_z_score_20": {
      "mean": 0.005727926641533444,
      "std": 1.087498693808089
    },
    "atr_pct_14": {
      "mean": 2.0161454575516338,
      "std": 0.828396993886683
    },
    "realized_volatility_20": {
      "mean": 0.0599889487975642,
      "std": 0.035370442501305784
    },
    "rsi_14": {
      "mean": 53.80548802547485,
      "std": 12.02729755567971
    },
    "bollinger_percent_b_20_2": {
      "mean": 0.581658628826698,
      "std": 0.3305282853372469
    },
    "bollinger_bandwidth_20_2": {
      "mean": 0.09202820498639558,
      "std": 0.05760380256258661
    },
    "macd_hist_12_26_9": {
      "mean": 0.0018141726558488767,
      "std": 0.22964351307381484
    },
    "momentum_60": {
      "mean": 0.02983315701351649,
      "std": 0.09710107961250769
    },
    "return_120": {
      "mean": 0.056454832306248225,
      "std": 0.13671381599917848
    },
    "ret_skew_20": {
      "mean": -0.13390352902239586,
      "std": 0.8235951556360269
    },
    "williams_r_14": {
      "mean": -42.52657436466404,
      "std": 30.452795032451757
    },
    "dist_from_low_20": {
      "mean": 0.061034448287840444,
      "std": 0.05412676205174531
    },
    "trend_efficiency_20": {
      "mean": 4.922788869512212,
      "std": 3.348874737109845
    }
  },
  "TRAIN_WINDOW": "2017-01-01 -> 2023-12-31",
  "LABEL_CONTRACT": "TripleBarrier.ATR.daily.v1",
  "MODEL_HASH": "193c98c6dbb2981bc1ec35ef3eee3291d73d4444c4da8a3802008502b835b970",
  "RANDOM_SEED": 42
}
