{
  "ticker": "CB",
  "best_params": {
    "hidden": 32,
    "lr": 0.001,
    "dropout": 0.3,
    "weight_decay": 0.0001,
    "num_layers": 1,
    "refit_epochs": 4
  },
  "kelly_fraction": null,
  "THRESHOLD_ENTRY": 0.52,
  "DIRECTION_MODE": "long_only",
  "CALIBRATION": {
    "theta_entry": 0.52,
    "kelly_fraction": null,
    "direction_mode": "long_only",
    "oof_trades": 77,
    "trade_floor_met": true,
    "oof_log_growth": 0.6017291033070976
  },
  "cv_auc_pr": 0.459656518959762,
  "cv_folds": 4,
  "SEQ_LEN": 60,
  "FEATURE_MANIFEST": [
    "log_return_1",
    "log_return_5",
    "log_return_20",
    "dist_to_sma_20",
    "dist_to_sma_50",
    "sma_20_sma_50_ratio",
    "volume_z_score_20",
    "atr_pct_14",
    "realized_volatility_20",
    "rsi_14",
    "bollinger_percent_b_20_2",
    "bollinger_bandwidth_20_2",
    "macd_hist_12_26_9",
    "atr_ratio_5_20",
    "price_volume_rank_divergence",
    "illiquidity_amihud_20"
  ],
  "NORM_STATS": {
    "log_return_1": {
      "mean": 0.0003047810318401618,
      "std": 0.01625362188020804
    },
    "log_return_5": {
      "mean": 0.0014820680989151636,
      "std": 0.034694126758946224
    },
    "log_return_20": {
      "mean": 0.005973807570601545,
      "std": 0.0699194836786022
    },
    "dist_to_sma_20": {
      "mean": 0.0031530067350189575,
      "std": 0.038530494807525455
    },
    "dist_to_sma_50": {
      "mean": 0.008269504403118908,
      "std": 0.05710488107197912
    },
    "sma_20_sma_50_ratio": {
      "mean": 0.004801327147724909,
      "std": 0.035044275007332405
    },
    "volume_z_score_20": {
      "mean": 0.02885814578243789,
      "std": 1.0925271237791052
    },
    "atr_pct_14": {
      "mean": 2.012552643906005,
      "std": 1.0264230715614904
    },
    "realized_volatility_20": {
      "mean": 0.059980700189486064,
      "std": 0.03788246147758563
    },
    "rsi_14": {
      "mean": 52.240090562107056,
      "std": 10.420026212884908
    },
    "bollinger_percent_b_20_2": {
      "mean": 0.5422083838511587,
      "std": 0.32797198500302455
    },
    "bollinger_bandwidth_20_2": {
      "mean": 0.08799901053575994,
      "std": 0.07299584954672002
    },
    "macd_hist_12_26_9": {
      "mean": -0.002743894267610499,
      "std": 0.8070923195102827
    },
    "atr_ratio_5_20": {
      "mean": 0.997733727388274,
      "std": 0.16505268915132126
    },
    "price_volume_rank_divergence": {
      "mean": 0.0721875,
      "std": 0.47624229182798133
    },
    "illiquidity_amihud_20": {
      "mean": 0.0007468271001407272,
      "std": 0.0004672838873942786
    }
  },
  "TRAIN_WINDOW": "2017-01-01 -> 2023-12-31",
  "LABEL_CONTRACT": "TripleBarrier.ATR.daily.v1",
  "MODEL_HASH": "e9a7147e37b913a9fb288849c3d261077b1d4af2203b65062c4ec1df79248cc4",
  "RANDOM_SEED": 42
}
