{
  "ticker": "AOS",
  "best_params": {
    "hidden": 32,
    "lr": 0.001,
    "dropout": 0.3,
    "weight_decay": 0.0001,
    "num_layers": 1,
    "refit_epochs": 4
  },
  "kelly_fraction": null,
  "THRESHOLD_ENTRY": 0.52,
  "DIRECTION_MODE": "both",
  "CALIBRATION": {
    "theta_entry": 0.52,
    "kelly_fraction": null,
    "direction_mode": "both",
    "oof_trades": 81,
    "trade_floor_met": true,
    "oof_log_growth": 0.3486784617473253
  },
  "cv_auc_pr": 0.4429256708550831,
  "cv_folds": 4,
  "SEQ_LEN": 60,
  "FEATURE_MANIFEST": [
    "log_return_1",
    "log_return_5",
    "log_return_20",
    "dist_to_sma_20",
    "dist_to_sma_50",
    "sma_20_sma_50_ratio",
    "volume_z_score_20",
    "atr_pct_14",
    "realized_volatility_20",
    "rsi_14",
    "bollinger_percent_b_20_2",
    "bollinger_bandwidth_20_2",
    "macd_hist_12_26_9",
    "volume_trend_5_20",
    "rsi_2",
    "dist_to_sma_200",
    "trend_align_5_10"
  ],
  "NORM_STATS": {
    "log_return_1": {
      "mean": 0.0003152479800680494,
      "std": 0.01761734227040838
    },
    "log_return_5": {
      "mean": 0.0015405402738331245,
      "std": 0.038453342062331315
    },
    "log_return_20": {
      "mean": 0.0055070334343477354,
      "std": 0.07614002972784768
    },
    "dist_to_sma_20": {
      "mean": 0.0031675463243720976,
      "std": 0.042163713715941395
    },
    "dist_to_sma_50": {
      "mean": 0.007674131898067749,
      "std": 0.0668921490190045
    },
    "sma_20_sma_50_ratio": {
      "mean": 0.003975476079360374,
      "std": 0.0408136345838979
    },
    "volume_z_score_20": {
      "mean": 0.010757023674147237,
      "std": 1.1087590896204216
    },
    "atr_pct_14": {
      "mean": 2.369048785931365,
      "std": 0.7705742689945929
    },
    "realized_volatility_20": {
      "mean": 0.07139101295367989,
      "std": 0.028621107700672027
    },
    "rsi_14": {
      "mean": 51.637426770037855,
      "std": 12.331516740839247
    },
    "bollinger_percent_b_20_2": {
      "mean": 0.5405676772927628,
      "std": 0.3310827491685621
    },
    "bollinger_bandwidth_20_2": {
      "mean": 0.11030104520696747,
      "std": 0.05814043096461289
    },
    "macd_hist_12_26_9": {
      "mean": 0.004339651689810371,
      "std": 0.33106764220313517
    },
    "volume_trend_5_20": {
      "mean": 0.0031541325913305713,
      "std": 0.2955317134727116
    },
    "rsi_2": {
      "mean": 52.681435259761486,
      "std": 31.49922240883088
    },
    "dist_to_sma_200": {
      "mean": 0.028103073518049672,
      "std": 0.12023815473441879
    },
    "trend_align_5_10": {
      "mean": 0.5102272727272728,
      "std": 0.8573929528634083
    }
  },
  "TRAIN_WINDOW": "2017-01-01 -> 2023-12-31",
  "LABEL_CONTRACT": "TripleBarrier.ATR.daily.v1",
  "MODEL_HASH": "1ddddce090c78cf08381e9723616c882950ab93f1ba10dfbb00e1b07c8f08664",
  "RANDOM_SEED": 42
}
