{
  "ticker": "ALGN",
  "best_params": {
    "hidden": 32,
    "lr": 0.001,
    "dropout": 0.3,
    "weight_decay": 0.0001,
    "num_layers": 1,
    "refit_epochs": 4
  },
  "kelly_fraction": null,
  "THRESHOLD_ENTRY": 0.52,
  "DIRECTION_MODE": "long_only",
  "CALIBRATION": {
    "theta_entry": 0.52,
    "kelly_fraction": null,
    "direction_mode": "long_only",
    "oof_trades": 79,
    "trade_floor_met": true,
    "oof_log_growth": 0.8619578066370528
  },
  "cv_auc_pr": 0.4835659313668563,
  "cv_folds": 4,
  "SEQ_LEN": 60,
  "FEATURE_MANIFEST": [
    "log_return_1",
    "log_return_5",
    "log_return_20",
    "dist_to_sma_20",
    "dist_to_sma_50",
    "sma_20_sma_50_ratio",
    "volume_z_score_20",
    "atr_pct_14",
    "realized_volatility_20",
    "rsi_14",
    "bollinger_percent_b_20_2",
    "bollinger_bandwidth_20_2",
    "macd_hist_12_26_9",
    "williams_r_14",
    "trend_efficiency_20",
    "bb_bandwidth_20"
  ],
  "NORM_STATS": {
    "log_return_1": {
      "mean": 0.0005955280646138642,
      "std": 0.0327937016070761
    },
    "log_return_5": {
      "mean": 0.002943358308592942,
      "std": 0.07419894810812196
    },
    "log_return_20": {
      "mean": 0.010420656168564585,
      "std": 0.15564954409935494
    },
    "dist_to_sma_20": {
      "mean": 0.00697079724465915,
      "std": 0.08311519294205803
    },
    "dist_to_sma_50": {
      "mean": 0.018117987782689512,
      "std": 0.14462221049437282
    },
    "sma_20_sma_50_ratio": {
      "mean": 0.007881625319422766,
      "std": 0.0885555294218122
    },
    "volume_z_score_20": {
      "mean": 0.018044625505722334,
      "std": 1.099110994115152
    },
    "atr_pct_14": {
      "mean": 3.896539383210772,
      "std": 1.5269611477663934
    },
    "realized_volatility_20": {
      "mean": 0.1259360847698852,
      "std": 0.06588319548871295
    },
    "rsi_14": {
      "mean": 53.331375164788575,
      "std": 14.712578196166078
    },
    "bollinger_percent_b_20_2": {
      "mean": 0.5683399845597231,
      "std": 0.3388012027661373
    },
    "bollinger_bandwidth_20_2": {
      "mean": 0.20372816370845523,
      "std": 0.13161475362185338
    },
    "macd_hist_12_26_9": {
      "mean": 0.023097967922333026,
      "std": 3.5350694056630414
    },
    "williams_r_14": {
      "mean": -44.081606264040204,
      "std": 30.82351799481556
    },
    "trend_efficiency_20": {
      "mean": 5.5935553440731836,
      "std": 3.9338355628922357
    },
    "bb_bandwidth_20": {
      "mean": 0.05093204092711381,
      "std": 0.032903688405463344
    }
  },
  "TRAIN_WINDOW": "2017-01-01 -> 2023-12-31",
  "LABEL_CONTRACT": "TripleBarrier.ATR.daily.v1",
  "MODEL_HASH": "5262e9905949b7433dab358821304ec51dbcdcc6e0668a6aea6328213e31a3c5",
  "RANDOM_SEED": 42
}
