{
  "ticker": "PTC",
  "best_params": {
    "hidden": 32,
    "lr": 0.001,
    "dropout": 0.3,
    "weight_decay": 0.0001,
    "num_layers": 1,
    "refit_epochs": 4
  },
  "kelly_fraction": null,
  "THRESHOLD_ENTRY": 0.56,
  "DIRECTION_MODE": "both",
  "CALIBRATION": {
    "theta_entry": 0.56,
    "kelly_fraction": null,
    "direction_mode": "both",
    "oof_trades": 13,
    "trade_floor_met": true,
    "oof_log_growth": -0.20245254082676775
  },
  "cv_auc_pr": 0.4012612138650603,
  "cv_folds": 4,
  "SEQ_LEN": 60,
  "FEATURE_MANIFEST": [
    "log_return_1",
    "log_return_5",
    "log_return_20",
    "dist_to_sma_20",
    "dist_to_sma_50",
    "sma_20_sma_50_ratio",
    "volume_z_score_20",
    "atr_pct_14",
    "realized_volatility_20",
    "rsi_14",
    "bollinger_percent_b_20_2",
    "bollinger_bandwidth_20_2",
    "macd_hist_12_26_9",
    "volume_trend_5_20",
    "stoch_k_14",
    "mr_dist_atr_20",
    "vol_scaled_momentum_20"
  ],
  "NORM_STATS": {
    "log_return_1": {
      "mean": 0.0007558732237802482,
      "std": 0.021936282989612997
    },
    "log_return_5": {
      "mean": 0.003769425990795011,
      "std": 0.04826676748604125
    },
    "log_return_20": {
      "mean": 0.01449477189063754,
      "std": 0.09618875782259075
    },
    "dist_to_sma_20": {
      "mean": 0.007678124211185387,
      "std": 0.05212825633217822
    },
    "dist_to_sma_50": {
      "mean": 0.018732450702898532,
      "std": 0.078965054772821
    },
    "sma_20_sma_50_ratio": {
      "mean": 0.010424291351388313,
      "std": 0.04885005588089671
    },
    "volume_z_score_20": {
      "mean": 0.0023947150257028725,
      "std": 1.0940490286459748
    },
    "atr_pct_14": {
      "mean": 2.827385831795781,
      "std": 1.0066034739930598
    },
    "realized_volatility_20": {
      "mean": 0.08718744286978089,
      "std": 0.03955260490005489
    },
    "rsi_14": {
      "mean": 53.69934063698312,
      "std": 12.30273722698157
    },
    "bollinger_percent_b_20_2": {
      "mean": 0.5734390443187861,
      "std": 0.3287413110467129
    },
    "bollinger_bandwidth_20_2": {
      "mean": 0.1325046202927224,
      "std": 0.08260908728299014
    },
    "macd_hist_12_26_9": {
      "mean": 0.012529846718998705,
      "std": 0.6915960753287369
    },
    "volume_trend_5_20": {
      "mean": 0.00403267626209133,
      "std": 0.3248945717546966
    },
    "stoch_k_14": {
      "mean": 57.72278874139055,
      "std": 29.76256711306112
    },
    "mr_dist_atr_20": {
      "mean": 0.36487007065072297,
      "std": 1.683546033793382
    },
    "vol_scaled_momentum_20": {
      "mean": 1.2933440400513745,
      "std": 4.4541127317900475
    }
  },
  "TRAIN_WINDOW": "2017-01-01 -> 2023-12-31",
  "LABEL_CONTRACT": "TripleBarrier.ATR.daily.v1",
  "MODEL_HASH": "aa0c77f941ed2344e341691f7dd1df6f6a80c41640c7618d02e9b1a1aa98e253",
  "RANDOM_SEED": 42
}
