{
  "ticker": "ON",
  "best_params": {
    "hidden": 32,
    "lr": 0.001,
    "dropout": 0.3,
    "weight_decay": 0.0001,
    "num_layers": 1,
    "refit_epochs": 4
  },
  "kelly_fraction": null,
  "THRESHOLD_ENTRY": 0.5,
  "DIRECTION_MODE": "long_only",
  "CALIBRATION": {
    "theta_entry": 0.5,
    "kelly_fraction": null,
    "direction_mode": "long_only",
    "oof_trades": 90,
    "trade_floor_met": true,
    "oof_log_growth": 0.4987221675807456
  },
  "cv_auc_pr": 0.44951486086536946,
  "cv_folds": 4,
  "SEQ_LEN": 60,
  "FEATURE_MANIFEST": [
    "log_return_1",
    "log_return_5",
    "log_return_20",
    "dist_to_sma_20",
    "dist_to_sma_50",
    "sma_20_sma_50_ratio",
    "volume_z_score_20",
    "atr_pct_14",
    "realized_volatility_20",
    "rsi_14",
    "bollinger_percent_b_20_2",
    "bollinger_bandwidth_20_2",
    "macd_hist_12_26_9",
    "mr_dist_atr_20",
    "vol_regime_20_60",
    "day_range_pos_20"
  ],
  "NORM_STATS": {
    "log_return_1": {
      "mean": 0.0010673103787749545,
      "std": 0.03197542482266115
    },
    "log_return_5": {
      "mean": 0.005325024068966104,
      "std": 0.06900796933332169
    },
    "log_return_20": {
      "mean": 0.021247266918257325,
      "std": 0.12982907763939955
    },
    "dist_to_sma_20": {
      "mean": 0.011316333455116042,
      "std": 0.0718844303574025
    },
    "dist_to_sma_50": {
      "mean": 0.02853238827216756,
      "std": 0.1079776264359894
    },
    "sma_20_sma_50_ratio": {
      "mean": 0.015891378861267166,
      "std": 0.06575031700533569
    },
    "volume_z_score_20": {
      "mean": -0.010731582051882734,
      "std": 1.0685365552505022
    },
    "atr_pct_14": {
      "mean": 3.945845513076016,
      "std": 1.4722505385281595
    },
    "realized_volatility_20": {
      "mean": 0.12513600825691248,
      "std": 0.0625491843973685
    },
    "rsi_14": {
      "mean": 53.35659314157964,
      "std": 12.090744669505577
    },
    "bollinger_percent_b_20_2": {
      "mean": 0.5644064197904526,
      "std": 0.33317251613113724
    },
    "bollinger_bandwidth_20_2": {
      "mean": 0.1900419511786078,
      "std": 0.10463609370959978
    },
    "macd_hist_12_26_9": {
      "mean": 0.005196809838275375,
      "std": 0.4592688417536446
    },
    "mr_dist_atr_20": {
      "mean": 0.3453059279234066,
      "std": 1.7363043061509293
    },
    "vol_regime_20_60": {
      "mean": 0.9598582326995133,
      "std": 0.23505352613802985
    },
    "day_range_pos_20": {
      "mean": 0.5695659960160244,
      "std": 0.3005963309686417
    }
  },
  "TRAIN_WINDOW": "2017-01-01 -> 2023-12-31",
  "LABEL_CONTRACT": "TripleBarrier.ATR.daily.v1",
  "MODEL_HASH": "bfe4cadb4c8f8a69d958b2311538f080f7c1442f6736608417fa81c1708f6412",
  "RANDOM_SEED": 42
}
