{
  "ticker": "TER",
  "best_params": {
    "hidden": 32,
    "lr": 0.001,
    "dropout": 0.3,
    "weight_decay": 0.0001,
    "num_layers": 1,
    "refit_epochs": 4
  },
  "kelly_fraction": null,
  "THRESHOLD_ENTRY": 0.5,
  "DIRECTION_MODE": "both",
  "CALIBRATION": {
    "theta_entry": 0.5,
    "kelly_fraction": null,
    "direction_mode": "both",
    "oof_trades": 120,
    "trade_floor_met": true,
    "oof_log_growth": 0.3830656539989524
  },
  "cv_auc_pr": 0.47064095677711343,
  "cv_folds": 4,
  "SEQ_LEN": 60,
  "FEATURE_MANIFEST": [
    "log_return_1",
    "log_return_5",
    "log_return_20",
    "dist_to_sma_20",
    "dist_to_sma_50",
    "sma_20_sma_50_ratio",
    "volume_z_score_20",
    "atr_pct_14",
    "realized_volatility_20",
    "rsi_14",
    "bollinger_percent_b_20_2",
    "bollinger_bandwidth_20_2",
    "macd_hist_12_26_9",
    "momentum_60",
    "return_120",
    "gap_open_z20",
    "close_position_in_range",
    "dist_to_sma_200",
    "overnight_vol_20"
  ],
  "NORM_STATS": {
    "log_return_1": {
      "mean": 0.0008252623422158008,
      "std": 0.026249994742109397
    },
    "log_return_5": {
      "mean": 0.00412416043175339,
      "std": 0.056421330310737865
    },
    "log_return_20": {
      "mean": 0.015642825684033752,
      "std": 0.11214726233912801
    },
    "dist_to_sma_20": {
      "mean": 0.008525344114288801,
      "std": 0.06205978345022547
    },
    "dist_to_sma_50": {
      "mean": 0.0212061052574384,
      "std": 0.0965964878515191
    },
    "sma_20_sma_50_ratio": {
      "mean": 0.01160421256216394,
      "std": 0.05866721170238933
    },
    "volume_z_score_20": {
      "mean": 0.007276841281605879,
      "std": 1.0842581231418345
    },
    "atr_pct_14": {
      "mean": 3.287800582506321,
      "std": 1.1286581616795275
    },
    "realized_volatility_20": {
      "mean": 0.10457570570014406,
      "std": 0.04660617207664679
    },
    "rsi_14": {
      "mean": 53.38008443015852,
      "std": 12.765567598940864
    },
    "bollinger_percent_b_20_2": {
      "mean": 0.562403946228851,
      "std": 0.34018937698955004
    },
    "bollinger_bandwidth_20_2": {
      "mean": 0.16292895734001925,
      "std": 0.08402675303440334
    },
    "macd_hist_12_26_9": {
      "mean": 0.00788529297475956,
      "std": 0.7640146300407745
    },
    "momentum_60": {
      "mean": 0.046976350523230195,
      "std": 0.18053052556973467
    },
    "return_120": {
      "mean": 0.10211759561322457,
      "std": 0.22887968085319824
    },
    "gap_open_z20": {
      "mean": 0.0028482417371706163,
      "std": 1.0078891841769841
    },
    "close_position_in_range": {
      "mean": 0.5190401582631957,
      "std": 0.3113831905453656
    },
    "dist_to_sma_200": {
      "mean": 0.09439521303365918,
      "std": 0.18519444428622683
    },
    "overnight_vol_20": {
      "mean": 0.013563921021897182,
      "std": 0.007323421813295017
    }
  },
  "TRAIN_WINDOW": "2017-01-01 -> 2023-12-31",
  "LABEL_CONTRACT": "TripleBarrier.ATR.daily.v1",
  "MODEL_HASH": "9773ddd4d053b4d3223449dddb61be5974a1ee09bcecda94d06fb8facd188292",
  "RANDOM_SEED": 42
}
