{
  "ticker": "EW",
  "best_params": {
    "hidden": 32,
    "lr": 0.001,
    "dropout": 0.3,
    "weight_decay": 0.0001,
    "num_layers": 1,
    "refit_epochs": 4
  },
  "kelly_fraction": null,
  "THRESHOLD_ENTRY": 0.5,
  "DIRECTION_MODE": "both",
  "CALIBRATION": {
    "theta_entry": 0.5,
    "kelly_fraction": null,
    "direction_mode": "both",
    "oof_trades": 100,
    "trade_floor_met": true,
    "oof_log_growth": -0.05695882872599928
  },
  "cv_auc_pr": 0.4154915706876168,
  "cv_folds": 4,
  "SEQ_LEN": 60,
  "FEATURE_MANIFEST": [
    "log_return_1",
    "log_return_5",
    "log_return_20",
    "dist_to_sma_20",
    "dist_to_sma_50",
    "sma_20_sma_50_ratio",
    "volume_z_score_20",
    "atr_pct_14",
    "realized_volatility_20",
    "rsi_14",
    "bollinger_percent_b_20_2",
    "bollinger_bandwidth_20_2",
    "macd_hist_12_26_9",
    "high_low_range_pct",
    "mr_dist_atr_20",
    "overnight_intraday_spread_20"
  ],
  "NORM_STATS": {
    "log_return_1": {
      "mean": 0.0005071479268208292,
      "std": 0.020088646379832688
    },
    "log_return_5": {
      "mean": 0.0025484310851863028,
      "std": 0.044035966435907965
    },
    "log_return_20": {
      "mean": 0.01018657161310363,
      "std": 0.08102208141672942
    },
    "dist_to_sma_20": {
      "mean": 0.005323485096728636,
      "std": 0.04614540848638466
    },
    "dist_to_sma_50": {
      "mean": 0.01314492225078238,
      "std": 0.06762616521694848
    },
    "sma_20_sma_50_ratio": {
      "mean": 0.007369077301001788,
      "std": 0.04034256193824509
    },
    "volume_z_score_20": {
      "mean": 0.014854161759943132,
      "std": 1.0887754106805638
    },
    "atr_pct_14": {
      "mean": 2.5807737674462765,
      "std": 0.8529914773386345
    },
    "realized_volatility_20": {
      "mean": 0.08014979486054356,
      "std": 0.03613907226938959
    },
    "rsi_14": {
      "mean": 52.86173068936166,
      "std": 12.198785998272422
    },
    "bollinger_percent_b_20_2": {
      "mean": 0.5545866097132475,
      "std": 0.3307331018875913
    },
    "bollinger_bandwidth_20_2": {
      "mean": 0.12239437474285941,
      "std": 0.06721593796984071
    },
    "macd_hist_12_26_9": {
      "mean": 0.0046607679251196845,
      "std": 0.5228232059620873
    },
    "high_low_range_pct": {
      "mean": 2.4278423198800825,
      "std": 1.363520178721363
    },
    "mr_dist_atr_20": {
      "mean": 0.28369004048524943,
      "std": 1.6879635618760798
    },
    "overnight_intraday_spread_20": {
      "mean": 0.000318378209318027,
      "std": 0.004644357454748777
    }
  },
  "TRAIN_WINDOW": "2017-01-01 -> 2023-12-31",
  "LABEL_CONTRACT": "TripleBarrier.ATR.daily.v1",
  "MODEL_HASH": "9b53c1e5247e2fa9f8aae8d68a04724ce01aad347e25105d2497aa274e52ca53",
  "RANDOM_SEED": 42
}
