{
  "ticker": "BF.B",
  "best_params": {
    "hidden": 32,
    "lr": 0.001,
    "dropout": 0.3,
    "weight_decay": 0.0001,
    "num_layers": 1,
    "refit_epochs": 4
  },
  "kelly_fraction": null,
  "THRESHOLD_ENTRY": 0.54,
  "DIRECTION_MODE": "both",
  "CALIBRATION": {
    "theta_entry": 0.54,
    "kelly_fraction": null,
    "direction_mode": "both",
    "oof_trades": 45,
    "trade_floor_met": true,
    "oof_log_growth": 0.067363197208757
  },
  "cv_auc_pr": 0.46466158240576944,
  "cv_folds": 4,
  "SEQ_LEN": 60,
  "FEATURE_MANIFEST": [
    "log_return_1",
    "log_return_5",
    "log_return_20",
    "dist_to_sma_20",
    "dist_to_sma_50",
    "sma_20_sma_50_ratio",
    "volume_z_score_20",
    "atr_pct_14",
    "realized_volatility_20",
    "rsi_14",
    "bollinger_percent_b_20_2",
    "bollinger_bandwidth_20_2",
    "macd_hist_12_26_9",
    "dist_to_sma_10",
    "momentum_acceleration_10"
  ],
  "NORM_STATS": {
    "log_return_1": {
      "mean": 0.00013561396989954604,
      "std": 0.01712216081915587
    },
    "log_return_5": {
      "mean": 0.000695743736391044,
      "std": 0.03549694503900288
    },
    "log_return_20": {
      "mean": 0.0027357385131834065,
      "std": 0.06837205040516786
    },
    "dist_to_sma_20": {
      "mean": 0.0016223076545218095,
      "std": 0.03771223060955185
    },
    "dist_to_sma_50": {
      "mean": 0.0041298495089228,
      "std": 0.05807012060182158
    },
    "sma_20_sma_50_ratio": {
      "mean": 0.002162017896544104,
      "std": 0.035970342852175236
    },
    "volume_z_score_20": {
      "mean": 0.01670994164469649,
      "std": 1.1163700120843667
    },
    "atr_pct_14": {
      "mean": 2.093911338806811,
      "std": 0.8923290211816399
    },
    "realized_volatility_20": {
      "mean": 0.06453877587036778,
      "std": 0.03778615725367179
    },
    "rsi_14": {
      "mean": 51.713936220888385,
      "std": 12.242670183671013
    },
    "bollinger_percent_b_20_2": {
      "mean": 0.5331674239765296,
      "std": 0.33862393110364974
    },
    "bollinger_bandwidth_20_2": {
      "mean": 0.09640325270168087,
      "std": 0.059284237641457765
    },
    "macd_hist_12_26_9": {
      "mean": 0.00011141531863222521,
      "std": 0.334163078029547
    },
    "dist_to_sma_10": {
      "mean": 0.000758768520835741,
      "std": 0.026006892395625043
    },
    "momentum_acceleration_10": {
      "mean": 4.2881214385555686e-05,
      "std": 0.06964420958186189
    }
  },
  "TRAIN_WINDOW": "2017-01-01 -> 2023-12-31",
  "LABEL_CONTRACT": "TripleBarrier.ATR.daily.v1",
  "MODEL_HASH": "3fadcae80bbf4cb0c58095f47c6556664beda71749c47b997fac6e172780a9fa",
  "RANDOM_SEED": 42
}
