{
  "ticker": "LMT",
  "best_params": {
    "hidden": 32,
    "lr": 0.001,
    "dropout": 0.3,
    "weight_decay": 0.0001,
    "num_layers": 1,
    "refit_epochs": 4
  },
  "kelly_fraction": null,
  "THRESHOLD_ENTRY": 0.56,
  "DIRECTION_MODE": "long_only",
  "CALIBRATION": {
    "theta_entry": 0.56,
    "kelly_fraction": null,
    "direction_mode": "long_only",
    "oof_trades": 27,
    "trade_floor_met": true,
    "oof_log_growth": 0.33813654857866793
  },
  "cv_auc_pr": 0.5199103435418367,
  "cv_folds": 4,
  "SEQ_LEN": 60,
  "FEATURE_MANIFEST": [
    "log_return_1",
    "log_return_5",
    "log_return_20",
    "dist_to_sma_20",
    "dist_to_sma_50",
    "sma_20_sma_50_ratio",
    "volume_z_score_20",
    "atr_pct_14",
    "realized_volatility_20",
    "rsi_14",
    "bollinger_percent_b_20_2",
    "bollinger_bandwidth_20_2",
    "macd_hist_12_26_9",
    "vol_regime_20_60",
    "range_compression_60",
    "vol_of_vol_20"
  ],
  "NORM_STATS": {
    "log_return_1": {
      "mean": 0.00033788531903050016,
      "std": 0.015278696003042977
    },
    "log_return_5": {
      "mean": 0.0016710745185248073,
      "std": 0.03259024958971567
    },
    "log_return_20": {
      "mean": 0.006408774555684052,
      "std": 0.0638171884378953
    },
    "dist_to_sma_20": {
      "mean": 0.003402952490636218,
      "std": 0.035564625100409065
    },
    "dist_to_sma_50": {
      "mean": 0.008385661254556092,
      "std": 0.05198059810021586
    },
    "sma_20_sma_50_ratio": {
      "mean": 0.004744110855675447,
      "std": 0.03175342800124505
    },
    "volume_z_score_20": {
      "mean": -0.019359866583935684,
      "std": 1.0877601302397566
    },
    "atr_pct_14": {
      "mean": 1.909056863456917,
      "std": 0.8391428347980696
    },
    "realized_volatility_20": {
      "mean": 0.05674833487950145,
      "std": 0.03530508464766915
    },
    "rsi_14": {
      "mean": 52.687672403268714,
      "std": 11.829048608957105
    },
    "bollinger_percent_b_20_2": {
      "mean": 0.5418790160686653,
      "std": 0.330687262916597
    },
    "bollinger_bandwidth_20_2": {
      "mean": 0.08635146296479417,
      "std": 0.06177462464299552
    },
    "macd_hist_12_26_9": {
      "mean": 0.004415792517850797,
      "std": 1.9058313758079841
    },
    "vol_regime_20_60": {
      "mean": 0.9452967007103023,
      "std": 0.25818190392155527
    },
    "range_compression_60": {
      "mean": 0.5021306818181818,
      "std": 0.2969601448329928
    },
    "vol_of_vol_20": {
      "mean": 0.0029778252820244484,
      "std": 0.003200585825285654
    }
  },
  "TRAIN_WINDOW": "2017-01-01 -> 2023-12-31",
  "LABEL_CONTRACT": "TripleBarrier.ATR.daily.v1",
  "MODEL_HASH": "9120630e54145bca6dfd01d68a15866cf61bcf31e774d87a8b64ebfc6cdeaa7d",
  "RANDOM_SEED": 42
}
