{
  "ticker": "LVS",
  "best_params": {
    "hidden": 32,
    "lr": 0.001,
    "dropout": 0.3,
    "weight_decay": 0.0001,
    "num_layers": 1,
    "refit_epochs": 4
  },
  "kelly_fraction": null,
  "THRESHOLD_ENTRY": 0.58,
  "DIRECTION_MODE": "both",
  "CALIBRATION": {
    "theta_entry": 0.58,
    "kelly_fraction": null,
    "direction_mode": "both",
    "oof_trades": 10,
    "trade_floor_met": true,
    "oof_log_growth": -0.2670654908635477
  },
  "cv_auc_pr": 0.4062497576832109,
  "cv_folds": 4,
  "SEQ_LEN": 60,
  "FEATURE_MANIFEST": [
    "log_return_1",
    "log_return_5",
    "log_return_20",
    "dist_to_sma_20",
    "dist_to_sma_50",
    "sma_20_sma_50_ratio",
    "volume_z_score_20",
    "atr_pct_14",
    "realized_volatility_20",
    "rsi_14",
    "bollinger_percent_b_20_2",
    "bollinger_bandwidth_20_2",
    "macd_hist_12_26_9",
    "dist_to_sma_200",
    "overnight_intraday_spread_20"
  ],
  "NORM_STATS": {
    "log_return_1": {
      "mean": -4.650797024660074e-05,
      "std": 0.025566189405364485
    },
    "log_return_5": {
      "mean": -0.0002757899867222269,
      "std": 0.053940253538044894
    },
    "log_return_20": {
      "mean": -0.0019335396547496345,
      "std": 0.09970783262711656
    },
    "dist_to_sma_20": {
      "mean": -1.6654385666544185e-05,
      "std": 0.0550776406858475
    },
    "dist_to_sma_50": {
      "mean": -0.0008787323285406046,
      "std": 0.08418657176872195
    },
    "sma_20_sma_50_ratio": {
      "mean": -0.0016288034489501653,
      "std": 0.051708879112076236
    },
    "volume_z_score_20": {
      "mean": 0.005523457185734717,
      "std": 1.0723087199884307
    },
    "atr_pct_14": {
      "mean": 3.302880699994165,
      "std": 1.5391365221606452
    },
    "realized_volatility_20": {
      "mean": 0.09969337301831543,
      "std": 0.05167547331758344
    },
    "rsi_14": {
      "mean": 50.46211415293576,
      "std": 12.070524489362047
    },
    "bollinger_percent_b_20_2": {
      "mean": 0.5111629719411962,
      "std": 0.334886175307898
    },
    "bollinger_bandwidth_20_2": {
      "mean": 0.14679706183876315,
      "std": 0.08003581074003777
    },
    "macd_hist_12_26_9": {
      "mean": 0.0034950466828506466,
      "std": 0.3968974769398356
    },
    "dist_to_sma_200": {
      "mean": 0.00155921262234524,
      "std": 0.15731383736497456
    },
    "overnight_intraday_spread_20": {
      "mean": 0.001747661224263649,
      "std": 0.006114702966030763
    }
  },
  "TRAIN_WINDOW": "2017-01-01 -> 2023-12-31",
  "LABEL_CONTRACT": "TripleBarrier.ATR.daily.v1",
  "MODEL_HASH": "4148cba73744051193fdb66c31f8e9a974afc71a428febd1c024f7da62650032",
  "RANDOM_SEED": 42
}
