{
  "ticker": "EBAY",
  "best_params": {
    "hidden": 32,
    "lr": 0.001,
    "dropout": 0.3,
    "weight_decay": 0.0001,
    "num_layers": 1,
    "refit_epochs": 4
  },
  "kelly_fraction": null,
  "THRESHOLD_ENTRY": 0.52,
  "DIRECTION_MODE": "both",
  "CALIBRATION": {
    "theta_entry": 0.52,
    "kelly_fraction": null,
    "direction_mode": "both",
    "oof_trades": 87,
    "trade_floor_met": true,
    "oof_log_growth": 0.4405498300791759
  },
  "cv_auc_pr": 0.4741651104314069,
  "cv_folds": 4,
  "SEQ_LEN": 60,
  "FEATURE_MANIFEST": [
    "log_return_1",
    "log_return_5",
    "log_return_20",
    "dist_to_sma_20",
    "dist_to_sma_50",
    "sma_20_sma_50_ratio",
    "volume_z_score_20",
    "atr_pct_14",
    "realized_volatility_20",
    "rsi_14",
    "bollinger_percent_b_20_2",
    "bollinger_bandwidth_20_2",
    "macd_hist_12_26_9",
    "momentum_60",
    "close_position_in_range",
    "atr_ratio_5_20",
    "sma_slope_50_20"
  ],
  "NORM_STATS": {
    "log_return_1": {
      "mean": 0.00021865176997512277,
      "std": 0.019465989089043973
    },
    "log_return_5": {
      "mean": 0.0010654935060003257,
      "std": 0.04294447249526512
    },
    "log_return_20": {
      "mean": 0.004140537903595594,
      "std": 0.08464840914275595
    },
    "dist_to_sma_20": {
      "mean": 0.002497777959622015,
      "std": 0.04722322926945979
    },
    "dist_to_sma_50": {
      "mean": 0.006287659518107452,
      "std": 0.07450186233510937
    },
    "sma_20_sma_50_ratio": {
      "mean": 0.003170373808906578,
      "std": 0.04502052830704231
    },
    "volume_z_score_20": {
      "mean": -0.009238596504200064,
      "std": 1.0825328812814539
    },
    "atr_pct_14": {
      "mean": 2.635085714214142,
      "std": 0.7862883227085589
    },
    "realized_volatility_20": {
      "mean": 0.07907494804263152,
      "std": 0.03091923339888035
    },
    "rsi_14": {
      "mean": 51.22473009334762,
      "std": 12.097313953276121
    },
    "bollinger_percent_b_20_2": {
      "mean": 0.520936327233806,
      "std": 0.3361104839443181
    },
    "bollinger_bandwidth_20_2": {
      "mean": 0.12258153152946635,
      "std": 0.06575321461110363
    },
    "macd_hist_12_26_9": {
      "mean": 0.0009324242760861442,
      "std": 0.29719037168336
    },
    "momentum_60": {
      "mean": 0.011617550111168537,
      "std": 0.14145909289006126
    },
    "close_position_in_range": {
      "mean": 0.5034981476545357,
      "std": 0.29735781453614263
    },
    "atr_ratio_5_20": {
      "mean": 0.9964457306480277,
      "std": 0.1574414789470501
    },
    "sma_slope_50_20": {
      "mean": 0.003808008547640826,
      "std": 0.04745330830687909
    }
  },
  "TRAIN_WINDOW": "2017-01-01 -> 2023-12-31",
  "LABEL_CONTRACT": "TripleBarrier.ATR.daily.v1",
  "MODEL_HASH": "c9b3e2348d7c4f60f7dd7d9f871a3921f12632b8634ea33de781857a061f1363",
  "RANDOM_SEED": 42
}
