{
  "ticker": "MTB",
  "best_params": {
    "hidden": 32,
    "lr": 0.001,
    "dropout": 0.3,
    "weight_decay": 0.0001,
    "num_layers": 1,
    "refit_epochs": 4
  },
  "kelly_fraction": null,
  "THRESHOLD_ENTRY": 0.56,
  "DIRECTION_MODE": "long_only",
  "CALIBRATION": {
    "theta_entry": 0.56,
    "kelly_fraction": null,
    "direction_mode": "long_only",
    "oof_trades": 31,
    "trade_floor_met": true,
    "oof_log_growth": 0.49100728037424024
  },
  "cv_auc_pr": 0.5038568239181456,
  "cv_folds": 4,
  "SEQ_LEN": 60,
  "FEATURE_MANIFEST": [
    "log_return_1",
    "log_return_5",
    "log_return_20",
    "dist_to_sma_20",
    "dist_to_sma_50",
    "sma_20_sma_50_ratio",
    "volume_z_score_20",
    "atr_pct_14",
    "realized_volatility_20",
    "rsi_14",
    "bollinger_percent_b_20_2",
    "bollinger_bandwidth_20_2",
    "macd_hist_12_26_9",
    "return_120",
    "volume_trend_5_20",
    "xas_rs_mkt_20",
    "price_volume_rank_divergence",
    "range_compression_60",
    "vol_of_vol_20"
  ],
  "NORM_STATS": {
    "log_return_1": {
      "mean": -7.517662834026605e-05,
      "std": 0.0222914245058604
    },
    "log_return_5": {
      "mean": -0.00036773694411550644,
      "std": 0.046214313373309286
    },
    "log_return_20": {
      "mean": -0.0013818053800479576,
      "std": 0.09049596042367634
    },
    "dist_to_sma_20": {
      "mean": -8.064895403907538e-05,
      "std": 0.05003419451093207
    },
    "dist_to_sma_50": {
      "mean": -0.000278408708659561,
      "std": 0.07520059774871911
    },
    "sma_20_sma_50_ratio": {
      "mean": -0.0007665354203658307,
      "std": 0.046641618524539075
    },
    "volume_z_score_20": {
      "mean": -0.009107054291266329,
      "std": 1.0830290354643421
    },
    "atr_pct_14": {
      "mean": 2.7517396967926393,
      "std": 1.2454966571830637
    },
    "realized_volatility_20": {
      "mean": 0.08391731725743058,
      "std": 0.04938574155982122
    },
    "rsi_14": {
      "mean": 50.5681008818372,
      "std": 11.667856516897226
    },
    "bollinger_percent_b_20_2": {
      "mean": 0.5182447561932828,
      "std": 0.33191387316022253
    },
    "bollinger_bandwidth_20_2": {
      "mean": 0.12409647864572501,
      "std": 0.08431557315063963
    },
    "macd_hist_12_26_9": {
      "mean": -0.004007633303906547,
      "std": 0.9994895303381859
    },
    "return_120": {
      "mean": 0.0012426467009286734,
      "std": 0.20133796283172728
    },
    "volume_trend_5_20": {
      "mean": 0.00380895081450383,
      "std": 0.25547121503577563
    },
    "xas_rs_mkt_20": {
      "mean": -0.008878194265329492,
      "std": 0.06633127627082931
    },
    "price_volume_rank_divergence": {
      "mean": 0.03942581011938602,
      "std": 0.4785296850816981
    },
    "range_compression_60": {
      "mean": 0.5000094750805382,
      "std": 0.29539369974399476
    },
    "vol_of_vol_20": {
      "mean": 0.004460819521231684,
      "std": 0.0038717031144317555
    }
  },
  "TRAIN_WINDOW": "2017-01-01 -> 2023-12-31",
  "LABEL_CONTRACT": "TripleBarrier.ATR.daily.v1",
  "MODEL_HASH": "5770f326903bdb6a0607c12effb3c4018ea18a7ae0260301871cf6f816283745",
  "RANDOM_SEED": 42
}
