{
  "ticker": "LDOS",
  "best_params": {
    "hidden": 32,
    "lr": 0.001,
    "dropout": 0.3,
    "weight_decay": 0.0001,
    "num_layers": 1,
    "refit_epochs": 4
  },
  "kelly_fraction": null,
  "THRESHOLD_ENTRY": 0.52,
  "DIRECTION_MODE": "both",
  "CALIBRATION": {
    "theta_entry": 0.52,
    "kelly_fraction": null,
    "direction_mode": "both",
    "oof_trades": 92,
    "trade_floor_met": true,
    "oof_log_growth": 0.6148434116159057
  },
  "cv_auc_pr": 0.5927064346970673,
  "cv_folds": 4,
  "SEQ_LEN": 60,
  "FEATURE_MANIFEST": [
    "log_return_1",
    "log_return_5",
    "log_return_20",
    "dist_to_sma_20",
    "dist_to_sma_50",
    "sma_20_sma_50_ratio",
    "volume_z_score_20",
    "atr_pct_14",
    "realized_volatility_20",
    "rsi_14",
    "bollinger_percent_b_20_2",
    "bollinger_bandwidth_20_2",
    "macd_hist_12_26_9",
    "return_120",
    "ret_kurt_20",
    "dist_to_sma_200",
    "vol_of_vol_20"
  ],
  "NORM_STATS": {
    "log_return_1": {
      "mean": 0.00042601364431789547,
      "std": 0.017346359490540426
    },
    "log_return_5": {
      "mean": 0.002120796119882532,
      "std": 0.03860684738208755
    },
    "log_return_20": {
      "mean": 0.008479832755185166,
      "std": 0.07726733198113014
    },
    "dist_to_sma_20": {
      "mean": 0.004445799044264793,
      "std": 0.042280895563038844
    },
    "dist_to_sma_50": {
      "mean": 0.011485846838915697,
      "std": 0.06396403633044329
    },
    "sma_20_sma_50_ratio": {
      "mean": 0.006648214464197828,
      "std": 0.039386981583629195
    },
    "volume_z_score_20": {
      "mean": -0.01379401171611464,
      "std": 1.0790406129578778
    },
    "atr_pct_14": {
      "mean": 2.1817664748394745,
      "std": 0.898563860527962
    },
    "realized_volatility_20": {
      "mean": 0.06661347670806625,
      "std": 0.035825785785111496
    },
    "rsi_14": {
      "mean": 52.95585615576975,
      "std": 12.715377518378851
    },
    "bollinger_percent_b_20_2": {
      "mean": 0.5509114420415349,
      "std": 0.3406516499842295
    },
    "bollinger_bandwidth_20_2": {
      "mean": 0.10421008722989918,
      "std": 0.07045397006300572
    },
    "macd_hist_12_26_9": {
      "mean": 0.0003615119058356209,
      "std": 0.5456866323539933
    },
    "return_120": {
      "mean": 0.052207745054910326,
      "std": 0.1384882204163981
    },
    "ret_kurt_20": {
      "mean": 1.654664099931134,
      "std": 3.5217916314421425
    },
    "dist_to_sma_200": {
      "mean": 0.043755804182307935,
      "std": 0.09915002105342738
    },
    "vol_of_vol_20": {
      "mean": 0.004048290301692477,
      "std": 0.0031247950831178877
    }
  },
  "TRAIN_WINDOW": "2017-01-01 -> 2023-12-31",
  "LABEL_CONTRACT": "TripleBarrier.ATR.daily.v1",
  "MODEL_HASH": "f0d54ce52b490dfcc0f9254ad76bfa067156872af9374c4f8bcedebe452ebd35",
  "RANDOM_SEED": 42
}
