{
  "ticker": "COST",
  "best_params": {
    "hidden": 32,
    "lr": 0.001,
    "dropout": 0.3,
    "weight_decay": 0.0001,
    "num_layers": 1,
    "refit_epochs": 4
  },
  "kelly_fraction": null,
  "THRESHOLD_ENTRY": 0.52,
  "DIRECTION_MODE": "long_only",
  "CALIBRATION": {
    "theta_entry": 0.52,
    "kelly_fraction": null,
    "direction_mode": "long_only",
    "oof_trades": 70,
    "trade_floor_met": true,
    "oof_log_growth": 0.647132127331918
  },
  "cv_auc_pr": 0.4982099465033927,
  "cv_folds": 4,
  "SEQ_LEN": 60,
  "FEATURE_MANIFEST": [
    "log_return_1",
    "log_return_5",
    "log_return_20",
    "dist_to_sma_20",
    "dist_to_sma_50",
    "sma_20_sma_50_ratio",
    "volume_z_score_20",
    "atr_pct_14",
    "realized_volatility_20",
    "rsi_14",
    "bollinger_percent_b_20_2",
    "bollinger_bandwidth_20_2",
    "macd_hist_12_26_9",
    "ret_kurt_20",
    "xas_rs_mkt_20",
    "day_range_pos_20"
  ],
  "NORM_STATS": {
    "log_return_1": {
      "mean": 0.0008050005862953964,
      "std": 0.014506349198511804
    },
    "log_return_5": {
      "mean": 0.004034561116384708,
      "std": 0.03095228864739797
    },
    "log_return_20": {
      "mean": 0.0158337026091709,
      "std": 0.06105344066198949
    },
    "dist_to_sma_20": {
      "mean": 0.007874399105383194,
      "std": 0.033850866983462985
    },
    "dist_to_sma_50": {
      "mean": 0.019961186792529315,
      "std": 0.052180967134003754
    },
    "sma_20_sma_50_ratio": {
      "mean": 0.011725804056359854,
      "std": 0.03189151351009948
    },
    "volume_z_score_20": {
      "mean": -0.018162241001677855,
      "std": 1.0576025637575075
    },
    "atr_pct_14": {
      "mean": 1.8496375986155738,
      "std": 0.6559462273756381
    },
    "realized_volatility_20": {
      "mean": 0.05674861550512643,
      "std": 0.027895186145853474
    },
    "rsi_14": {
      "mean": 55.77540922492047,
      "std": 12.62491202590526
    },
    "bollinger_percent_b_20_2": {
      "mean": 0.6114310870843943,
      "std": 0.3244870206922872
    },
    "bollinger_bandwidth_20_2": {
      "mean": 0.08958649167075101,
      "std": 0.048351937215646415
    },
    "macd_hist_12_26_9": {
      "mean": 0.04214656693525272,
      "std": 1.950657253119865
    },
    "ret_kurt_20": {
      "mean": 1.6295693168485814,
      "std": 2.782393945672129
    },
    "xas_rs_mkt_20": {
      "mean": 0.008381381822672514,
      "std": 0.05914180910145183
    },
    "day_range_pos_20": {
      "mean": 0.6171341125839115,
      "std": 0.30076194518492216
    }
  },
  "TRAIN_WINDOW": "2017-01-01 -> 2023-12-31",
  "LABEL_CONTRACT": "TripleBarrier.ATR.daily.v1",
  "MODEL_HASH": "4441017c4961e28874acead6833a38560047143bf7faa599dc00984d19ea4072",
  "RANDOM_SEED": 42
}
