{
  "ticker": "RL",
  "best_params": {
    "hidden": 32,
    "lr": 0.001,
    "dropout": 0.3,
    "weight_decay": 0.0001,
    "num_layers": 1,
    "refit_epochs": 4
  },
  "kelly_fraction": null,
  "THRESHOLD_ENTRY": 0.52,
  "DIRECTION_MODE": "both",
  "CALIBRATION": {
    "theta_entry": 0.52,
    "kelly_fraction": null,
    "direction_mode": "both",
    "oof_trades": 88,
    "trade_floor_met": true,
    "oof_log_growth": 0.6612132249668756
  },
  "cv_auc_pr": 0.4418172573796243,
  "cv_folds": 4,
  "SEQ_LEN": 60,
  "FEATURE_MANIFEST": [
    "log_return_1",
    "log_return_5",
    "log_return_20",
    "dist_to_sma_20",
    "dist_to_sma_50",
    "sma_20_sma_50_ratio",
    "volume_z_score_20",
    "atr_pct_14",
    "realized_volatility_20",
    "rsi_14",
    "bollinger_percent_b_20_2",
    "bollinger_bandwidth_20_2",
    "macd_hist_12_26_9",
    "close_position_in_range",
    "up_streak_10",
    "bb_bandwidth_20"
  ],
  "NORM_STATS": {
    "log_return_1": {
      "mean": 0.0002658588924616892,
      "std": 0.02502186210298384
    },
    "log_return_5": {
      "mean": 0.0013587805164975938,
      "std": 0.05421993231612394
    },
    "log_return_20": {
      "mean": 0.003960086710606762,
      "std": 0.10485720161140531
    },
    "dist_to_sma_20": {
      "mean": 0.0030393103013696336,
      "std": 0.058533780100056866
    },
    "dist_to_sma_50": {
      "mean": 0.0059149648518853825,
      "std": 0.0914696787971905
    },
    "sma_20_sma_50_ratio": {
      "mean": 0.0018852324112724993,
      "std": 0.055311226574180666
    },
    "volume_z_score_20": {
      "mean": -0.0029177961273719193,
      "std": 1.0931189375252424
    },
    "atr_pct_14": {
      "mean": 3.344240574761623,
      "std": 1.298410862378394
    },
    "realized_volatility_20": {
      "mean": 0.10037912802954987,
      "std": 0.04373466740867147
    },
    "rsi_14": {
      "mean": 51.06083381752064,
      "std": 11.73515663698498
    },
    "bollinger_percent_b_20_2": {
      "mean": 0.5316517343914423,
      "std": 0.32939519359166225
    },
    "bollinger_bandwidth_20_2": {
      "mean": 0.1519404465428092,
      "std": 0.08932891042452999
    },
    "macd_hist_12_26_9": {
      "mean": 0.021357537655562395,
      "std": 0.8256169472298901
    },
    "close_position_in_range": {
      "mean": 0.5044066948433352,
      "std": 0.301250704037853
    },
    "up_streak_10": {
      "mean": 0.10801136363636366,
      "std": 0.14839489656121338
    },
    "bb_bandwidth_20": {
      "mean": 0.0379851116357023,
      "std": 0.022332227606132495
    }
  },
  "TRAIN_WINDOW": "2017-01-01 -> 2023-12-31",
  "LABEL_CONTRACT": "TripleBarrier.ATR.daily.v1",
  "MODEL_HASH": "d6dfba2076453c7a70e5f944521e312986d6c19307f82896c9e9de832f097ce1",
  "RANDOM_SEED": 42
}
