{
  "ticker": "AFL",
  "best_params": {
    "hidden": 32,
    "lr": 0.001,
    "dropout": 0.3,
    "weight_decay": 0.0001,
    "num_layers": 1,
    "refit_epochs": 4
  },
  "kelly_fraction": null,
  "THRESHOLD_ENTRY": 0.6,
  "DIRECTION_MODE": "both",
  "CALIBRATION": {
    "theta_entry": 0.6,
    "kelly_fraction": null,
    "direction_mode": "both",
    "oof_trades": 8,
    "trade_floor_met": true,
    "oof_log_growth": 0.2975952792505133
  },
  "cv_auc_pr": 0.4797420092355387,
  "cv_folds": 4,
  "SEQ_LEN": 60,
  "FEATURE_MANIFEST": [
    "log_return_1",
    "log_return_5",
    "log_return_20",
    "dist_to_sma_20",
    "dist_to_sma_50",
    "sma_20_sma_50_ratio",
    "volume_z_score_20",
    "atr_pct_14",
    "realized_volatility_20",
    "rsi_14",
    "bollinger_percent_b_20_2",
    "bollinger_bandwidth_20_2",
    "macd_hist_12_26_9",
    "ret_skew_20",
    "up_streak_10",
    "trend_efficiency_20"
  ],
  "NORM_STATS": {
    "log_return_1": {
      "mean": 0.0004904870237393442,
      "std": 0.017644984098607038
    },
    "log_return_5": {
      "mean": 0.0024185181154455994,
      "std": 0.03941133723844489
    },
    "log_return_20": {
      "mean": 0.009763557211008004,
      "std": 0.07456820041904591
    },
    "dist_to_sma_20": {
      "mean": 0.005001311459417381,
      "std": 0.04023689733110631
    },
    "dist_to_sma_50": {
      "mean": 0.012636523562037299,
      "std": 0.05806304681980586
    },
    "sma_20_sma_50_ratio": {
      "mean": 0.007312714553144335,
      "std": 0.03651192534838144
    },
    "volume_z_score_20": {
      "mean": -0.023034393056419678,
      "std": 1.0719827687560395
    },
    "atr_pct_14": {
      "mean": 1.9889646253655102,
      "std": 1.1992952783809399
    },
    "realized_volatility_20": {
      "mean": 0.05955876541984407,
      "std": 0.04891987333832788
    },
    "rsi_14": {
      "mean": 54.05577213162746,
      "std": 11.213994556266657
    },
    "bollinger_percent_b_20_2": {
      "mean": 0.5830265471263152,
      "std": 0.3219174161367609
    },
    "bollinger_bandwidth_20_2": {
      "mean": 0.08966298221763994,
      "std": 0.08388706436023184
    },
    "macd_hist_12_26_9": {
      "mean": 0.0006814950038442899,
      "std": 0.2721274647063585
    },
    "ret_skew_20": {
      "mean": -0.13834594756206653,
      "std": 0.9793521068834913
    },
    "up_streak_10": {
      "mean": 0.121875,
      "std": 0.16227749189274526
    },
    "trend_efficiency_20": {
      "mean": 4.479178589807561,
      "std": 3.347483423004779
    }
  },
  "TRAIN_WINDOW": "2017-01-01 -> 2023-12-31",
  "LABEL_CONTRACT": "TripleBarrier.ATR.daily.v1",
  "MODEL_HASH": "2b07f4c13b4b7012ea40f5b961892282551037cc1b83f44d60cad63c0f8bcae8",
  "RANDOM_SEED": 42
}
