{
  "ticker": "KMI",
  "best_params": {
    "hidden": 32,
    "lr": 0.001,
    "dropout": 0.3,
    "weight_decay": 0.0001,
    "num_layers": 1,
    "refit_epochs": 4
  },
  "kelly_fraction": null,
  "THRESHOLD_ENTRY": 0.56,
  "DIRECTION_MODE": "both",
  "CALIBRATION": {
    "theta_entry": 0.56,
    "kelly_fraction": null,
    "direction_mode": "both",
    "oof_trades": 32,
    "trade_floor_met": true,
    "oof_log_growth": 0.23172425446761122
  },
  "cv_auc_pr": 0.4656149444757048,
  "cv_folds": 4,
  "SEQ_LEN": 60,
  "FEATURE_MANIFEST": [
    "log_return_1",
    "log_return_5",
    "log_return_20",
    "dist_to_sma_20",
    "dist_to_sma_50",
    "sma_20_sma_50_ratio",
    "volume_z_score_20",
    "atr_pct_14",
    "realized_volatility_20",
    "rsi_14",
    "bollinger_percent_b_20_2",
    "bollinger_bandwidth_20_2",
    "macd_hist_12_26_9",
    "return_120",
    "close_position_in_range",
    "atr_ratio_5_20",
    "ret_skew_20",
    "stoch_k_14"
  ],
  "NORM_STATS": {
    "log_return_1": {
      "mean": -9.13524871806266e-05,
      "std": 0.018774017098543788
    },
    "log_return_5": {
      "mean": -0.000465507030564366,
      "std": 0.040882999333620836
    },
    "log_return_20": {
      "mean": -0.002041695132213402,
      "std": 0.0804810593019456
    },
    "dist_to_sma_20": {
      "mean": -0.0004772790666370803,
      "std": 0.043048769709783996
    },
    "dist_to_sma_50": {
      "mean": -0.0017712054927271756,
      "std": 0.06335827998592095
    },
    "sma_20_sma_50_ratio": {
      "mean": -0.0016492279650148695,
      "std": 0.03982381905135662
    },
    "volume_z_score_20": {
      "mean": 0.004100952513818818,
      "std": 1.0797634949670292
    },
    "atr_pct_14": {
      "mean": 2.390891822908055,
      "std": 1.1802924361376703
    },
    "realized_volatility_20": {
      "mean": 0.06814417654829004,
      "std": 0.04571113061072468
    },
    "rsi_14": {
      "mean": 50.18161856416112,
      "std": 11.007615750162381
    },
    "bollinger_percent_b_20_2": {
      "mean": 0.5017053486244248,
      "std": 0.3313841120829057
    },
    "bollinger_bandwidth_20_2": {
      "mean": 0.10125720582990884,
      "std": 0.083085247155649
    },
    "macd_hist_12_26_9": {
      "mean": 0.0005472249609589908,
      "std": 0.10606796720463327
    },
    "return_120": {
      "mean": -0.014785430913580764,
      "std": 0.14407259680566856
    },
    "close_position_in_range": {
      "mean": 0.5000524746283584,
      "std": 0.2978020961762576
    },
    "atr_ratio_5_20": {
      "mean": 0.9883866075156464,
      "std": 0.14272918407868565
    },
    "ret_skew_20": {
      "mean": 0.015302220324119622,
      "std": 0.6561314458719716
    },
    "stoch_k_14": {
      "mean": 52.15476728462821,
      "std": 29.55531146082955
    }
  },
  "TRAIN_WINDOW": "2017-01-01 -> 2023-12-31",
  "LABEL_CONTRACT": "TripleBarrier.ATR.daily.v1",
  "MODEL_HASH": "6a027b6833365231a03ea52506296d676db3a3eddc6aaeb4e7abe16917b00bdd",
  "RANDOM_SEED": 42
}
