{
  "ticker": "FTV",
  "best_params": {
    "hidden": 32,
    "lr": 0.001,
    "dropout": 0.3,
    "weight_decay": 0.0001,
    "num_layers": 1,
    "refit_epochs": 4
  },
  "kelly_fraction": null,
  "THRESHOLD_ENTRY": 0.58,
  "DIRECTION_MODE": "both",
  "CALIBRATION": {
    "theta_entry": 0.58,
    "kelly_fraction": null,
    "direction_mode": "both",
    "oof_trades": 10,
    "trade_floor_met": true,
    "oof_log_growth": -0.02326878430539229
  },
  "cv_auc_pr": 0.41836784588722065,
  "cv_folds": 4,
  "SEQ_LEN": 60,
  "FEATURE_MANIFEST": [
    "log_return_1",
    "log_return_5",
    "log_return_20",
    "dist_to_sma_20",
    "dist_to_sma_50",
    "sma_20_sma_50_ratio",
    "volume_z_score_20",
    "atr_pct_14",
    "realized_volatility_20",
    "rsi_14",
    "bollinger_percent_b_20_2",
    "bollinger_bandwidth_20_2",
    "macd_hist_12_26_9",
    "atr_ratio_5_20",
    "ret_skew_20",
    "overnight_intraday_spread_20"
  ],
  "NORM_STATS": {
    "log_return_1": {
      "mean": 0.0001799434402316086,
      "std": 0.017505417064984933
    },
    "log_return_5": {
      "mean": 0.0008702350287065506,
      "std": 0.03881366831593376
    },
    "log_return_20": {
      "mean": 0.0031257437109271403,
      "std": 0.0747598917059343
    },
    "dist_to_sma_20": {
      "mean": 0.0019586163829573584,
      "std": 0.04127153706503499
    },
    "dist_to_sma_50": {
      "mean": 0.004440030449050112,
      "std": 0.06096178610987936
    },
    "sma_20_sma_50_ratio": {
      "mean": 0.0021336563209654754,
      "std": 0.03770841570610027
    },
    "volume_z_score_20": {
      "mean": 0.02026275185808914,
      "std": 1.103478241551303
    },
    "atr_pct_14": {
      "mean": 2.1952535527642842,
      "std": 1.0215026259368571
    },
    "realized_volatility_20": {
      "mean": 0.0666065136326963,
      "std": 0.03751172712022674
    },
    "rsi_14": {
      "mean": 52.20400744670731,
      "std": 11.82404784182643
    },
    "bollinger_percent_b_20_2": {
      "mean": 0.5497314610613406,
      "std": 0.3281409356180068
    },
    "bollinger_bandwidth_20_2": {
      "mean": 0.10143837260084916,
      "std": 0.07247731763235263
    },
    "macd_hist_12_26_9": {
      "mean": 0.001890333490473236,
      "std": 0.3937300108094075
    },
    "atr_ratio_5_20": {
      "mean": 0.9933687870435971,
      "std": 0.1568380868569837
    },
    "ret_skew_20": {
      "mean": -0.08399315589596314,
      "std": 0.8284126423404627
    },
    "overnight_intraday_spread_20": {
      "mean": 0.0005824668949092046,
      "std": 0.004681647649219945
    }
  },
  "TRAIN_WINDOW": "2017-01-01 -> 2023-12-31",
  "LABEL_CONTRACT": "TripleBarrier.ATR.daily.v1",
  "MODEL_HASH": "1c95d16897d5dc501ef81346306dc8e36ad84bd08883db908799bffc6aedd5be",
  "RANDOM_SEED": 42
}
