{
  "ticker": "TYL",
  "best_params": {
    "hidden": 32,
    "lr": 0.001,
    "dropout": 0.3,
    "weight_decay": 0.0001,
    "num_layers": 1,
    "refit_epochs": 4
  },
  "kelly_fraction": null,
  "THRESHOLD_ENTRY": 0.52,
  "DIRECTION_MODE": "both",
  "CALIBRATION": {
    "theta_entry": 0.52,
    "kelly_fraction": null,
    "direction_mode": "both",
    "oof_trades": 95,
    "trade_floor_met": true,
    "oof_log_growth": 0.38577370099211655
  },
  "cv_auc_pr": 0.46686043281699474,
  "cv_folds": 4,
  "SEQ_LEN": 60,
  "FEATURE_MANIFEST": [
    "log_return_1",
    "log_return_5",
    "log_return_20",
    "dist_to_sma_20",
    "dist_to_sma_50",
    "sma_20_sma_50_ratio",
    "volume_z_score_20",
    "atr_pct_14",
    "realized_volatility_20",
    "rsi_14",
    "bollinger_percent_b_20_2",
    "bollinger_bandwidth_20_2",
    "macd_hist_12_26_9",
    "momentum_60",
    "close_z_score_20",
    "xas_rs_mkt_20",
    "trend_efficiency_20"
  ],
  "NORM_STATS": {
    "log_return_1": {
      "mean": 0.0006106769949633862,
      "std": 0.01825434637354551
    },
    "log_return_5": {
      "mean": 0.0030306554079131366,
      "std": 0.03970378517622726
    },
    "log_return_20": {
      "mean": 0.011868402418129212,
      "std": 0.07415632048507809
    },
    "dist_to_sma_20": {
      "mean": 0.0060742297890128555,
      "std": 0.041898328064477346
    },
    "dist_to_sma_50": {
      "mean": 0.015245716190778535,
      "std": 0.0643016517532028
    },
    "sma_20_sma_50_ratio": {
      "mean": 0.00868212989058557,
      "std": 0.03879651561928401
    },
    "volume_z_score_20": {
      "mean": 0.0030887108164464384,
      "std": 1.0703817970275211
    },
    "atr_pct_14": {
      "mean": 2.4645771046583502,
      "std": 0.8407376938027796
    },
    "realized_volatility_20": {
      "mean": 0.07257246699059099,
      "std": 0.03375519109359453
    },
    "rsi_14": {
      "mean": 54.08844571303002,
      "std": 11.941822978476202
    },
    "bollinger_percent_b_20_2": {
      "mean": 0.5717726368528181,
      "std": 0.32863732631965076
    },
    "bollinger_bandwidth_20_2": {
      "mean": 0.11102410347625906,
      "std": 0.06053074398144815
    },
    "macd_hist_12_26_9": {
      "mean": 0.012336989204863542,
      "std": 2.0785687935560944
    },
    "momentum_60": {
      "mean": 0.03253131131819722,
      "std": 0.12259841797802898
    },
    "close_z_score_20": {
      "mean": 0.28709054741127255,
      "std": 1.314549305278603
    },
    "xas_rs_mkt_20": {
      "mean": 0.00440817585703875,
      "std": 0.06273240175940414
    },
    "trend_efficiency_20": {
      "mean": 4.747181453324766,
      "std": 3.4967546870316073
    }
  },
  "TRAIN_WINDOW": "2017-01-01 -> 2023-12-31",
  "LABEL_CONTRACT": "TripleBarrier.ATR.daily.v1",
  "MODEL_HASH": "6144f74f7b9998b213de41e83349c4de5c14221123bb0cc93b04887399035527",
  "RANDOM_SEED": 42
}
