{
  "ticker": "DECK",
  "best_params": {
    "hidden": 32,
    "lr": 0.001,
    "dropout": 0.3,
    "weight_decay": 0.0001,
    "num_layers": 1,
    "refit_epochs": 4
  },
  "kelly_fraction": null,
  "THRESHOLD_ENTRY": 0.5,
  "DIRECTION_MODE": "long_only",
  "CALIBRATION": {
    "theta_entry": 0.5,
    "kelly_fraction": null,
    "direction_mode": "long_only",
    "oof_trades": 106,
    "trade_floor_met": true,
    "oof_log_growth": 0.6676511242780769
  },
  "cv_auc_pr": 0.5325051290139449,
  "cv_folds": 4,
  "SEQ_LEN": 60,
  "FEATURE_MANIFEST": [
    "log_return_1",
    "log_return_5",
    "log_return_20",
    "dist_to_sma_20",
    "dist_to_sma_50",
    "sma_20_sma_50_ratio",
    "volume_z_score_20",
    "atr_pct_14",
    "realized_volatility_20",
    "rsi_14",
    "bollinger_percent_b_20_2",
    "bollinger_bandwidth_20_2",
    "macd_hist_12_26_9",
    "momentum_60",
    "gap_open_z20",
    "dist_to_high_252",
    "dist_to_sma_10",
    "price_volume_rank_divergence"
  ],
  "NORM_STATS": {
    "log_return_1": {
      "mean": 0.0014149382229624889,
      "std": 0.02582986184277591
    },
    "log_return_5": {
      "mean": 0.0071679751821555875,
      "std": 0.05835914494627857
    },
    "log_return_20": {
      "mean": 0.02831442235380602,
      "std": 0.10672050297880792
    },
    "dist_to_sma_20": {
      "mean": 0.014460867768725532,
      "std": 0.059879627952711005
    },
    "dist_to_sma_50": {
      "mean": 0.03618680119138651,
      "std": 0.08957995919906932
    },
    "sma_20_sma_50_ratio": {
      "mean": 0.02071058947501153,
      "std": 0.053618422670278575
    },
    "volume_z_score_20": {
      "mean": 0.02299810478945003,
      "std": 1.0935887158338844
    },
    "atr_pct_14": {
      "mean": 3.2957531203392336,
      "std": 1.2210471245745416
    },
    "realized_volatility_20": {
      "mean": 0.10185800630565241,
      "std": 0.04934816748340194
    },
    "rsi_14": {
      "mean": 54.986494922648355,
      "std": 11.71442869397081
    },
    "bollinger_percent_b_20_2": {
      "mean": 0.5832994476889355,
      "std": 0.3242878632399947
    },
    "bollinger_bandwidth_20_2": {
      "mean": 0.15539661723249687,
      "std": 0.09923121588634368
    },
    "macd_hist_12_26_9": {
      "mean": 0.007953139376091654,
      "std": 0.3531907422662489
    },
    "momentum_60": {
      "mean": 0.08048798401431709,
      "std": 0.16041928744132727
    },
    "gap_open_z20": {
      "mean": -0.013596678114121696,
      "std": 1.016387535009797
    },
    "dist_to_high_252": {
      "mean": -0.11441873803806608,
      "std": 0.11434974260407696
    },
    "dist_to_sma_10": {
      "mean": 0.00687116203683346,
      "std": 0.042854303368703744
    },
    "price_volume_rank_divergence": {
      "mean": 0.14383522727272727,
      "std": 0.4719109256137059
    }
  },
  "TRAIN_WINDOW": "2017-01-01 -> 2023-12-31",
  "LABEL_CONTRACT": "TripleBarrier.ATR.daily.v1",
  "MODEL_HASH": "7bd3a1ebe32cadf71425d9c34d1d19233c1576818036893a2830f7f0bb2113a7",
  "RANDOM_SEED": 42
}
