{
  "ticker": "VRT",
  "best_params": {
    "hidden": 32,
    "lr": 0.001,
    "dropout": 0.3,
    "weight_decay": 0.0001,
    "num_layers": 1,
    "refit_epochs": 4
  },
  "kelly_fraction": null,
  "THRESHOLD_ENTRY": 0.54,
  "DIRECTION_MODE": "both",
  "CALIBRATION": {
    "theta_entry": 0.54,
    "kelly_fraction": null,
    "direction_mode": "both",
    "oof_trades": 48,
    "trade_floor_met": true,
    "oof_log_growth": 0.6294881972631852
  },
  "cv_auc_pr": 0.5934207338304992,
  "cv_folds": 4,
  "SEQ_LEN": 60,
  "FEATURE_MANIFEST": [
    "log_return_1",
    "log_return_5",
    "log_return_20",
    "dist_to_sma_20",
    "dist_to_sma_50",
    "sma_20_sma_50_ratio",
    "volume_z_score_20",
    "atr_pct_14",
    "realized_volatility_20",
    "rsi_14",
    "bollinger_percent_b_20_2",
    "bollinger_bandwidth_20_2",
    "macd_hist_12_26_9",
    "return_120",
    "overnight_intraday_spread_20",
    "illiquidity_amihud_20",
    "zscore_close_20"
  ],
  "NORM_STATS": {
    "log_return_1": {
      "mean": 0.0011876719344023517,
      "std": 0.032412997569369016
    },
    "log_return_5": {
      "mean": 0.005982461482473543,
      "std": 0.07582096991121569
    },
    "log_return_20": {
      "mean": 0.023902424463423173,
      "std": 0.15225574593294208
    },
    "dist_to_sma_20": {
      "mean": 0.013151492383829677,
      "std": 0.08123275817399479
    },
    "dist_to_sma_50": {
      "mean": 0.034021057412737137,
      "std": 0.1341466595102134
    },
    "sma_20_sma_50_ratio": {
      "mean": 0.01811532379197533,
      "std": 0.08182288140548466
    },
    "volume_z_score_20": {
      "mean": 0.0027714463277121962,
      "std": 1.0817617367685806
    },
    "atr_pct_14": {
      "mean": 3.6478704960772577,
      "std": 2.5868941100756078
    },
    "realized_volatility_20": {
      "mean": 0.10746403316011252,
      "std": 0.09242215400739746
    },
    "rsi_14": {
      "mean": 55.13045456046445,
      "std": 12.693248548123549
    },
    "bollinger_percent_b_20_2": {
      "mean": 0.5979941063645708,
      "std": 0.3272798573838811
    },
    "bollinger_bandwidth_20_2": {
      "mean": 0.1760230357571927,
      "std": 0.17108176182174026
    },
    "macd_hist_12_26_9": {
      "mean": 0.005188840279845054,
      "std": 0.1863285560468032
    },
    "return_120": {
      "mean": 0.13343553832928032,
      "std": 0.41316685437386497
    },
    "overnight_intraday_spread_20": {
      "mean": 0.0008700312069970744,
      "std": 0.007994528226866224
    },
    "illiquidity_amihud_20": {
      "mean": 0.0012615904579276862,
      "std": 0.0009557763799710042
    },
    "zscore_close_20": {
      "mean": 0.3919764254582832,
      "std": 1.3091194295355246
    }
  },
  "TRAIN_WINDOW": "2017-01-01 -> 2023-12-31",
  "LABEL_CONTRACT": "TripleBarrier.ATR.daily.v1",
  "MODEL_HASH": "c6be765fc09a70937ad8bfe3cd98cf9fddc4502b5f0d39ec0229c8bffb952593",
  "RANDOM_SEED": 42
}
