{
  "ticker": "PANW",
  "best_params": {
    "hidden": 32,
    "lr": 0.001,
    "dropout": 0.3,
    "weight_decay": 0.0001,
    "num_layers": 1,
    "refit_epochs": 4
  },
  "kelly_fraction": null,
  "THRESHOLD_ENTRY": 0.5,
  "DIRECTION_MODE": "long_only",
  "CALIBRATION": {
    "theta_entry": 0.5,
    "kelly_fraction": null,
    "direction_mode": "long_only",
    "oof_trades": 115,
    "trade_floor_met": true,
    "oof_log_growth": 1.0519031042553202
  },
  "cv_auc_pr": 0.4939372001945508,
  "cv_folds": 4,
  "SEQ_LEN": 60,
  "FEATURE_MANIFEST": [
    "log_return_1",
    "log_return_5",
    "log_return_20",
    "dist_to_sma_20",
    "dist_to_sma_50",
    "sma_20_sma_50_ratio",
    "volume_z_score_20",
    "atr_pct_14",
    "realized_volatility_20",
    "rsi_14",
    "bollinger_percent_b_20_2",
    "bollinger_bandwidth_20_2",
    "macd_hist_12_26_9",
    "gap_open_z20",
    "vol_of_vol_20",
    "illiquidity_amihud_20",
    "trend_align_5_10"
  ],
  "NORM_STATS": {
    "log_return_1": {
      "mean": 0.0011117061161738234,
      "std": 0.024043530053183004
    },
    "log_return_5": {
      "mean": 0.005562438818720513,
      "std": 0.05459056257889138
    },
    "log_return_20": {
      "mean": 0.022159838293418953,
      "std": 0.11129248278347606
    },
    "dist_to_sma_20": {
      "mean": 0.011490985582388766,
      "std": 0.060317218384655265
    },
    "dist_to_sma_50": {
      "mean": 0.02806552675578851,
      "std": 0.0954134774574759
    },
    "sma_20_sma_50_ratio": {
      "mean": 0.01547106587642565,
      "std": 0.05914882166022835
    },
    "volume_z_score_20": {
      "mean": -0.0017562371960934792,
      "std": 1.1069768987734672
    },
    "atr_pct_14": {
      "mean": 3.012303472254037,
      "std": 0.9306573885019728
    },
    "realized_volatility_20": {
      "mean": 0.09450486137243698,
      "std": 0.04465747279468093
    },
    "rsi_14": {
      "mean": 54.23571164801989,
      "std": 12.993088794748505
    },
    "bollinger_percent_b_20_2": {
      "mean": 0.5889940272850213,
      "std": 0.3288550092175274
    },
    "bollinger_bandwidth_20_2": {
      "mean": 0.1530104898368902,
      "std": 0.0932755039803949
    },
    "macd_hist_12_26_9": {
      "mean": 0.012996040212499128,
      "std": 0.5347035982863937
    },
    "gap_open_z20": {
      "mean": -0.005409035599318516,
      "std": 1.0264877439401232
    },
    "vol_of_vol_20": {
      "mean": 0.0058297144331224664,
      "std": 0.005299710524041088
    },
    "illiquidity_amihud_20": {
      "mean": 0.0009978765809329903,
      "std": 0.00039284288315740844
    },
    "trend_align_5_10": {
      "mean": 0.5193181818181818,
      "std": 0.8539158403476858
    }
  },
  "TRAIN_WINDOW": "2017-01-01 -> 2023-12-31",
  "LABEL_CONTRACT": "TripleBarrier.ATR.daily.v1",
  "MODEL_HASH": "5ebfe056efea36a97e4a7eb280ed66ad236c09953798b88ff2e5a87f11ee9b4c",
  "RANDOM_SEED": 42
}
