{
  "ticker": "KIM",
  "best_params": {
    "hidden": 32,
    "lr": 0.001,
    "dropout": 0.3,
    "weight_decay": 0.0001,
    "num_layers": 1,
    "refit_epochs": 4
  },
  "kelly_fraction": null,
  "THRESHOLD_ENTRY": 0.52,
  "DIRECTION_MODE": "both",
  "CALIBRATION": {
    "theta_entry": 0.52,
    "kelly_fraction": null,
    "direction_mode": "both",
    "oof_trades": 28,
    "trade_floor_met": true,
    "oof_log_growth": -0.10660551654973503
  },
  "cv_auc_pr": 0.43264716657976765,
  "cv_folds": 4,
  "SEQ_LEN": 60,
  "FEATURE_MANIFEST": [
    "log_return_1",
    "log_return_5",
    "log_return_20",
    "dist_to_sma_20",
    "dist_to_sma_50",
    "sma_20_sma_50_ratio",
    "volume_z_score_20",
    "atr_pct_14",
    "realized_volatility_20",
    "rsi_14",
    "bollinger_percent_b_20_2",
    "bollinger_bandwidth_20_2",
    "macd_hist_12_26_9",
    "return_120",
    "dist_to_high_252",
    "ret_kurt_20"
  ],
  "NORM_STATS": {
    "log_return_1": {
      "mean": -9.508122494364561e-05,
      "std": 0.023957578078972187
    },
    "log_return_5": {
      "mean": -0.0003965326999532312,
      "std": 0.05565586046721033
    },
    "log_return_20": {
      "mean": -0.00210070865986451,
      "std": 0.1089186536002873
    },
    "dist_to_sma_20": {
      "mean": -4.4714627287490376e-05,
      "std": 0.058238165924018974
    },
    "dist_to_sma_50": {
      "mean": -0.0009021051461899415,
      "std": 0.0931686220045904
    },
    "sma_20_sma_50_ratio": {
      "mean": -0.00199468071336005,
      "std": 0.05872042568854433
    },
    "volume_z_score_20": {
      "mean": 0.007911855930636742,
      "std": 1.0866215141085906
    },
    "atr_pct_14": {
      "mean": 2.938719963554645,
      "std": 1.6821527909452834
    },
    "realized_volatility_20": {
      "mean": 0.0874225616140057,
      "std": 0.05676045990550238
    },
    "rsi_14": {
      "mean": 49.87036924146459,
      "std": 11.772830516180488
    },
    "bollinger_percent_b_20_2": {
      "mean": 0.49876040455834786,
      "std": 0.3309046768812332
    },
    "bollinger_bandwidth_20_2": {
      "mean": 0.13270422054512854,
      "std": 0.11230930036590826
    },
    "macd_hist_12_26_9": {
      "mean": 0.002435618772152334,
      "std": 0.12503796340626025
    },
    "return_120": {
      "mean": -0.02667317020405811,
      "std": 0.24482831477738703
    },
    "dist_to_high_252": {
      "mean": -0.20498281147546019,
      "std": 0.14959470376200854
    },
    "ret_kurt_20": {
      "mean": 0.5083108489557019,
      "std": 1.8824278605597407
    }
  },
  "TRAIN_WINDOW": "2017-01-01 -> 2023-12-31",
  "LABEL_CONTRACT": "TripleBarrier.ATR.daily.v1",
  "MODEL_HASH": "96c35f7c02a7257fefed41c6aedab9f6d456614aac3a5157702bd06fa411378c",
  "RANDOM_SEED": 42
}
