{
  "ticker": "LLY",
  "best_params": {
    "hidden": 32,
    "lr": 0.001,
    "dropout": 0.3,
    "weight_decay": 0.0001,
    "num_layers": 1,
    "refit_epochs": 4
  },
  "kelly_fraction": null,
  "THRESHOLD_ENTRY": 0.54,
  "DIRECTION_MODE": "both",
  "CALIBRATION": {
    "theta_entry": 0.54,
    "kelly_fraction": null,
    "direction_mode": "both",
    "oof_trades": 97,
    "trade_floor_met": true,
    "oof_log_growth": 0.9032111017560627
  },
  "cv_auc_pr": 0.561725619598064,
  "cv_folds": 4,
  "SEQ_LEN": 60,
  "FEATURE_MANIFEST": [
    "log_return_1",
    "log_return_5",
    "log_return_20",
    "dist_to_sma_20",
    "dist_to_sma_50",
    "sma_20_sma_50_ratio",
    "volume_z_score_20",
    "atr_pct_14",
    "realized_volatility_20",
    "rsi_14",
    "bollinger_percent_b_20_2",
    "bollinger_bandwidth_20_2",
    "macd_hist_12_26_9",
    "momentum_60",
    "close_position_in_range",
    "rsi_2",
    "dist_to_sma_10",
    "xas_mkt_lead_ret_1"
  ],
  "NORM_STATS": {
    "log_return_1": {
      "mean": 0.0011765079908764447,
      "std": 0.017544816733304467
    },
    "log_return_5": {
      "mean": 0.0058538920371402885,
      "std": 0.036980957560001027
    },
    "log_return_20": {
      "mean": 0.023951456608920844,
      "std": 0.07067630422602433
    },
    "dist_to_sma_20": {
      "mean": 0.011614246390542092,
      "std": 0.0398830888758062
    },
    "dist_to_sma_50": {
      "mean": 0.03043507326277942,
      "std": 0.06518461771056276
    },
    "sma_20_sma_50_ratio": {
      "mean": 0.018117735763489212,
      "std": 0.03883093333235942
    },
    "volume_z_score_20": {
      "mean": 0.01586105389075307,
      "std": 1.0949322429568138
    },
    "atr_pct_14": {
      "mean": 2.2661122443658384,
      "std": 0.7021237381839482
    },
    "realized_volatility_20": {
      "mean": 0.06875839077641994,
      "std": 0.03436044581865327
    },
    "rsi_14": {
      "mean": 55.37785804090156,
      "std": 12.894174168116136
    },
    "bollinger_percent_b_20_2": {
      "mean": 0.5855824979489499,
      "std": 0.3294242738465783
    },
    "bollinger_bandwidth_20_2": {
      "mean": 0.10602799215595572,
      "std": 0.05859041990165578
    },
    "macd_hist_12_26_9": {
      "mean": -0.006353852251717768,
      "std": 1.478199751696216
    },
    "momentum_60": {
      "mean": 0.07055742869492533,
      "std": 0.11665783869190618
    },
    "close_position_in_range": {
      "mean": 0.5214474342469502,
      "std": 0.2942420737221103
    },
    "rsi_2": {
      "mean": 55.29122512623797,
      "std": 31.03197799295054
    },
    "dist_to_sma_10": {
      "mean": 0.0054314752036046104,
      "std": 0.0277462607549635
    },
    "xas_mkt_lead_ret_1": {
      "mean": 0.0003884000493638808,
      "std": 0.012766863043298632
    }
  },
  "TRAIN_WINDOW": "2017-01-01 -> 2023-12-31",
  "LABEL_CONTRACT": "TripleBarrier.ATR.daily.v1",
  "MODEL_HASH": "96fe8430a02476ba28e684f30858bfba37f0f9bd75b394749373f09533e069b8",
  "RANDOM_SEED": 42
}
