{
  "ticker": "CLX",
  "best_params": {
    "hidden": 32,
    "lr": 0.001,
    "dropout": 0.3,
    "weight_decay": 0.0001,
    "num_layers": 1,
    "refit_epochs": 4
  },
  "kelly_fraction": null,
  "THRESHOLD_ENTRY": 0.6,
  "DIRECTION_MODE": "both",
  "CALIBRATION": {
    "theta_entry": 0.6,
    "kelly_fraction": null,
    "direction_mode": "both",
    "oof_trades": 16,
    "trade_floor_met": true,
    "oof_log_growth": 0.04317602327151025
  },
  "cv_auc_pr": 0.4880173229433863,
  "cv_folds": 4,
  "SEQ_LEN": 60,
  "FEATURE_MANIFEST": [
    "log_return_1",
    "log_return_5",
    "log_return_20",
    "dist_to_sma_20",
    "dist_to_sma_50",
    "sma_20_sma_50_ratio",
    "volume_z_score_20",
    "atr_pct_14",
    "realized_volatility_20",
    "rsi_14",
    "bollinger_percent_b_20_2",
    "bollinger_bandwidth_20_2",
    "macd_hist_12_26_9",
    "dist_to_sma_200",
    "dist_to_sma_10",
    "trend_efficiency_20",
    "vol_of_vol_20"
  ],
  "NORM_STATS": {
    "log_return_1": {
      "mean": 9.769201315359808e-05,
      "std": 0.015936996085118647
    },
    "log_return_5": {
      "mean": 0.0004571351572490892,
      "std": 0.03385892692227923
    },
    "log_return_20": {
      "mean": 0.002141435569082873,
      "std": 0.06388592726024478
    },
    "dist_to_sma_20": {
      "mean": 0.0012159335754146092,
      "std": 0.0353455963284145
    },
    "dist_to_sma_50": {
      "mean": 0.0031814106344258217,
      "std": 0.055322818414024755
    },
    "sma_20_sma_50_ratio": {
      "mean": 0.0016254098191923198,
      "std": 0.03396833187268752
    },
    "volume_z_score_20": {
      "mean": 0.028725109121727682,
      "std": 1.0952517126814463
    },
    "atr_pct_14": {
      "mean": 2.059462577881505,
      "std": 0.7012481968355162
    },
    "realized_volatility_20": {
      "mean": 0.06288220956116822,
      "std": 0.030340510883220706
    },
    "rsi_14": {
      "mean": 51.18994623136977,
      "std": 11.963256390739081
    },
    "bollinger_percent_b_20_2": {
      "mean": 0.520734787655158,
      "std": 0.33413491366357667
    },
    "bollinger_bandwidth_20_2": {
      "mean": 0.09192125274531872,
      "std": 0.054039765649754504
    },
    "macd_hist_12_26_9": {
      "mean": 0.0018064198755156009,
      "std": 0.757450244722684
    },
    "dist_to_sma_200": {
      "mean": 0.010539163553519224,
      "std": 0.10124311717251733
    },
    "dist_to_sma_10": {
      "mean": 0.0005356436174436566,
      "std": 0.02481771482684539
    },
    "trend_efficiency_20": {
      "mean": 4.6557064667426875,
      "std": 3.3430160819219936
    },
    "vol_of_vol_20": {
      "mean": 0.0038968557495965075,
      "std": 0.003179648893124371
    }
  },
  "TRAIN_WINDOW": "2017-01-01 -> 2023-12-31",
  "LABEL_CONTRACT": "TripleBarrier.ATR.daily.v1",
  "MODEL_HASH": "7e43c6df76598884b9931d760ac1ccd917f86134d8630e67721f1f9c8a3b5599",
  "RANDOM_SEED": 42
}
