{
  "ticker": "AMCR",
  "best_params": {
    "hidden": 32,
    "lr": 0.001,
    "dropout": 0.3,
    "weight_decay": 0.0001,
    "num_layers": 1,
    "refit_epochs": 4
  },
  "kelly_fraction": null,
  "THRESHOLD_ENTRY": 0.52,
  "DIRECTION_MODE": "long_only",
  "CALIBRATION": {
    "theta_entry": 0.52,
    "kelly_fraction": null,
    "direction_mode": "long_only",
    "oof_trades": 19,
    "trade_floor_met": true,
    "oof_log_growth": 0.10917969347110384
  },
  "cv_auc_pr": 0.43814532081061236,
  "cv_folds": 4,
  "SEQ_LEN": 60,
  "FEATURE_MANIFEST": [
    "log_return_1",
    "log_return_5",
    "log_return_20",
    "dist_to_sma_20",
    "dist_to_sma_50",
    "sma_20_sma_50_ratio",
    "volume_z_score_20",
    "atr_pct_14",
    "realized_volatility_20",
    "rsi_14",
    "bollinger_percent_b_20_2",
    "bollinger_bandwidth_20_2",
    "macd_hist_12_26_9",
    "trend_efficiency_20",
    "zscore_close_20"
  ],
  "NORM_STATS": {
    "log_return_1": {
      "mean": -0.00013031746464111299,
      "std": 0.01928057955894497
    },
    "log_return_5": {
      "mean": -0.0005563454568809265,
      "std": 0.041296829512493825
    },
    "log_return_20": {
      "mean": -0.0027013257812459526,
      "std": 0.07327379735333858
    },
    "dist_to_sma_20": {
      "mean": -0.0009919440086410118,
      "std": 0.04017270299386647
    },
    "dist_to_sma_50": {
      "mean": -0.0018399204920811266,
      "std": 0.05991271529837337
    },
    "sma_20_sma_50_ratio": {
      "mean": -0.00202053073855781,
      "std": 0.03684574335303842
    },
    "volume_z_score_20": {
      "mean": 0.020780124288982106,
      "std": 1.0960009805570674
    },
    "atr_pct_14": {
      "mean": 2.4674810267670306,
      "std": 0.9843060775225727
    },
    "realized_volatility_20": {
      "mean": 0.07297804621580323,
      "std": 0.043621028128650825
    },
    "rsi_14": {
      "mean": 49.662767629478495,
      "std": 9.849564526862425
    },
    "bollinger_percent_b_20_2": {
      "mean": 0.5045824034529389,
      "std": 0.3238011154580255
    },
    "bollinger_bandwidth_20_2": {
      "mean": 0.09993882936993097,
      "std": 0.07573205460408557
    },
    "macd_hist_12_26_9": {
      "mean": 0.0031982474911236864,
      "std": 0.2872493136390386
    },
    "trend_efficiency_20": {
      "mean": 3.8136670060908835,
      "std": 2.5661069674639267
    },
    "zscore_close_20": {
      "mean": 0.018329613811755234,
      "std": 1.295204461832102
    }
  },
  "TRAIN_WINDOW": "2017-01-01 -> 2023-12-31",
  "LABEL_CONTRACT": "TripleBarrier.ATR.daily.v1",
  "MODEL_HASH": "2e8b49bf4df0e12dcf1e1c38979a70303fb5d2518d39529d5111847d72253f61",
  "RANDOM_SEED": 42
}
