{
  "ticker": "APA",
  "best_params": {
    "hidden": 32,
    "lr": 0.001,
    "dropout": 0.3,
    "weight_decay": 0.0001,
    "num_layers": 1,
    "refit_epochs": 4
  },
  "kelly_fraction": null,
  "THRESHOLD_ENTRY": 0.58,
  "DIRECTION_MODE": "both",
  "CALIBRATION": {
    "theta_entry": 0.58,
    "kelly_fraction": null,
    "direction_mode": "both",
    "oof_trades": 10,
    "trade_floor_met": true,
    "oof_log_growth": 0.850007058958077
  },
  "cv_auc_pr": 0.488684096486909,
  "cv_folds": 4,
  "SEQ_LEN": 60,
  "FEATURE_MANIFEST": [
    "log_return_1",
    "log_return_5",
    "log_return_20",
    "dist_to_sma_20",
    "dist_to_sma_50",
    "sma_20_sma_50_ratio",
    "volume_z_score_20",
    "atr_pct_14",
    "realized_volatility_20",
    "rsi_14",
    "bollinger_percent_b_20_2",
    "bollinger_bandwidth_20_2",
    "macd_hist_12_26_9",
    "obv_z20",
    "drawdown_from_max_60",
    "day_range_pos_20",
    "zscore_close_20",
    "bb_bandwidth_20"
  ],
  "NORM_STATS": {
    "log_return_1": {
      "mean": -0.00032426271363168285,
      "std": 0.04222499953561843
    },
    "log_return_5": {
      "mean": -0.0016376898890920345,
      "std": 0.10264838011846109
    },
    "log_return_20": {
      "mean": -0.007072281659587673,
      "std": 0.23338794037885527
    },
    "dist_to_sma_20": {
      "mean": 0.0006879063597810784,
      "std": 0.11137501377926995
    },
    "dist_to_sma_50": {
      "mean": -0.00047447075515951327,
      "std": 0.1595874420293779
    },
    "sma_20_sma_50_ratio": {
      "mean": -0.0029451057284850344,
      "std": 0.10846453640749458
    },
    "volume_z_score_20": {
      "mean": -0.011058539361837786,
      "std": 1.0688891497709176
    },
    "atr_pct_14": {
      "mean": 4.937178642850785,
      "std": 3.8470726518748055
    },
    "realized_volatility_20": {
      "mean": 0.1470525281270148,
      "std": 0.10625292133967837
    },
    "rsi_14": {
      "mean": 49.16720956237203,
      "std": 12.441360680144866
    },
    "bollinger_percent_b_20_2": {
      "mean": 0.4969993692625783,
      "std": 0.338776226562401
    },
    "bollinger_bandwidth_20_2": {
      "mean": 0.24215268975775908,
      "std": 0.2516374040512872
    },
    "macd_hist_12_26_9": {
      "mean": -0.0030960878804342606,
      "std": 0.37541601707015937
    },
    "obv_z20": {
      "mean": 0.07569905048245418,
      "std": 1.3385520522267003
    },
    "drawdown_from_max_60": {
      "mean": -0.16244371084682635,
      "std": 0.143742750476317
    },
    "day_range_pos_20": {
      "mean": 0.4896355717550336,
      "std": 0.31255504758024866
    },
    "zscore_close_20": {
      "mean": -0.012002522949686898,
      "std": 1.3551049062496041
    },
    "bb_bandwidth_20": {
      "mean": 0.06053817243943977,
      "std": 0.0629093510128218
    }
  },
  "TRAIN_WINDOW": "2017-01-01 -> 2023-12-31",
  "LABEL_CONTRACT": "TripleBarrier.ATR.daily.v1",
  "MODEL_HASH": "4c93d161b36e9d27da513ff105079356cea6c3e27a2896737bd0f1d52917c68b",
  "RANDOM_SEED": 42
}
