{
  "ticker": "WY",
  "best_params": {
    "hidden": 32,
    "lr": 0.001,
    "dropout": 0.3,
    "weight_decay": 0.0001,
    "num_layers": 1,
    "refit_epochs": 4
  },
  "kelly_fraction": null,
  "THRESHOLD_ENTRY": 0.58,
  "DIRECTION_MODE": "both",
  "CALIBRATION": {
    "theta_entry": 0.58,
    "kelly_fraction": null,
    "direction_mode": "both",
    "oof_trades": 11,
    "trade_floor_met": true,
    "oof_log_growth": -0.1334692635973545
  },
  "cv_auc_pr": 0.43987853059561977,
  "cv_folds": 4,
  "SEQ_LEN": 60,
  "FEATURE_MANIFEST": [
    "log_return_1",
    "log_return_5",
    "log_return_20",
    "dist_to_sma_20",
    "dist_to_sma_50",
    "sma_20_sma_50_ratio",
    "volume_z_score_20",
    "atr_pct_14",
    "realized_volatility_20",
    "rsi_14",
    "bollinger_percent_b_20_2",
    "bollinger_bandwidth_20_2",
    "macd_hist_12_26_9",
    "momentum_60",
    "ma_slope_10",
    "day_range_pos_20"
  ],
  "NORM_STATS": {
    "log_return_1": {
      "mean": 8.19487353778069e-05,
      "std": 0.022076955048822924
    },
    "log_return_5": {
      "mean": 0.00039056949879502255,
      "std": 0.046082807333557955
    },
    "log_return_20": {
      "mean": 0.0005890396375095152,
      "std": 0.09191305342788196
    },
    "dist_to_sma_20": {
      "mean": 0.0011077871075060965,
      "std": 0.049505295221135656
    },
    "dist_to_sma_50": {
      "mean": 0.0020302547527032617,
      "std": 0.07431444664552991
    },
    "sma_20_sma_50_ratio": {
      "mean": 0.0003520878912702429,
      "std": 0.04640089905122469
    },
    "volume_z_score_20": {
      "mean": 0.007786370473874554,
      "std": 1.0921241901754646
    },
    "atr_pct_14": {
      "mean": 2.5334936204543914,
      "std": 1.3989052039739651
    },
    "realized_volatility_20": {
      "mean": 0.07670912541357698,
      "std": 0.058511243816634896
    },
    "rsi_14": {
      "mean": 51.029078349406056,
      "std": 11.454248537766215
    },
    "bollinger_percent_b_20_2": {
      "mean": 0.5227395876036786,
      "std": 0.33117908737428
    },
    "bollinger_bandwidth_20_2": {
      "mean": 0.11528012936374198,
      "std": 0.09363294753783385
    },
    "macd_hist_12_26_9": {
      "mean": 0.002033046047546665,
      "std": 0.19004536565764008
    },
    "momentum_60": {
      "mean": 0.00038894702080355495,
      "std": 0.14727549792765313
    },
    "ma_slope_10": {
      "mean": 8.800541796900697e-05,
      "std": 0.006356500719724494
    },
    "day_range_pos_20": {
      "mean": 0.5259504606620048,
      "std": 0.3052838340555569
    }
  },
  "TRAIN_WINDOW": "2017-01-01 -> 2023-12-31",
  "LABEL_CONTRACT": "TripleBarrier.ATR.daily.v1",
  "MODEL_HASH": "f848028db0264188672bd5d79af9fcdcae1cd87e686b95df90821d159087e43f",
  "RANDOM_SEED": 42
}
