{
  "ticker": "TPR",
  "best_params": {
    "hidden": 32,
    "lr": 0.001,
    "dropout": 0.3,
    "weight_decay": 0.0001,
    "num_layers": 1,
    "refit_epochs": 4
  },
  "kelly_fraction": null,
  "THRESHOLD_ENTRY": 0.56,
  "DIRECTION_MODE": "both",
  "CALIBRATION": {
    "theta_entry": 0.56,
    "kelly_fraction": null,
    "direction_mode": "both",
    "oof_trades": 33,
    "trade_floor_met": true,
    "oof_log_growth": -0.07150515238976145
  },
  "cv_auc_pr": 0.4232068755116558,
  "cv_folds": 4,
  "SEQ_LEN": 60,
  "FEATURE_MANIFEST": [
    "log_return_1",
    "log_return_5",
    "log_return_20",
    "dist_to_sma_20",
    "dist_to_sma_50",
    "sma_20_sma_50_ratio",
    "volume_z_score_20",
    "atr_pct_14",
    "realized_volatility_20",
    "rsi_14",
    "bollinger_percent_b_20_2",
    "bollinger_bandwidth_20_2",
    "macd_hist_12_26_9",
    "close_position_in_range",
    "xas_rs_mkt_20",
    "range_compression_60",
    "illiquidity_amihud_20"
  ],
  "NORM_STATS": {
    "log_return_1": {
      "mean": 2.8169612680216014e-05,
      "std": 0.029908780147411284
    },
    "log_return_5": {
      "mean": 0.00018862030083745338,
      "std": 0.06418895425831492
    },
    "log_return_20": {
      "mean": -0.0003715620518746339,
      "std": 0.128401160167762
    },
    "dist_to_sma_20": {
      "mean": 0.001249133331850076,
      "std": 0.06799967821443947
    },
    "dist_to_sma_50": {
      "mean": 0.002171161175142281,
      "std": 0.11299017001449747
    },
    "sma_20_sma_50_ratio": {
      "mean": -0.0008629840018055497,
      "std": 0.06937144051118817
    },
    "volume_z_score_20": {
      "mean": -0.00784086122813125,
      "std": 1.077648549177521
    },
    "atr_pct_14": {
      "mean": 3.536265171781342,
      "std": 1.8501162025662738
    },
    "realized_volatility_20": {
      "mean": 0.11006309936130039,
      "std": 0.07032526312401444
    },
    "rsi_14": {
      "mean": 51.04191523504036,
      "std": 12.799376942823995
    },
    "bollinger_percent_b_20_2": {
      "mean": 0.5324737059461416,
      "std": 0.3328156836875486
    },
    "bollinger_bandwidth_20_2": {
      "mean": 0.16281813434496117,
      "std": 0.12467896037300318
    },
    "macd_hist_12_26_9": {
      "mean": 0.004956918713067789,
      "std": 0.2710486727474478
    },
    "close_position_in_range": {
      "mean": 0.5024117028362801,
      "std": 0.3028292381747088
    },
    "xas_rs_mkt_20": {
      "mean": -0.007857541791358055,
      "std": 0.09587312429227982
    },
    "range_compression_60": {
      "mean": 0.5041666666666667,
      "std": 0.29314990821569203
    },
    "illiquidity_amihud_20": {
      "mean": 0.0012466369985901081,
      "std": 0.000750172603048534
    }
  },
  "TRAIN_WINDOW": "2017-01-01 -> 2023-12-31",
  "LABEL_CONTRACT": "TripleBarrier.ATR.daily.v1",
  "MODEL_HASH": "a97f4846a60caf9990b656ead0c4a960243c5df741d67d1a5b02a591d6d63554",
  "RANDOM_SEED": 42
}
