{
  "ticker": "BKR",
  "best_params": {
    "hidden": 32,
    "lr": 0.001,
    "dropout": 0.3,
    "weight_decay": 0.0001,
    "num_layers": 1,
    "refit_epochs": 4
  },
  "kelly_fraction": null,
  "THRESHOLD_ENTRY": 0.54,
  "DIRECTION_MODE": "both",
  "CALIBRATION": {
    "theta_entry": 0.54,
    "kelly_fraction": null,
    "direction_mode": "both",
    "oof_trades": 46,
    "trade_floor_met": true,
    "oof_log_growth": 0.558790157084128
  },
  "cv_auc_pr": 0.4682177190329483,
  "cv_folds": 4,
  "SEQ_LEN": 60,
  "FEATURE_MANIFEST": [
    "log_return_1",
    "log_return_5",
    "log_return_20",
    "dist_to_sma_20",
    "dist_to_sma_50",
    "sma_20_sma_50_ratio",
    "volume_z_score_20",
    "atr_pct_14",
    "realized_volatility_20",
    "rsi_14",
    "bollinger_percent_b_20_2",
    "bollinger_bandwidth_20_2",
    "macd_hist_12_26_9",
    "volume_trend_5_20",
    "stoch_k_14",
    "zscore_close_20"
  ],
  "NORM_STATS": {
    "log_return_1": {
      "mean": -5.821852219512611e-05,
      "std": 0.026911297129101733
    },
    "log_return_5": {
      "mean": -0.00026217143665095634,
      "std": 0.06039028857110387
    },
    "log_return_20": {
      "mean": -0.0010899970948268643,
      "std": 0.13318035245091037
    },
    "dist_to_sma_20": {
      "mean": 0.0008568789682765908,
      "std": 0.07004195354326676
    },
    "dist_to_sma_50": {
      "mean": 0.0030177310717496774,
      "std": 0.11469543723024336
    },
    "sma_20_sma_50_ratio": {
      "mean": 0.00024155750084430387,
      "std": 0.07289688765729871
    },
    "volume_z_score_20": {
      "mean": -0.00661564509809455,
      "std": 1.1009716346336418
    },
    "atr_pct_14": {
      "mean": 3.770754570031022,
      "std": 1.4529079102658675
    },
    "realized_volatility_20": {
      "mean": 0.10501047343202079,
      "std": 0.051800529780170745
    },
    "rsi_14": {
      "mean": 50.06666663880363,
      "std": 12.850296135996045
    },
    "bollinger_percent_b_20_2": {
      "mean": 0.5099820677772581,
      "std": 0.34110606073426286
    },
    "bollinger_bandwidth_20_2": {
      "mean": 0.17259624906260135,
      "std": 0.10471481484615287
    },
    "macd_hist_12_26_9": {
      "mean": 0.001726602225944225,
      "std": 0.23817458072898373
    },
    "volume_trend_5_20": {
      "mean": 0.0048193863664575684,
      "std": 0.2594015854991579
    },
    "stoch_k_14": {
      "mean": 51.10873618349955,
      "std": 30.393694175220254
    },
    "zscore_close_20": {
      "mean": 0.039928271109032305,
      "std": 1.3644242429370512
    }
  },
  "TRAIN_WINDOW": "2017-01-01 -> 2023-12-31",
  "LABEL_CONTRACT": "TripleBarrier.ATR.daily.v1",
  "MODEL_HASH": "797e2a9fd8a1845e0526d1af75b4ea68a67833d13fab3371e36729e757c9c45e",
  "RANDOM_SEED": 42
}
