{
  "ticker": "FAST",
  "best_params": {
    "hidden": 32,
    "lr": 0.001,
    "dropout": 0.3,
    "weight_decay": 0.0001,
    "num_layers": 1,
    "refit_epochs": 4
  },
  "kelly_fraction": null,
  "THRESHOLD_ENTRY": 0.52,
  "DIRECTION_MODE": "both",
  "CALIBRATION": {
    "theta_entry": 0.52,
    "kelly_fraction": null,
    "direction_mode": "both",
    "oof_trades": 72,
    "trade_floor_met": true,
    "oof_log_growth": 0.6005967396719153
  },
  "cv_auc_pr": 0.5196778775610977,
  "cv_folds": 4,
  "SEQ_LEN": 60,
  "FEATURE_MANIFEST": [
    "log_return_1",
    "log_return_5",
    "log_return_20",
    "dist_to_sma_20",
    "dist_to_sma_50",
    "sma_20_sma_50_ratio",
    "volume_z_score_20",
    "atr_pct_14",
    "realized_volatility_20",
    "rsi_14",
    "bollinger_percent_b_20_2",
    "bollinger_bandwidth_20_2",
    "macd_hist_12_26_9",
    "williams_r_14",
    "vol_regime_20_60",
    "vol_of_vol_20",
    "downside_upside_vol_ratio_20"
  ],
  "NORM_STATS": {
    "log_return_1": {
      "mean": 0.0005761675571818424,
      "std": 0.017415590561499956
    },
    "log_return_5": {
      "mean": 0.0028606560643082883,
      "std": 0.03564290584243368
    },
    "log_return_20": {
      "mean": 0.011029212047611434,
      "std": 0.06974068214307534
    },
    "dist_to_sma_20": {
      "mean": 0.005689809289184199,
      "std": 0.03896274221897214
    },
    "dist_to_sma_50": {
      "mean": 0.01442675299282897,
      "std": 0.05792450949859857
    },
    "sma_20_sma_50_ratio": {
      "mean": 0.008415722443843473,
      "std": 0.035565046640502376
    },
    "volume_z_score_20": {
      "mean": -0.00241244874144505,
      "std": 1.0993297747628714
    },
    "atr_pct_14": {
      "mean": 2.3481783379946743,
      "std": 0.7249592859565277
    },
    "realized_volatility_20": {
      "mean": 0.06961591301106272,
      "std": 0.03130752646466984
    },
    "rsi_14": {
      "mean": 53.010075759468634,
      "std": 11.692870628116154
    },
    "bollinger_percent_b_20_2": {
      "mean": 0.5527973434734433,
      "std": 0.333233254940164
    },
    "bollinger_bandwidth_20_2": {
      "mean": 0.10301737838503804,
      "std": 0.05262384127040574
    },
    "macd_hist_12_26_9": {
      "mean": 0.0009306014768998999,
      "std": 0.11002750243873102
    },
    "williams_r_14": {
      "mean": -43.522334038150795,
      "std": 29.51269723055963
    },
    "vol_regime_20_60": {
      "mean": 0.9511132469047631,
      "std": 0.24511137622842163
    },
    "vol_of_vol_20": {
      "mean": 0.003781774967134674,
      "std": 0.0029813534430786024
    },
    "downside_upside_vol_ratio_20": {
      "mean": 1.0048363473594732,
      "std": 0.5220546374227386
    }
  },
  "TRAIN_WINDOW": "2017-01-01 -> 2023-12-31",
  "LABEL_CONTRACT": "TripleBarrier.ATR.daily.v1",
  "MODEL_HASH": "c098b86c23c3384ac5f1ffa2aad3266654577c2001df5146cca89010242120f5",
  "RANDOM_SEED": 42
}
