{
  "ticker": "IBM",
  "best_params": {
    "hidden": 32,
    "lr": 0.001,
    "dropout": 0.3,
    "weight_decay": 0.0001,
    "num_layers": 1,
    "refit_epochs": 4
  },
  "kelly_fraction": null,
  "THRESHOLD_ENTRY": 0.5,
  "DIRECTION_MODE": "both",
  "CALIBRATION": {
    "theta_entry": 0.5,
    "kelly_fraction": null,
    "direction_mode": "both",
    "oof_trades": 106,
    "trade_floor_met": true,
    "oof_log_growth": 0.3132291347077462
  },
  "cv_auc_pr": 0.47607383583496987,
  "cv_folds": 4,
  "SEQ_LEN": 60,
  "FEATURE_MANIFEST": [
    "log_return_1",
    "log_return_5",
    "log_return_20",
    "dist_to_sma_20",
    "dist_to_sma_50",
    "sma_20_sma_50_ratio",
    "volume_z_score_20",
    "atr_pct_14",
    "realized_volatility_20",
    "rsi_14",
    "bollinger_percent_b_20_2",
    "bollinger_bandwidth_20_2",
    "macd_hist_12_26_9",
    "high_low_range_pct",
    "ret_skew_20",
    "price_volume_rank_divergence"
  ],
  "NORM_STATS": {
    "log_return_1": {
      "mean": -8.377821261823988e-06,
      "std": 0.015809827535113553
    },
    "log_return_5": {
      "mean": -5.666105615623701e-05,
      "std": 0.0342397519578832
    },
    "log_return_20": {
      "mean": -0.00024576410139661066,
      "std": 0.07105738450866117
    },
    "dist_to_sma_20": {
      "mean": 0.00022983098188731748,
      "std": 0.03877599421609754
    },
    "dist_to_sma_50": {
      "mean": 0.0002639285897723861,
      "std": 0.05679780437203694
    },
    "sma_20_sma_50_ratio": {
      "mean": -0.00021108015955703487,
      "std": 0.03552925033165632
    },
    "volume_z_score_20": {
      "mean": -0.025859515486570867,
      "std": 1.0814460598294091
    },
    "atr_pct_14": {
      "mean": 1.8771338117068068,
      "std": 0.7931175663970118
    },
    "realized_volatility_20": {
      "mean": 0.060170218842252064,
      "std": 0.033560656614443726
    },
    "rsi_14": {
      "mean": 50.66728527969413,
      "std": 12.98987941007373
    },
    "bollinger_percent_b_20_2": {
      "mean": 0.5223322627240063,
      "std": 0.33931937460447326
    },
    "bollinger_bandwidth_20_2": {
      "mean": 0.09529190135914935,
      "std": 0.062326844515594594
    },
    "macd_hist_12_26_9": {
      "mean": 0.0018603044734260827,
      "std": 0.7442162688309801
    },
    "high_low_range_pct": {
      "mean": 1.7075426411274135,
      "std": 1.0569303538594361
    },
    "ret_skew_20": {
      "mean": -0.21702435092855898,
      "std": 1.1833715105606444
    },
    "price_volume_rank_divergence": {
      "mean": 0.03515625,
      "std": 0.48646909181414905
    }
  },
  "TRAIN_WINDOW": "2017-01-01 -> 2023-12-31",
  "LABEL_CONTRACT": "TripleBarrier.ATR.daily.v1",
  "MODEL_HASH": "f1a079221382a4b9e8ee8e67d1b44a5404c660dab17a70e3542385de49adbb94",
  "RANDOM_SEED": 42
}
