{
  "ticker": "TSN",
  "best_params": {
    "hidden": 32,
    "lr": 0.001,
    "dropout": 0.3,
    "weight_decay": 0.0001,
    "num_layers": 1,
    "refit_epochs": 4
  },
  "kelly_fraction": null,
  "THRESHOLD_ENTRY": 0.5,
  "DIRECTION_MODE": "both",
  "CALIBRATION": {
    "theta_entry": 0.5,
    "kelly_fraction": null,
    "direction_mode": "both",
    "oof_trades": 109,
    "trade_floor_met": true,
    "oof_log_growth": 0.15184595128375356
  },
  "cv_auc_pr": 0.4326565191160885,
  "cv_folds": 4,
  "SEQ_LEN": 60,
  "FEATURE_MANIFEST": [
    "log_return_1",
    "log_return_5",
    "log_return_20",
    "dist_to_sma_20",
    "dist_to_sma_50",
    "sma_20_sma_50_ratio",
    "volume_z_score_20",
    "atr_pct_14",
    "realized_volatility_20",
    "rsi_14",
    "bollinger_percent_b_20_2",
    "bollinger_bandwidth_20_2",
    "macd_hist_12_26_9",
    "high_low_range_pct",
    "illiquidity_amihud_20"
  ],
  "NORM_STATS": {
    "log_return_1": {
      "mean": -7.829666253848004e-05,
      "std": 0.01841594008343077
    },
    "log_return_5": {
      "mean": -0.000454189447964348,
      "std": 0.04149068178141799
    },
    "log_return_20": {
      "mean": -0.001964846218022269,
      "std": 0.07843843310172915
    },
    "dist_to_sma_20": {
      "mean": -0.0005178178818522189,
      "std": 0.04218584792722145
    },
    "dist_to_sma_50": {
      "mean": -0.0018739215991979924,
      "std": 0.06681796035841289
    },
    "sma_20_sma_50_ratio": {
      "mean": -0.0019160298239025509,
      "std": 0.041240528522777466
    },
    "volume_z_score_20": {
      "mean": -0.016662767306380676,
      "std": 1.0696258605964215
    },
    "atr_pct_14": {
      "mean": 2.344682841482002,
      "std": 0.9388639902545227
    },
    "realized_volatility_20": {
      "mean": 0.06996635922534618,
      "std": 0.03965798878184368
    },
    "rsi_14": {
      "mean": 50.541452910912,
      "std": 13.129670279188414
    },
    "bollinger_percent_b_20_2": {
      "mean": 0.5108094191703393,
      "std": 0.33893327380740723
    },
    "bollinger_bandwidth_20_2": {
      "mean": 0.10820233948867174,
      "std": 0.06793214253956267
    },
    "macd_hist_12_26_9": {
      "mean": 0.0039259587474011,
      "std": 0.39348285266893523
    },
    "high_low_range_pct": {
      "mean": 2.2125173877812125,
      "std": 1.4486008866544025
    },
    "illiquidity_amihud_20": {
      "mean": 0.0008117682984184949,
      "std": 0.0004247565497274602
    }
  },
  "TRAIN_WINDOW": "2017-01-01 -> 2023-12-31",
  "LABEL_CONTRACT": "TripleBarrier.ATR.daily.v1",
  "MODEL_HASH": "1c58875f8a825591ae089eaea9be9c3523b86c9c9d8276a9534de6d4c08d5a96",
  "RANDOM_SEED": 42
}
