{
  "ticker": "TTD",
  "best_params": {
    "hidden": 32,
    "lr": 0.001,
    "dropout": 0.3,
    "weight_decay": 0.0001,
    "num_layers": 1,
    "refit_epochs": 4
  },
  "kelly_fraction": null,
  "THRESHOLD_ENTRY": 0.56,
  "DIRECTION_MODE": "long_only",
  "CALIBRATION": {
    "theta_entry": 0.56,
    "kelly_fraction": null,
    "direction_mode": "long_only",
    "oof_trades": 39,
    "trade_floor_met": true,
    "oof_log_growth": 0.564499766899576
  },
  "cv_auc_pr": 0.4608012826014506,
  "cv_folds": 4,
  "SEQ_LEN": 60,
  "FEATURE_MANIFEST": [
    "log_return_1",
    "log_return_5",
    "log_return_20",
    "dist_to_sma_20",
    "dist_to_sma_50",
    "sma_20_sma_50_ratio",
    "volume_z_score_20",
    "atr_pct_14",
    "realized_volatility_20",
    "rsi_14",
    "bollinger_percent_b_20_2",
    "bollinger_bandwidth_20_2",
    "macd_hist_12_26_9",
    "momentum_60",
    "drawdown_from_max_60",
    "overnight_intraday_spread_20"
  ],
  "NORM_STATS": {
    "log_return_1": {
      "mean": 0.0018507176641381184,
      "std": 0.043216857853737564
    },
    "log_return_5": {
      "mean": 0.009185764478643785,
      "std": 0.09527652544734355
    },
    "log_return_20": {
      "mean": 0.036746743837059295,
      "std": 0.17825387175921614
    },
    "dist_to_sma_20": {
      "mean": 0.01974335554730761,
      "std": 0.10228220033923946
    },
    "dist_to_sma_50": {
      "mean": 0.050968782076794936,
      "std": 0.1576914500661531
    },
    "sma_20_sma_50_ratio": {
      "mean": 0.028311726031701,
      "std": 0.0924196331738127
    },
    "volume_z_score_20": {
      "mean": -0.02588383978068953,
      "std": 1.0855058168821716
    },
    "atr_pct_14": {
      "mean": 5.325662637950108,
      "std": 1.7241794071696595
    },
    "realized_volatility_20": {
      "mean": 0.17264999212311574,
      "std": 0.07753242621370293
    },
    "rsi_14": {
      "mean": 53.77536788259508,
      "std": 12.042716877444159
    },
    "bollinger_percent_b_20_2": {
      "mean": 0.5611491768560205,
      "std": 0.33236485576333247
    },
    "bollinger_bandwidth_20_2": {
      "mean": 0.2621376588366024,
      "std": 0.1525720697337506
    },
    "macd_hist_12_26_9": {
      "mean": 0.0017407041848281537,
      "std": 0.6770083778177903
    },
    "momentum_60": {
      "mean": 0.1125618487717003,
      "std": 0.27801875394703823
    },
    "drawdown_from_max_60": {
      "mean": -0.1363858832049784,
      "std": 0.11336592556241333
    },
    "overnight_intraday_spread_20": {
      "mean": 0.0013556341483888915,
      "std": 0.008467174016866662
    }
  },
  "TRAIN_WINDOW": "2017-01-01 -> 2023-12-31",
  "LABEL_CONTRACT": "TripleBarrier.ATR.daily.v1",
  "MODEL_HASH": "4a0aaa7b271318b7d471d56be538e21711d0ddfe4a26a777c08c2f11f050b4d2",
  "RANDOM_SEED": 42
}
