{
  "ticker": "ACN",
  "best_params": {
    "hidden": 32,
    "lr": 0.001,
    "dropout": 0.3,
    "weight_decay": 0.0001,
    "num_layers": 1,
    "refit_epochs": 4
  },
  "kelly_fraction": null,
  "THRESHOLD_ENTRY": 0.5,
  "DIRECTION_MODE": "both",
  "CALIBRATION": {
    "theta_entry": 0.5,
    "kelly_fraction": null,
    "direction_mode": "both",
    "oof_trades": 100,
    "trade_floor_met": true,
    "oof_log_growth": 0.7010656575485786
  },
  "cv_auc_pr": 0.5946571965683939,
  "cv_folds": 4,
  "SEQ_LEN": 60,
  "FEATURE_MANIFEST": [
    "log_return_1",
    "log_return_5",
    "log_return_20",
    "dist_to_sma_20",
    "dist_to_sma_50",
    "sma_20_sma_50_ratio",
    "volume_z_score_20",
    "atr_pct_14",
    "realized_volatility_20",
    "rsi_14",
    "bollinger_percent_b_20_2",
    "bollinger_bandwidth_20_2",
    "macd_hist_12_26_9",
    "momentum_60",
    "dist_to_high_252",
    "reversal_2d",
    "dist_from_low_20",
    "sma_slope_50_20"
  ],
  "NORM_STATS": {
    "log_return_1": {
      "mean": 0.0006235969097811657,
      "std": 0.016289346752491305
    },
    "log_return_5": {
      "mean": 0.0031328401578240473,
      "std": 0.03357374871376319
    },
    "log_return_20": {
      "mean": 0.0119087647152241,
      "std": 0.06787863287096176
    },
    "dist_to_sma_20": {
      "mean": 0.006077299387881876,
      "std": 0.037312677727920726
    },
    "dist_to_sma_50": {
      "mean": 0.01516752238980807,
      "std": 0.056252088013217454
    },
    "sma_20_sma_50_ratio": {
      "mean": 0.008750178822259926,
      "std": 0.0347546650970674
    },
    "volume_z_score_20": {
      "mean": 0.02479518754294227,
      "std": 1.1039419838084394
    },
    "atr_pct_14": {
      "mean": 1.9911270515622712,
      "std": 0.9141988969993192
    },
    "realized_volatility_20": {
      "mean": 0.061848800129999944,
      "std": 0.03559017683010508
    },
    "rsi_14": {
      "mean": 55.231927187335266,
      "std": 12.142817528847527
    },
    "bollinger_percent_b_20_2": {
      "mean": 0.5941617667882183,
      "std": 0.33272193133535066
    },
    "bollinger_bandwidth_20_2": {
      "mean": 0.09633920925998606,
      "std": 0.055060393700213296
    },
    "macd_hist_12_26_9": {
      "mean": 0.014802144563856099,
      "std": 1.352672015494915
    },
    "momentum_60": {
      "mean": 0.03409763196242443,
      "std": 0.10173560025404299
    },
    "dist_to_high_252": {
      "mean": -0.08826208617353966,
      "std": 0.10150878498546873
    },
    "reversal_2d": {
      "mean": -0.001248843406735289,
      "std": 0.021600973026615393
    },
    "dist_from_low_20": {
      "mean": 0.06281934523195117,
      "std": 0.044591236664160344
    },
    "sma_slope_50_20": {
      "mean": 0.011237776955551533,
      "std": 0.034408831103439945
    }
  },
  "TRAIN_WINDOW": "2017-01-01 -> 2023-12-31",
  "LABEL_CONTRACT": "TripleBarrier.ATR.daily.v1",
  "MODEL_HASH": "4899762538025d8f7437dbdcceeda092f6907954d03e4c311a701b0e1d47e421",
  "RANDOM_SEED": 42
}
