{
  "ticker": "STE",
  "best_params": {
    "hidden": 32,
    "lr": 0.001,
    "dropout": 0.3,
    "weight_decay": 0.0001,
    "num_layers": 1,
    "refit_epochs": 4
  },
  "kelly_fraction": null,
  "THRESHOLD_ENTRY": 0.56,
  "DIRECTION_MODE": "both",
  "CALIBRATION": {
    "theta_entry": 0.56,
    "kelly_fraction": null,
    "direction_mode": "both",
    "oof_trades": 50,
    "trade_floor_met": true,
    "oof_log_growth": 0.2567869291667366
  },
  "cv_auc_pr": 0.5130466346571587,
  "cv_folds": 4,
  "SEQ_LEN": 60,
  "FEATURE_MANIFEST": [
    "log_return_1",
    "log_return_5",
    "log_return_20",
    "dist_to_sma_20",
    "dist_to_sma_50",
    "sma_20_sma_50_ratio",
    "volume_z_score_20",
    "atr_pct_14",
    "realized_volatility_20",
    "rsi_14",
    "bollinger_percent_b_20_2",
    "bollinger_bandwidth_20_2",
    "macd_hist_12_26_9",
    "atr_ratio_5_20",
    "range_compression_60",
    "trend_align_5_10"
  ],
  "NORM_STATS": {
    "log_return_1": {
      "mean": 0.0006720659532248404,
      "std": 0.016535767285937593
    },
    "log_return_5": {
      "mean": 0.0033472749184941556,
      "std": 0.03684097348649593
    },
    "log_return_20": {
      "mean": 0.01284967172264454,
      "std": 0.06863944218244727
    },
    "dist_to_sma_20": {
      "mean": 0.006554392721625319,
      "std": 0.03916718854774005
    },
    "dist_to_sma_50": {
      "mean": 0.016425147096903413,
      "std": 0.0539980195938114
    },
    "sma_20_sma_50_ratio": {
      "mean": 0.009629290910905398,
      "std": 0.03189166510755492
    },
    "volume_z_score_20": {
      "mean": 0.015280049194001992,
      "std": 1.0873034498018184
    },
    "atr_pct_14": {
      "mean": 2.130425827065894,
      "std": 0.7812544387976377
    },
    "realized_volatility_20": {
      "mean": 0.06444124246304331,
      "std": 0.03274469214836028
    },
    "rsi_14": {
      "mean": 54.588181094099035,
      "std": 11.389318846014232
    },
    "bollinger_percent_b_20_2": {
      "mean": 0.5805589429542055,
      "std": 0.3256663149575438
    },
    "bollinger_bandwidth_20_2": {
      "mean": 0.10053570618485018,
      "std": 0.06346194726082278
    },
    "macd_hist_12_26_9": {
      "mean": 0.005522653185615425,
      "std": 0.9735755842342252
    },
    "atr_ratio_5_20": {
      "mean": 1.0020208574167027,
      "std": 0.16148250949762977
    },
    "range_compression_60": {
      "mean": 0.5169224938411976,
      "std": 0.2953791545085653
    },
    "trend_align_5_10": {
      "mean": 0.5099488345650938,
      "std": 0.8595435861322684
    }
  },
  "TRAIN_WINDOW": "2017-01-01 -> 2023-12-31",
  "LABEL_CONTRACT": "TripleBarrier.ATR.daily.v1",
  "MODEL_HASH": "6c5a635a0e58d61bfef70a67ed9fdaa15c6ca30dad3c185704f4a4d8d8540f34",
  "RANDOM_SEED": 42
}
