{
  "ticker": "ULTA",
  "best_params": {
    "hidden": 32,
    "lr": 0.001,
    "dropout": 0.3,
    "weight_decay": 0.0001,
    "num_layers": 1,
    "refit_epochs": 4
  },
  "kelly_fraction": null,
  "THRESHOLD_ENTRY": 0.54,
  "DIRECTION_MODE": "long_only",
  "CALIBRATION": {
    "theta_entry": 0.54,
    "kelly_fraction": null,
    "direction_mode": "long_only",
    "oof_trades": 26,
    "trade_floor_met": true,
    "oof_log_growth": 0.22184227979384447
  },
  "cv_auc_pr": 0.47960812573641826,
  "cv_folds": 4,
  "SEQ_LEN": 60,
  "FEATURE_MANIFEST": [
    "log_return_1",
    "log_return_5",
    "log_return_20",
    "dist_to_sma_20",
    "dist_to_sma_50",
    "sma_20_sma_50_ratio",
    "volume_z_score_20",
    "atr_pct_14",
    "realized_volatility_20",
    "rsi_14",
    "bollinger_percent_b_20_2",
    "bollinger_bandwidth_20_2",
    "macd_hist_12_26_9",
    "atr_ratio_5_20",
    "down_streak_10",
    "xas_mkt_lead_ret_1",
    "downside_vol_20"
  ],
  "NORM_STATS": {
    "log_return_1": {
      "mean": 0.00037115857474688194,
      "std": 0.025598223923318675
    },
    "log_return_5": {
      "mean": 0.001788015670802559,
      "std": 0.05751504850019508
    },
    "log_return_20": {
      "mean": 0.0072513345759921055,
      "std": 0.1109227028677211
    },
    "dist_to_sma_20": {
      "mean": 0.0042974719237362695,
      "std": 0.06006174771927925
    },
    "dist_to_sma_50": {
      "mean": 0.009861504709279694,
      "std": 0.08670340410952054
    },
    "sma_20_sma_50_ratio": {
      "mean": 0.004938938045307676,
      "std": 0.05357137115230761
    },
    "volume_z_score_20": {
      "mean": 0.025545692383287587,
      "std": 1.1064415129017864
    },
    "atr_pct_14": {
      "mean": 3.0521343720383274,
      "std": 1.3214769207939931
    },
    "realized_volatility_20": {
      "mean": 0.09444372554509012,
      "std": 0.05973861399619471
    },
    "rsi_14": {
      "mean": 52.291664726153996,
      "std": 11.804979454732026
    },
    "bollinger_percent_b_20_2": {
      "mean": 0.5455641006803201,
      "std": 0.33564326068426553
    },
    "bollinger_bandwidth_20_2": {
      "mean": 0.14435975311221666,
      "std": 0.11123632673390106
    },
    "macd_hist_12_26_9": {
      "mean": 0.03492624023986878,
      "std": 2.5218579421921175
    },
    "atr_ratio_5_20": {
      "mean": 0.9953854591994304,
      "std": 0.1678699020932092
    },
    "down_streak_10": {
      "mean": 0.08698863636363638,
      "std": 0.12194456586332594
    },
    "xas_mkt_lead_ret_1": {
      "mean": 0.00039007100007914543,
      "std": 0.012750302060274115
    },
    "downside_vol_20": {
      "mean": 0.012492227691489053,
      "std": 0.010664222026702254
    }
  },
  "TRAIN_WINDOW": "2017-01-01 -> 2023-12-31",
  "LABEL_CONTRACT": "TripleBarrier.ATR.daily.v1",
  "MODEL_HASH": "c8acc051f321915e8fd8b16034031adf88083aec0d380065528991be59a15122",
  "RANDOM_SEED": 42
}
