{
  "ticker": "SW",
  "best_params": {
    "hidden": 32,
    "lr": 0.001,
    "dropout": 0.3,
    "weight_decay": 0.0001,
    "num_layers": 1,
    "refit_epochs": 4
  },
  "kelly_fraction": null,
  "THRESHOLD_ENTRY": 0.52,
  "DIRECTION_MODE": "both",
  "CALIBRATION": {
    "theta_entry": 0.52,
    "kelly_fraction": null,
    "direction_mode": "both",
    "oof_trades": 73,
    "trade_floor_met": true,
    "oof_log_growth": 0.1595562515897837
  },
  "cv_auc_pr": 0.4889236581264608,
  "cv_folds": 4,
  "SEQ_LEN": 60,
  "FEATURE_MANIFEST": [
    "log_return_1",
    "log_return_5",
    "log_return_20",
    "dist_to_sma_20",
    "dist_to_sma_50",
    "sma_20_sma_50_ratio",
    "volume_z_score_20",
    "atr_pct_14",
    "realized_volatility_20",
    "rsi_14",
    "bollinger_percent_b_20_2",
    "bollinger_bandwidth_20_2",
    "macd_hist_12_26_9",
    "atr_ratio_5_20",
    "dist_from_low_20",
    "vol_regime_20_60",
    "overnight_intraday_spread_20",
    "trend_efficiency_20",
    "vol_scaled_momentum_20"
  ],
  "NORM_STATS": {
    "log_return_1": {
      "mean": -0.00011477616907755854,
      "std": 0.023904169647304668
    },
    "log_return_5": {
      "mean": -0.0005821675535268797,
      "std": 0.05108932742740828
    },
    "log_return_20": {
      "mean": -0.0024417637900810227,
      "std": 0.09558523375320115
    },
    "dist_to_sma_20": {
      "mean": -0.0004648874787381574,
      "std": 0.05351285361188087
    },
    "dist_to_sma_50": {
      "mean": -0.0018065803597705195,
      "std": 0.07786886105335182
    },
    "sma_20_sma_50_ratio": {
      "mean": -0.0019041524498600517,
      "std": 0.04713490359583414
    },
    "volume_z_score_20": {
      "mean": -0.010059506916449426,
      "std": 1.0849923739199931
    },
    "atr_pct_14": {
      "mean": 2.9739389887502505,
      "std": 1.2113740608507721
    },
    "realized_volatility_20": {
      "mean": 0.09212317584382775,
      "std": 0.04972398372420873
    },
    "rsi_14": {
      "mean": 50.26886895430768,
      "std": 10.919058870967929
    },
    "bollinger_percent_b_20_2": {
      "mean": 0.5166018799138197,
      "std": 0.3299388604205705
    },
    "bollinger_bandwidth_20_2": {
      "mean": 0.13701338647829792,
      "std": 0.08844839038634966
    },
    "macd_hist_12_26_9": {
      "mean": 0.0009591132755629448,
      "std": 0.30015663336165466
    },
    "atr_ratio_5_20": {
      "mean": 0.9917672374216737,
      "std": 0.14847458391371476
    },
    "dist_from_low_20": {
      "mean": 0.07850304242710218,
      "std": 0.06247366035277626
    },
    "vol_regime_20_60": {
      "mean": 0.9658035398661232,
      "std": 0.20072107131524003
    },
    "overnight_intraday_spread_20": {
      "mean": 0.0008077254672450501,
      "std": 0.004666736843069792
    },
    "trend_efficiency_20": {
      "mean": 4.1713383736048675,
      "std": 2.94033593396735
    },
    "vol_scaled_momentum_20": {
      "mean": 0.22174656331731418,
      "std": 3.89123948023936
    }
  },
  "TRAIN_WINDOW": "2017-01-01 -> 2023-12-31",
  "LABEL_CONTRACT": "TripleBarrier.ATR.daily.v1",
  "MODEL_HASH": "6b1595accd7ce7d1eeb6d0190a244584ce595683cdac57e2dd93612fd66e9d23",
  "RANDOM_SEED": 42
}
