{
  "ticker": "HRL",
  "best_params": {
    "hidden": 32,
    "lr": 0.001,
    "dropout": 0.3,
    "weight_decay": 0.0001,
    "num_layers": 1,
    "refit_epochs": 4
  },
  "kelly_fraction": null,
  "THRESHOLD_ENTRY": 0.56,
  "DIRECTION_MODE": "both",
  "CALIBRATION": {
    "theta_entry": 0.56,
    "kelly_fraction": null,
    "direction_mode": "both",
    "oof_trades": 10,
    "trade_floor_met": true,
    "oof_log_growth": 0.025505243188911182
  },
  "cv_auc_pr": 0.4510709124654565,
  "cv_folds": 4,
  "SEQ_LEN": 60,
  "FEATURE_MANIFEST": [
    "log_return_1",
    "log_return_5",
    "log_return_20",
    "dist_to_sma_20",
    "dist_to_sma_50",
    "sma_20_sma_50_ratio",
    "volume_z_score_20",
    "atr_pct_14",
    "realized_volatility_20",
    "rsi_14",
    "bollinger_percent_b_20_2",
    "bollinger_bandwidth_20_2",
    "macd_hist_12_26_9",
    "momentum_60",
    "atr_ratio_5_20",
    "vol_of_vol_20"
  ],
  "NORM_STATS": {
    "log_return_1": {
      "mean": -4.588575626007927e-05,
      "std": 0.013852977800124138
    },
    "log_return_5": {
      "mean": -0.0002748273015149483,
      "std": 0.02943948451547289
    },
    "log_return_20": {
      "mean": -0.0009743160124984255,
      "std": 0.05573543063908395
    },
    "dist_to_sma_20": {
      "mean": -0.0002798781519378238,
      "std": 0.03135517935741247
    },
    "dist_to_sma_50": {
      "mean": -0.0008212199334721689,
      "std": 0.046560331017691074
    },
    "sma_20_sma_50_ratio": {
      "mean": -0.0007351716337660501,
      "std": 0.028344558199812766
    },
    "volume_z_score_20": {
      "mean": 0.014504262288599684,
      "std": 1.106799345483392
    },
    "atr_pct_14": {
      "mean": 1.8949153951473157,
      "std": 0.5600106312330057
    },
    "realized_volatility_20": {
      "mean": 0.05562867876225374,
      "std": 0.02408844526540505
    },
    "rsi_14": {
      "mean": 49.93352337781274,
      "std": 11.479736672667908
    },
    "bollinger_percent_b_20_2": {
      "mean": 0.5078840212048082,
      "std": 0.33279525625782447
    },
    "bollinger_bandwidth_20_2": {
      "mean": 0.081618691799274,
      "std": 0.046744038559894244
    },
    "macd_hist_12_26_9": {
      "mean": 1.5000342300195069e-05,
      "std": 0.18786144825034173
    },
    "momentum_60": {
      "mean": -0.0036385537212959163,
      "std": 0.08366358100526797
    },
    "atr_ratio_5_20": {
      "mean": 0.9894846124212385,
      "std": 0.1730893401612003
    },
    "vol_of_vol_20": {
      "mean": 0.0032383315162626846,
      "std": 0.0023916787285803995
    }
  },
  "TRAIN_WINDOW": "2017-01-01 -> 2023-12-31",
  "LABEL_CONTRACT": "TripleBarrier.ATR.daily.v1",
  "MODEL_HASH": "8a8f79f4124ed29f293633dcc82f5e41f0ee0717c4ca431820cbf78607443fe2",
  "RANDOM_SEED": 42
}
