{
  "ticker": "ATO",
  "best_params": {
    "hidden": 32,
    "lr": 0.001,
    "dropout": 0.3,
    "weight_decay": 0.0001,
    "num_layers": 1,
    "refit_epochs": 4
  },
  "kelly_fraction": null,
  "THRESHOLD_ENTRY": 0.6,
  "DIRECTION_MODE": "both",
  "CALIBRATION": {
    "theta_entry": 0.6,
    "kelly_fraction": null,
    "direction_mode": "both",
    "oof_trades": 10,
    "trade_floor_met": true,
    "oof_log_growth": 0.17328892057169298
  },
  "cv_auc_pr": 0.45547221807430566,
  "cv_folds": 4,
  "SEQ_LEN": 60,
  "FEATURE_MANIFEST": [
    "log_return_1",
    "log_return_5",
    "log_return_20",
    "dist_to_sma_20",
    "dist_to_sma_50",
    "sma_20_sma_50_ratio",
    "volume_z_score_20",
    "atr_pct_14",
    "realized_volatility_20",
    "rsi_14",
    "bollinger_percent_b_20_2",
    "bollinger_bandwidth_20_2",
    "macd_hist_12_26_9",
    "high_low_range_pct",
    "xas_mkt_lead_ret_1",
    "downside_upside_vol_ratio_20",
    "day_range_pos_20"
  ],
  "NORM_STATS": {
    "log_return_1": {
      "mean": 0.00025374381059264575,
      "std": 0.014365347002914874
    },
    "log_return_5": {
      "mean": 0.001256163241658315,
      "std": 0.02856233809452752
    },
    "log_return_20": {
      "mean": 0.005067128149788196,
      "std": 0.05068871200624341
    },
    "dist_to_sma_20": {
      "mean": 0.0025499920175520484,
      "std": 0.028539825604759844
    },
    "dist_to_sma_50": {
      "mean": 0.006551528003852513,
      "std": 0.04140237770768993
    },
    "sma_20_sma_50_ratio": {
      "mean": 0.0038509038925055804,
      "std": 0.02512366089083416
    },
    "volume_z_score_20": {
      "mean": 0.0313769151048878,
      "std": 1.0865966477409525
    },
    "atr_pct_14": {
      "mean": 1.868711238383077,
      "std": 0.8691064890639967
    },
    "realized_volatility_20": {
      "mean": 0.05315194022417083,
      "std": 0.034257128554436966
    },
    "rsi_14": {
      "mean": 52.373793062549396,
      "std": 10.617060472871913
    },
    "bollinger_percent_b_20_2": {
      "mean": 0.5651536360268683,
      "std": 0.32159489820512277
    },
    "bollinger_bandwidth_20_2": {
      "mean": 0.0754247938098473,
      "std": 0.04558265278032303
    },
    "macd_hist_12_26_9": {
      "mean": 0.0005159474330273429,
      "std": 0.41615635605117035
    },
    "high_low_range_pct": {
      "mean": 1.8037818981143332,
      "std": 1.2149279969138234
    },
    "xas_mkt_lead_ret_1": {
      "mean": 0.0003902873512400288,
      "std": 0.012764853298657727
    },
    "downside_upside_vol_ratio_20": {
      "mean": 0.9350416944254786,
      "std": 0.3773060410464679
    },
    "day_range_pos_20": {
      "mean": 0.5785402252584629,
      "std": 0.28893826430740416
    }
  },
  "TRAIN_WINDOW": "2017-01-01 -> 2023-12-31",
  "LABEL_CONTRACT": "TripleBarrier.ATR.daily.v1",
  "MODEL_HASH": "9ff4b2711d169555fb9eed850d97fa839d6f5e0859450559f9b3ab7f560d7768",
  "RANDOM_SEED": 42
}
