{
  "ticker": "EA",
  "best_params": {
    "hidden": 32,
    "lr": 0.001,
    "dropout": 0.3,
    "weight_decay": 0.0001,
    "num_layers": 1,
    "refit_epochs": 4
  },
  "kelly_fraction": null,
  "THRESHOLD_ENTRY": 0.54,
  "DIRECTION_MODE": "both",
  "CALIBRATION": {
    "theta_entry": 0.54,
    "kelly_fraction": null,
    "direction_mode": "both",
    "oof_trades": 29,
    "trade_floor_met": true,
    "oof_log_growth": 0.03400139034408599
  },
  "cv_auc_pr": 0.45810738144226937,
  "cv_folds": 4,
  "SEQ_LEN": 60,
  "FEATURE_MANIFEST": [
    "log_return_1",
    "log_return_5",
    "log_return_20",
    "dist_to_sma_20",
    "dist_to_sma_50",
    "sma_20_sma_50_ratio",
    "volume_z_score_20",
    "atr_pct_14",
    "realized_volatility_20",
    "rsi_14",
    "bollinger_percent_b_20_2",
    "bollinger_bandwidth_20_2",
    "macd_hist_12_26_9",
    "ret_skew_20",
    "downside_vol_20",
    "vol_of_vol_20",
    "overnight_vol_20",
    "illiquidity_amihud_20"
  ],
  "NORM_STATS": {
    "log_return_1": {
      "mean": 0.0003135048120330857,
      "std": 0.018513932948131754
    },
    "log_return_5": {
      "mean": 0.00152147591423182,
      "std": 0.039043578696835515
    },
    "log_return_20": {
      "mean": 0.006287473438501632,
      "std": 0.07478157503681827
    },
    "dist_to_sma_20": {
      "mean": 0.003330262100901221,
      "std": 0.041637972165008495
    },
    "dist_to_sma_50": {
      "mean": 0.008565734997650759,
      "std": 0.06533825555657055
    },
    "sma_20_sma_50_ratio": {
      "mean": 0.004732973977915548,
      "std": 0.039656071751754896
    },
    "volume_z_score_20": {
      "mean": -0.013556014613825591,
      "std": 1.094182034461873
    },
    "atr_pct_14": {
      "mean": 2.560843682195029,
      "std": 0.8019446920429941
    },
    "realized_volatility_20": {
      "mean": 0.07370129151065971,
      "std": 0.03389804249315974
    },
    "rsi_14": {
      "mean": 52.11981987273848,
      "std": 11.986080104729105
    },
    "bollinger_percent_b_20_2": {
      "mean": 0.5439530091798874,
      "std": 0.3322278814300162
    },
    "bollinger_bandwidth_20_2": {
      "mean": 0.10902573484931899,
      "std": 0.05948692633473696
    },
    "macd_hist_12_26_9": {
      "mean": 0.002640466430639433,
      "std": 0.6742854726684967
    },
    "ret_skew_20": {
      "mean": -0.1378419186315979,
      "std": 0.9741452923540223
    },
    "downside_vol_20": {
      "mean": 0.009738625168194045,
      "std": 0.00533285103151816
    },
    "vol_of_vol_20": {
      "mean": 0.004298007448729331,
      "std": 0.003486240879325012
    },
    "overnight_vol_20": {
      "mean": 0.009130358681641042,
      "std": 0.005826877617218169
    },
    "illiquidity_amihud_20": {
      "mean": 0.0008602343701052425,
      "std": 0.00035133283988836105
    }
  },
  "TRAIN_WINDOW": "2017-01-01 -> 2023-12-31",
  "LABEL_CONTRACT": "TripleBarrier.ATR.daily.v1",
  "MODEL_HASH": "5cb8a9ab78b93a7d856e24d1d6485a83bed0aad45208f8bce55cd67381b86bb1",
  "RANDOM_SEED": 42
}
