{
  "ticker": "SWKS",
  "best_params": {
    "hidden": 32,
    "lr": 0.001,
    "dropout": 0.3,
    "weight_decay": 0.0001,
    "num_layers": 1,
    "refit_epochs": 4
  },
  "kelly_fraction": null,
  "THRESHOLD_ENTRY": 0.5,
  "DIRECTION_MODE": "both",
  "CALIBRATION": {
    "theta_entry": 0.5,
    "kelly_fraction": null,
    "direction_mode": "both",
    "oof_trades": 102,
    "trade_floor_met": true,
    "oof_log_growth": 0.3841389085831928
  },
  "cv_auc_pr": 0.48044109726198736,
  "cv_folds": 4,
  "SEQ_LEN": 60,
  "FEATURE_MANIFEST": [
    "log_return_1",
    "log_return_5",
    "log_return_20",
    "dist_to_sma_20",
    "dist_to_sma_50",
    "sma_20_sma_50_ratio",
    "volume_z_score_20",
    "atr_pct_14",
    "realized_volatility_20",
    "rsi_14",
    "bollinger_percent_b_20_2",
    "bollinger_bandwidth_20_2",
    "macd_hist_12_26_9",
    "down_streak_10",
    "overnight_intraday_spread_20"
  ],
  "NORM_STATS": {
    "log_return_1": {
      "mean": 0.0002324542408938394,
      "std": 0.024317983602858737
    },
    "log_return_5": {
      "mean": 0.0011085756836165036,
      "std": 0.04921679188357667
    },
    "log_return_20": {
      "mean": 0.003892019170696735,
      "std": 0.10134233313258832
    },
    "dist_to_sma_20": {
      "mean": 0.002713915521238863,
      "std": 0.05511105797643345
    },
    "dist_to_sma_50": {
      "mean": 0.006061202284898153,
      "std": 0.08992984912552673
    },
    "sma_20_sma_50_ratio": {
      "mean": 0.00233941452185611,
      "std": 0.05498367302661064
    },
    "volume_z_score_20": {
      "mean": 0.014744067228916793,
      "std": 1.1021747018148258
    },
    "atr_pct_14": {
      "mean": 3.092743867214596,
      "std": 1.0116695999172791
    },
    "realized_volatility_20": {
      "mean": 0.09714764356032884,
      "std": 0.043301525765648365
    },
    "rsi_14": {
      "mean": 51.003636978742776,
      "std": 12.112072561519522
    },
    "bollinger_percent_b_20_2": {
      "mean": 0.5200878572610718,
      "std": 0.3414913824937074
    },
    "bollinger_bandwidth_20_2": {
      "mean": 0.14318134087261108,
      "std": 0.07416359563498673
    },
    "macd_hist_12_26_9": {
      "mean": 0.010007144140604711,
      "std": 0.8232702411848349
    },
    "down_streak_10": {
      "mean": 0.08926136363636364,
      "std": 0.12917359657718738
    },
    "overnight_intraday_spread_20": {
      "mean": 9.922624035485176e-05,
      "std": 0.00515190130778011
    }
  },
  "TRAIN_WINDOW": "2017-01-01 -> 2023-12-31",
  "LABEL_CONTRACT": "TripleBarrier.ATR.daily.v1",
  "MODEL_HASH": "f0eec53a96a5d9a9fa09f44066a595f14aa318861994f84b3f2165f704a30df0",
  "RANDOM_SEED": 42
}
