{
  "ticker": "BIIB",
  "best_params": {
    "hidden": 32,
    "lr": 0.001,
    "dropout": 0.3,
    "weight_decay": 0.0001,
    "num_layers": 1,
    "refit_epochs": 4
  },
  "kelly_fraction": null,
  "THRESHOLD_ENTRY": 0.56,
  "DIRECTION_MODE": "both",
  "CALIBRATION": {
    "theta_entry": 0.56,
    "kelly_fraction": null,
    "direction_mode": "both",
    "oof_trades": 8,
    "trade_floor_met": true,
    "oof_log_growth": 0.17878904890106506
  },
  "cv_auc_pr": 0.40131748258896943,
  "cv_folds": 4,
  "SEQ_LEN": 60,
  "FEATURE_MANIFEST": [
    "log_return_1",
    "log_return_5",
    "log_return_20",
    "dist_to_sma_20",
    "dist_to_sma_50",
    "sma_20_sma_50_ratio",
    "volume_z_score_20",
    "atr_pct_14",
    "realized_volatility_20",
    "rsi_14",
    "bollinger_percent_b_20_2",
    "bollinger_bandwidth_20_2",
    "macd_hist_12_26_9",
    "atr_ratio_5_20",
    "price_volume_rank_divergence",
    "overnight_intraday_spread_20",
    "range_compression_60",
    "trend_efficiency_20",
    "overnight_vol_20"
  ],
  "NORM_STATS": {
    "log_return_1": {
      "mean": -5.2049189214833556e-05,
      "std": 0.027341105143252158
    },
    "log_return_5": {
      "mean": -0.0002880033720359298,
      "std": 0.05571677642511011
    },
    "log_return_20": {
      "mean": -0.0016454625473606367,
      "std": 0.09546415027513457
    },
    "dist_to_sma_20": {
      "mean": -2.0254639359753278e-05,
      "std": 0.05641414848522511
    },
    "dist_to_sma_50": {
      "mean": -0.0011182454079908771,
      "std": 0.08343676654971208
    },
    "sma_20_sma_50_ratio": {
      "mean": -0.0017855435855898803,
      "std": 0.04824172638104908
    },
    "volume_z_score_20": {
      "mean": 0.004478479913643448,
      "std": 1.0706607239427375
    },
    "atr_pct_14": {
      "mean": 2.8423619339329407,
      "std": 0.9095445340693533
    },
    "realized_volatility_20": {
      "mean": 0.09464646934742485,
      "std": 0.0744720359760657
    },
    "rsi_14": {
      "mean": 49.24532128658933,
      "std": 11.920387454904908
    },
    "bollinger_percent_b_20_2": {
      "mean": 0.48516948475162835,
      "std": 0.330980019752162
    },
    "bollinger_bandwidth_20_2": {
      "mean": 0.13388290612550946,
      "std": 0.10860439954891946
    },
    "macd_hist_12_26_9": {
      "mean": 0.019549688630392806,
      "std": 2.2284942123236204
    },
    "atr_ratio_5_20": {
      "mean": 0.9797364520833061,
      "std": 0.2120559266088625
    },
    "price_volume_rank_divergence": {
      "mean": -0.017036405005688284,
      "std": 0.46036354140615654
    },
    "overnight_intraday_spread_20": {
      "mean": 0.0007810444034244551,
      "std": 0.007431416215196768
    },
    "range_compression_60": {
      "mean": 0.4992510428517254,
      "std": 0.29521407113798503
    },
    "trend_efficiency_20": {
      "mean": 4.468552468023575,
      "std": 3.3127371162038877
    },
    "overnight_vol_20": {
      "mean": 0.012210452233928932,
      "std": 0.016252395452235658
    }
  },
  "TRAIN_WINDOW": "2017-01-01 -> 2023-12-31",
  "LABEL_CONTRACT": "TripleBarrier.ATR.daily.v1",
  "MODEL_HASH": "388fbd1a2fa113aee331710361bcf2ba37a635a1919bf0965fad1ddcfd74ccc9",
  "RANDOM_SEED": 42
}
