{
  "ticker": "AMT",
  "best_params": {
    "hidden": 32,
    "lr": 0.001,
    "dropout": 0.3,
    "weight_decay": 0.0001,
    "num_layers": 1,
    "refit_epochs": 4
  },
  "kelly_fraction": null,
  "THRESHOLD_ENTRY": 0.5,
  "DIRECTION_MODE": "both",
  "CALIBRATION": {
    "theta_entry": 0.5,
    "kelly_fraction": null,
    "direction_mode": "both",
    "oof_trades": 106,
    "trade_floor_met": true,
    "oof_log_growth": 0.42801096803059013
  },
  "cv_auc_pr": 0.4510275829163497,
  "cv_folds": 4,
  "SEQ_LEN": 60,
  "FEATURE_MANIFEST": [
    "log_return_1",
    "log_return_5",
    "log_return_20",
    "dist_to_sma_20",
    "dist_to_sma_50",
    "sma_20_sma_50_ratio",
    "volume_z_score_20",
    "atr_pct_14",
    "realized_volatility_20",
    "rsi_14",
    "bollinger_percent_b_20_2",
    "bollinger_bandwidth_20_2",
    "macd_hist_12_26_9",
    "drawdown_from_max_60",
    "illiquidity_amihud_20"
  ],
  "NORM_STATS": {
    "log_return_1": {
      "mean": 0.0004060919484630174,
      "std": 0.016900255827655784
    },
    "log_return_5": {
      "mean": 0.0020244247288383546,
      "std": 0.03636406735411492
    },
    "log_return_20": {
      "mean": 0.007969679254437841,
      "std": 0.07010657252852413
    },
    "dist_to_sma_20": {
      "mean": 0.004133814339505617,
      "std": 0.039354645803138785
    },
    "dist_to_sma_50": {
      "mean": 0.009961741193986944,
      "std": 0.05725129799005541
    },
    "sma_20_sma_50_ratio": {
      "mean": 0.005530649053694101,
      "std": 0.034738546742592365
    },
    "volume_z_score_20": {
      "mean": -0.0006303974289995699,
      "std": 1.079337561330711
    },
    "atr_pct_14": {
      "mean": 2.232277501419678,
      "std": 0.8893828015926124
    },
    "realized_volatility_20": {
      "mean": 0.06449856934254775,
      "std": 0.03610321873618507
    },
    "rsi_14": {
      "mean": 53.00693438999763,
      "std": 12.324161868896288
    },
    "bollinger_percent_b_20_2": {
      "mean": 0.5508727000773102,
      "std": 0.3370499782528475
    },
    "bollinger_bandwidth_20_2": {
      "mean": 0.10099380269749841,
      "std": 0.059131555215373076
    },
    "macd_hist_12_26_9": {
      "mean": 0.01408029013698283,
      "std": 1.2309620648409032
    },
    "drawdown_from_max_60": {
      "mean": -0.06254499842600184,
      "std": 0.061024951136209045
    },
    "illiquidity_amihud_20": {
      "mean": 0.0008134565083651489,
      "std": 0.0004549427038467745
    }
  },
  "TRAIN_WINDOW": "2017-01-01 -> 2023-12-31",
  "LABEL_CONTRACT": "TripleBarrier.ATR.daily.v1",
  "MODEL_HASH": "cb8a17ecf5046c7fff2bc585c26b51a22e07cfcf82549ca343bba1fee2ae3993",
  "RANDOM_SEED": 42
}
