{
  "ticker": "ABNB",
  "best_params": {
    "hidden": 32,
    "lr": 0.001,
    "dropout": 0.3,
    "weight_decay": 0.0001,
    "num_layers": 1,
    "refit_epochs": 4
  },
  "kelly_fraction": null,
  "THRESHOLD_ENTRY": 0.54,
  "DIRECTION_MODE": "both",
  "CALIBRATION": {
    "theta_entry": 0.54,
    "kelly_fraction": null,
    "direction_mode": "both",
    "oof_trades": 17,
    "trade_floor_met": true,
    "oof_log_growth": 0.11549766668406036
  },
  "cv_auc_pr": 0.5146924599494371,
  "cv_folds": 4,
  "SEQ_LEN": 60,
  "FEATURE_MANIFEST": [
    "log_return_1",
    "log_return_5",
    "log_return_20",
    "dist_to_sma_20",
    "dist_to_sma_50",
    "sma_20_sma_50_ratio",
    "volume_z_score_20",
    "atr_pct_14",
    "realized_volatility_20",
    "rsi_14",
    "bollinger_percent_b_20_2",
    "bollinger_bandwidth_20_2",
    "macd_hist_12_26_9",
    "close_position_in_range",
    "high_low_range_pct",
    "atr_ratio_5_20",
    "ret_skew_20",
    "stochastic_k_20",
    "vol_scaled_momentum_20"
  ],
  "NORM_STATS": {
    "log_return_1": {
      "mean": -7.363263061850609e-05,
      "std": 0.033426745390443255
    },
    "log_return_5": {
      "mean": 0.0001324764040500972,
      "std": 0.07260510480641297
    },
    "log_return_20": {
      "mean": -0.0012428091812218378,
      "std": 0.13356890429898516
    },
    "dist_to_sma_20": {
      "mean": 0.0005955061308669435,
      "std": 0.07589033832605722
    },
    "dist_to_sma_50": {
      "mean": -0.007781260517267595,
      "std": 0.10965893572967769
    },
    "sma_20_sma_50_ratio": {
      "mean": -0.0054842695217528275,
      "std": 0.06733251893646237
    },
    "volume_z_score_20": {
      "mean": -0.05153337492432006,
      "std": 1.0967746103050364
    },
    "atr_pct_14": {
      "mean": 4.8124473998521795,
      "std": 1.524392544557486
    },
    "realized_volatility_20": {
      "mean": 0.1384813717860651,
      "std": 0.04561596064486921
    },
    "rsi_14": {
      "mean": 50.07028407071885,
      "std": 10.923450668145607
    },
    "bollinger_percent_b_20_2": {
      "mean": 0.5087975240768662,
      "std": 0.33285747947507505
    },
    "bollinger_bandwidth_20_2": {
      "mean": 0.21119475952439598,
      "std": 0.08916870497497424
    },
    "macd_hist_12_26_9": {
      "mean": -0.02829587570374331,
      "std": 1.462037004484534
    },
    "close_position_in_range": {
      "mean": 0.5120011678279495,
      "std": 0.30554297416458465
    },
    "high_low_range_pct": {
      "mean": 4.450467543206114,
      "std": 2.311986588270387
    },
    "atr_ratio_5_20": {
      "mean": 0.9693479453267407,
      "std": 0.14648188029126039
    },
    "ret_skew_20": {
      "mean": 0.180902764469116,
      "std": 0.747053180612277
    },
    "stochastic_k_20": {
      "mean": 0.5009928519118074,
      "std": 0.30128352823877474
    },
    "vol_scaled_momentum_20": {
      "mean": 0.12682588824129573,
      "std": 4.3410235967259885
    }
  },
  "TRAIN_WINDOW": "2017-01-01 -> 2023-12-31",
  "LABEL_CONTRACT": "TripleBarrier.ATR.daily.v1",
  "MODEL_HASH": "3729ae499fd4cbc6be58beb75615fa74bb8684af50dbb9292ab5da94ef485e14",
  "RANDOM_SEED": 42
}
