{
  "ticker": "SNA",
  "best_params": {
    "hidden": 32,
    "lr": 0.001,
    "dropout": 0.3,
    "weight_decay": 0.0001,
    "num_layers": 1,
    "refit_epochs": 4
  },
  "kelly_fraction": null,
  "THRESHOLD_ENTRY": 0.5,
  "DIRECTION_MODE": "long_only",
  "CALIBRATION": {
    "theta_entry": 0.5,
    "kelly_fraction": null,
    "direction_mode": "long_only",
    "oof_trades": 118,
    "trade_floor_met": true,
    "oof_log_growth": 0.3773423610192511
  },
  "cv_auc_pr": 0.5153626192427647,
  "cv_folds": 4,
  "SEQ_LEN": 60,
  "FEATURE_MANIFEST": [
    "log_return_1",
    "log_return_5",
    "log_return_20",
    "dist_to_sma_20",
    "dist_to_sma_50",
    "sma_20_sma_50_ratio",
    "volume_z_score_20",
    "atr_pct_14",
    "realized_volatility_20",
    "rsi_14",
    "bollinger_percent_b_20_2",
    "bollinger_bandwidth_20_2",
    "macd_hist_12_26_9",
    "atr_ratio_5_20",
    "rsi_2",
    "dist_to_sma_10",
    "xas_mkt_lead_ret_1",
    "xas_rs_mkt_20",
    "zscore_close_20"
  ],
  "NORM_STATS": {
    "log_return_1": {
      "mean": 0.00029730991054429556,
      "std": 0.01813615992775107
    },
    "log_return_5": {
      "mean": 0.0014711647155695162,
      "std": 0.03779834925720561
    },
    "log_return_20": {
      "mean": 0.005691959558828088,
      "std": 0.07392077921067819
    },
    "dist_to_sma_20": {
      "mean": 0.003117235466422548,
      "std": 0.040385398776044544
    },
    "dist_to_sma_50": {
      "mean": 0.007949245086053033,
      "std": 0.06358974713608123
    },
    "sma_20_sma_50_ratio": {
      "mean": 0.0043524217519071715,
      "std": 0.039164994987243386
    },
    "volume_z_score_20": {
      "mean": 0.026699987545240944,
      "std": 1.0940196120840813
    },
    "atr_pct_14": {
      "mean": 2.276203813085756,
      "std": 0.9848732012348782
    },
    "realized_volatility_20": {
      "mean": 0.07082939659001272,
      "std": 0.03591632060705317
    },
    "rsi_14": {
      "mean": 51.631126729647654,
      "std": 11.488737944846113
    },
    "bollinger_percent_b_20_2": {
      "mean": 0.5308500557858641,
      "std": 0.3371172054456861
    },
    "bollinger_bandwidth_20_2": {
      "mean": 0.10360955178946507,
      "std": 0.061734848435688355
    },
    "macd_hist_12_26_9": {
      "mean": 0.0051760605219464675,
      "std": 0.9802369994905284
    },
    "atr_ratio_5_20": {
      "mean": 0.9958172652287909,
      "std": 0.1535807460043501
    },
    "rsi_2": {
      "mean": 52.962527004036474,
      "std": 31.000050273027806
    },
    "dist_to_sma_10": {
      "mean": 0.001463778450946843,
      "std": 0.027585801711983424
    },
    "xas_mkt_lead_ret_1": {
      "mean": 0.00039021636656271733,
      "std": 0.012754406086214906
    },
    "xas_rs_mkt_20": {
      "mean": -0.0017816534312226154,
      "std": 0.05009445757797271
    },
    "zscore_close_20": {
      "mean": 0.12340022314345625,
      "std": 1.3484688217827443
    }
  },
  "TRAIN_WINDOW": "2017-01-01 -> 2023-12-31",
  "LABEL_CONTRACT": "TripleBarrier.ATR.daily.v1",
  "MODEL_HASH": "6d60585722927da092978a69cb9393769d2ed50325dd3ae2fba9fd9473a669df",
  "RANDOM_SEED": 42
}
