{
  "ticker": "FIX",
  "best_params": {
    "hidden": 32,
    "lr": 0.001,
    "dropout": 0.3,
    "weight_decay": 0.0001,
    "num_layers": 1,
    "refit_epochs": 4
  },
  "kelly_fraction": null,
  "THRESHOLD_ENTRY": 0.5,
  "DIRECTION_MODE": "long_only",
  "CALIBRATION": {
    "theta_entry": 0.5,
    "kelly_fraction": null,
    "direction_mode": "long_only",
    "oof_trades": 91,
    "trade_floor_met": true,
    "oof_log_growth": 1.184093583019599
  },
  "cv_auc_pr": 0.5239884818544465,
  "cv_folds": 4,
  "SEQ_LEN": 60,
  "FEATURE_MANIFEST": [
    "log_return_1",
    "log_return_5",
    "log_return_20",
    "dist_to_sma_20",
    "dist_to_sma_50",
    "sma_20_sma_50_ratio",
    "volume_z_score_20",
    "atr_pct_14",
    "realized_volatility_20",
    "rsi_14",
    "bollinger_percent_b_20_2",
    "bollinger_bandwidth_20_2",
    "macd_hist_12_26_9",
    "return_120",
    "price_volume_rank_divergence",
    "downside_upside_vol_ratio_20",
    "bb_bandwidth_20"
  ],
  "NORM_STATS": {
    "log_return_1": {
      "mean": 0.0010342049729615754,
      "std": 0.02419666213162779
    },
    "log_return_5": {
      "mean": 0.0051554728558514205,
      "std": 0.05084840143627252
    },
    "log_return_20": {
      "mean": 0.02017532451800868,
      "std": 0.0999214954971004
    },
    "dist_to_sma_20": {
      "mean": 0.010420421820689424,
      "std": 0.05613951382323216
    },
    "dist_to_sma_50": {
      "mean": 0.02683999051047997,
      "std": 0.08841316700057134
    },
    "sma_20_sma_50_ratio": {
      "mean": 0.015416198653811991,
      "std": 0.053633652693154475
    },
    "volume_z_score_20": {
      "mean": -0.0016815908458934512,
      "std": 1.061423130960781
    },
    "atr_pct_14": {
      "mean": 2.9135924972127567,
      "std": 1.176149256717603
    },
    "realized_volatility_20": {
      "mean": 0.09261955632557282,
      "std": 0.05138434152022744
    },
    "rsi_14": {
      "mean": 53.82489172466317,
      "std": 12.17866888394805
    },
    "bollinger_percent_b_20_2": {
      "mean": 0.5680844320818138,
      "std": 0.33232951136340894
    },
    "bollinger_bandwidth_20_2": {
      "mean": 0.1406073545879704,
      "std": 0.09045939885181684
    },
    "macd_hist_12_26_9": {
      "mean": 0.009774397008111193,
      "std": 0.6218093894721638
    },
    "return_120": {
      "mean": 0.1219111391405684,
      "std": 0.1973932336200528
    },
    "price_volume_rank_divergence": {
      "mean": 0.09621944286526435,
      "std": 0.45785877260768004
    },
    "downside_upside_vol_ratio_20": {
      "mean": 0.920131728873437,
      "std": 0.602015608288571
    },
    "bb_bandwidth_20": {
      "mean": 0.0351518386469926,
      "std": 0.02261484971295421
    }
  },
  "TRAIN_WINDOW": "2017-01-01 -> 2023-12-31",
  "LABEL_CONTRACT": "TripleBarrier.ATR.daily.v1",
  "MODEL_HASH": "64c393940aa2914ff0ea6168b3ee9db27c2743020fb51b20946071ce95bb5784",
  "RANDOM_SEED": 42
}
