{
  "ticker": "GIS",
  "best_params": {
    "hidden": 32,
    "lr": 0.001,
    "dropout": 0.3,
    "weight_decay": 0.0001,
    "num_layers": 1,
    "refit_epochs": 4
  },
  "kelly_fraction": null,
  "THRESHOLD_ENTRY": 0.56,
  "DIRECTION_MODE": "both",
  "CALIBRATION": {
    "theta_entry": 0.56,
    "kelly_fraction": null,
    "direction_mode": "both",
    "oof_trades": 25,
    "trade_floor_met": true,
    "oof_log_growth": 0.3644873672560602
  },
  "cv_auc_pr": 0.5256190035641808,
  "cv_folds": 4,
  "SEQ_LEN": 60,
  "FEATURE_MANIFEST": [
    "log_return_1",
    "log_return_5",
    "log_return_20",
    "dist_to_sma_20",
    "dist_to_sma_50",
    "sma_20_sma_50_ratio",
    "volume_z_score_20",
    "atr_pct_14",
    "realized_volatility_20",
    "rsi_14",
    "bollinger_percent_b_20_2",
    "bollinger_bandwidth_20_2",
    "macd_hist_12_26_9",
    "atr_ratio_5_20",
    "ret_skew_20",
    "dist_to_sma_10",
    "xas_rs_mkt_20",
    "price_volume_rank_divergence",
    "vol_scaled_momentum_20"
  ],
  "NORM_STATS": {
    "log_return_1": {
      "mean": 3.0020230283042903e-05,
      "std": 0.014140125332946526
    },
    "log_return_5": {
      "mean": 0.0001221564767675667,
      "std": 0.030388529943869612
    },
    "log_return_20": {
      "mean": 0.000540098905198599,
      "std": 0.0556066003145157
    },
    "dist_to_sma_20": {
      "mean": 0.00045031988944673124,
      "std": 0.031073033119972674
    },
    "dist_to_sma_50": {
      "mean": 0.0012879541529404097,
      "std": 0.05061455951787299
    },
    "sma_20_sma_50_ratio": {
      "mean": 0.000493994500026578,
      "std": 0.030490422208105685
    },
    "volume_z_score_20": {
      "mean": 0.025522841591033484,
      "std": 1.0873994182581501
    },
    "atr_pct_14": {
      "mean": 1.962948533863817,
      "std": 0.622301848646731
    },
    "realized_volatility_20": {
      "mean": 0.05716345249889348,
      "std": 0.02387049992997136
    },
    "rsi_14": {
      "mean": 50.160469833455714,
      "std": 12.00648989706069
    },
    "bollinger_percent_b_20_2": {
      "mean": 0.5071461282067057,
      "std": 0.3304021002688858
    },
    "bollinger_bandwidth_20_2": {
      "mean": 0.08311800129027329,
      "std": 0.044821085169859304
    },
    "macd_hist_12_26_9": {
      "mean": -2.4069161442707294e-06,
      "std": 0.2508052277548535
    },
    "atr_ratio_5_20": {
      "mean": 0.9925793147029376,
      "std": 0.16442826604687452
    },
    "ret_skew_20": {
      "mean": -0.3206536753472337,
      "std": 0.9166148854719822
    },
    "dist_to_sma_10": {
      "mean": 0.00020625589950929124,
      "std": 0.022241548692371108
    },
    "xas_rs_mkt_20": {
      "mean": -0.006952518544695661,
      "std": 0.07128057024599892
    },
    "price_volume_rank_divergence": {
      "mean": 0.020395110858442294,
      "std": 0.5017813353140573
    },
    "vol_scaled_momentum_20": {
      "mean": 0.15398715841909472,
      "std": 4.0954037429271155
    }
  },
  "TRAIN_WINDOW": "2017-01-01 -> 2023-12-31",
  "LABEL_CONTRACT": "TripleBarrier.ATR.daily.v1",
  "MODEL_HASH": "b8ae3a6d4a652419eeb4a5bdbe967e53466c22a09572e8c1581c6d7dc144a926",
  "RANDOM_SEED": 42
}
