{
  "ticker": "UDR",
  "best_params": {
    "hidden": 32,
    "lr": 0.001,
    "dropout": 0.3,
    "weight_decay": 0.0001,
    "num_layers": 1,
    "refit_epochs": 4
  },
  "kelly_fraction": null,
  "THRESHOLD_ENTRY": 0.56,
  "DIRECTION_MODE": "long_only",
  "CALIBRATION": {
    "theta_entry": 0.56,
    "kelly_fraction": null,
    "direction_mode": "long_only",
    "oof_trades": 37,
    "trade_floor_met": true,
    "oof_log_growth": -0.4078368269442479
  },
  "cv_auc_pr": 0.4130292382847919,
  "cv_folds": 4,
  "SEQ_LEN": 60,
  "FEATURE_MANIFEST": [
    "log_return_1",
    "log_return_5",
    "log_return_20",
    "dist_to_sma_20",
    "dist_to_sma_50",
    "sma_20_sma_50_ratio",
    "volume_z_score_20",
    "atr_pct_14",
    "realized_volatility_20",
    "rsi_14",
    "bollinger_percent_b_20_2",
    "bollinger_bandwidth_20_2",
    "macd_hist_12_26_9",
    "up_streak_10",
    "overnight_intraday_spread_20",
    "range_compression_60",
    "overnight_vol_20",
    "bb_bandwidth_20"
  ],
  "NORM_STATS": {
    "log_return_1": {
      "mean": 2.7069531549918533e-05,
      "std": 0.017144955482992393
    },
    "log_return_5": {
      "mean": 0.00018599911719232318,
      "std": 0.03739881831086642
    },
    "log_return_20": {
      "mean": 0.0005587374272537635,
      "std": 0.06896535541570593
    },
    "dist_to_sma_20": {
      "mean": 0.0006489362013351453,
      "std": 0.038382077737505994
    },
    "dist_to_sma_50": {
      "mean": 0.0010925843244596247,
      "std": 0.05712273788484517
    },
    "sma_20_sma_50_ratio": {
      "mean": 0.00011753263103787599,
      "std": 0.03483842043223028
    },
    "volume_z_score_20": {
      "mean": 0.023393597232055762,
      "std": 1.0765926425596832
    },
    "atr_pct_14": {
      "mean": 2.181785705748236,
      "std": 1.0724222495868287
    },
    "realized_volatility_20": {
      "mean": 0.0629416484498351,
      "std": 0.04079309252405966
    },
    "rsi_14": {
      "mean": 51.473141139311636,
      "std": 11.079547111711085
    },
    "bollinger_percent_b_20_2": {
      "mean": 0.5381988686657992,
      "std": 0.3271061936092497
    },
    "bollinger_bandwidth_20_2": {
      "mean": 0.09212544119404083,
      "std": 0.07223074960372887
    },
    "macd_hist_12_26_9": {
      "mean": 0.0014632711465054817,
      "std": 0.22593939546516117
    },
    "up_streak_10": {
      "mean": 0.10739056281978396,
      "std": 0.14314728156764364
    },
    "overnight_intraday_spread_20": {
      "mean": -0.0001846494231849838,
      "std": 0.004542319691219367
    },
    "range_compression_60": {
      "mean": 0.5036289558461248,
      "std": 0.2940280049939377
    },
    "overnight_vol_20": {
      "mean": 0.007096142286670286,
      "std": 0.008074218779398358
    },
    "bb_bandwidth_20": {
      "mean": 0.023031360298510207,
      "std": 0.018057687400932214
    }
  },
  "TRAIN_WINDOW": "2017-01-01 -> 2023-12-31",
  "LABEL_CONTRACT": "TripleBarrier.ATR.daily.v1",
  "MODEL_HASH": "08f408f57d63465088b558484f67e27ba4a4a7d870e89da1d149028a80a50276",
  "RANDOM_SEED": 42
}
