{
  "ticker": "CPRT",
  "best_params": {
    "hidden": 32,
    "lr": 0.001,
    "dropout": 0.3,
    "weight_decay": 0.0001,
    "num_layers": 1,
    "refit_epochs": 4
  },
  "kelly_fraction": null,
  "THRESHOLD_ENTRY": 0.52,
  "DIRECTION_MODE": "both",
  "CALIBRATION": {
    "theta_entry": 0.52,
    "kelly_fraction": null,
    "direction_mode": "both",
    "oof_trades": 93,
    "trade_floor_met": true,
    "oof_log_growth": 0.7740152826411832
  },
  "cv_auc_pr": 0.5492210784975731,
  "cv_folds": 4,
  "SEQ_LEN": 60,
  "FEATURE_MANIFEST": [
    "log_return_1",
    "log_return_5",
    "log_return_20",
    "dist_to_sma_20",
    "dist_to_sma_50",
    "sma_20_sma_50_ratio",
    "volume_z_score_20",
    "atr_pct_14",
    "realized_volatility_20",
    "rsi_14",
    "bollinger_percent_b_20_2",
    "bollinger_bandwidth_20_2",
    "macd_hist_12_26_9",
    "gap_open_z20",
    "dist_to_sma_200",
    "dist_to_sma_10",
    "xas_rs_mkt_20"
  ],
  "NORM_STATS": {
    "log_return_1": {
      "mean": 0.0011116487255177288,
      "std": 0.018301087349121444
    },
    "log_return_5": {
      "mean": 0.005543600640578543,
      "std": 0.03977580083751032
    },
    "log_return_20": {
      "mean": 0.022129194910435915,
      "std": 0.08158963267941947
    },
    "dist_to_sma_20": {
      "mean": 0.01100539402877381,
      "std": 0.04445332056257836
    },
    "dist_to_sma_50": {
      "mean": 0.028698424982667847,
      "std": 0.07116605545509125
    },
    "sma_20_sma_50_ratio": {
      "mean": 0.016929321540885993,
      "std": 0.04408936018756781
    },
    "volume_z_score_20": {
      "mean": -0.004629643209269037,
      "std": 1.0752781337702386
    },
    "atr_pct_14": {
      "mean": 2.345363163667213,
      "std": 0.9981495769860291
    },
    "realized_volatility_20": {
      "mean": 0.07022435957418498,
      "std": 0.03781821840717131
    },
    "rsi_14": {
      "mean": 56.76431073262176,
      "std": 12.808162301422934
    },
    "bollinger_percent_b_20_2": {
      "mean": 0.612260876742071,
      "std": 0.3255416080000394
    },
    "bollinger_bandwidth_20_2": {
      "mean": 0.11324653957299123,
      "std": 0.06893100440223254
    },
    "macd_hist_12_26_9": {
      "mean": 0.00035915480243170673,
      "std": 0.154680848902372
    },
    "gap_open_z20": {
      "mean": -0.013983506042007092,
      "std": 1.0047304642787738
    },
    "dist_to_sma_200": {
      "mean": 0.11771240409323278,
      "std": 0.13689551808674663
    },
    "dist_to_sma_10": {
      "mean": 0.005172886857329258,
      "std": 0.029847220530892286
    },
    "xas_rs_mkt_20": {
      "mean": 0.014690158355531252,
      "std": 0.05954146357243491
    }
  },
  "TRAIN_WINDOW": "2017-01-01 -> 2023-12-31",
  "LABEL_CONTRACT": "TripleBarrier.ATR.daily.v1",
  "MODEL_HASH": "ab71f28a165a2606aea3d665ef3490e22e7ba4103e803930369c5ae45e6e2a0e",
  "RANDOM_SEED": 42
}
