{
  "ticker": "MKC",
  "best_params": {
    "hidden": 32,
    "lr": 0.001,
    "dropout": 0.3,
    "weight_decay": 0.0001,
    "num_layers": 1,
    "refit_epochs": 4
  },
  "kelly_fraction": null,
  "THRESHOLD_ENTRY": 0.58,
  "DIRECTION_MODE": "both",
  "CALIBRATION": {
    "theta_entry": 0.58,
    "kelly_fraction": null,
    "direction_mode": "both",
    "oof_trades": 23,
    "trade_floor_met": true,
    "oof_log_growth": 0.3011615958247586
  },
  "cv_auc_pr": 0.5486786655950336,
  "cv_folds": 4,
  "SEQ_LEN": 60,
  "FEATURE_MANIFEST": [
    "log_return_1",
    "log_return_5",
    "log_return_20",
    "dist_to_sma_20",
    "dist_to_sma_50",
    "sma_20_sma_50_ratio",
    "volume_z_score_20",
    "atr_pct_14",
    "realized_volatility_20",
    "rsi_14",
    "bollinger_percent_b_20_2",
    "bollinger_bandwidth_20_2",
    "macd_hist_12_26_9",
    "atr_ratio_5_20",
    "williams_r_14",
    "sma_slope_50_20"
  ],
  "NORM_STATS": {
    "log_return_1": {
      "mean": 0.0002174061698756016,
      "std": 0.015382508969430119
    },
    "log_return_5": {
      "mean": 0.0010821727137386534,
      "std": 0.03234276640207763
    },
    "log_return_20": {
      "mean": 0.004356601411553642,
      "std": 0.06749959071216698
    },
    "dist_to_sma_20": {
      "mean": 0.002380884662972264,
      "std": 0.03679161304990522
    },
    "dist_to_sma_50": {
      "mean": 0.006088481823625937,
      "std": 0.06089561698673429
    },
    "sma_20_sma_50_ratio": {
      "mean": 0.0032102896790286314,
      "std": 0.0376083821308839
    },
    "volume_z_score_20": {
      "mean": 0.02650697019776488,
      "std": 1.1050493743021836
    },
    "atr_pct_14": {
      "mean": 1.967457411885121,
      "std": 0.7127864401547814
    },
    "realized_volatility_20": {
      "mean": 0.058233393417977994,
      "std": 0.033186119651658935
    },
    "rsi_14": {
      "mean": 52.13744205087931,
      "std": 12.952359529335663
    },
    "bollinger_percent_b_20_2": {
      "mean": 0.5431682111127109,
      "std": 0.33502369859019837
    },
    "bollinger_bandwidth_20_2": {
      "mean": 0.09096206048117592,
      "std": 0.05753050736086805
    },
    "macd_hist_12_26_9": {
      "mean": 0.0011883253607374168,
      "std": 0.38184452306184796
    },
    "atr_ratio_5_20": {
      "mean": 0.996074169269943,
      "std": 0.17089301453581537
    },
    "williams_r_14": {
      "mean": -45.385368244109884,
      "std": 31.05779690195956
    },
    "sma_slope_50_20": {
      "mean": 0.003790324781225345,
      "std": 0.03957498274492144
    }
  },
  "TRAIN_WINDOW": "2017-01-01 -> 2023-12-31",
  "LABEL_CONTRACT": "TripleBarrier.ATR.daily.v1",
  "MODEL_HASH": "de273d7fb4fc4fb74d4320e1b33a8492e43668a3388d05db2cdf3c9052fea3e8",
  "RANDOM_SEED": 42
}
