{
  "ticker": "AAPL",
  "best_params": {
    "hidden": 32,
    "lr": 0.001,
    "dropout": 0.3,
    "weight_decay": 0.0001,
    "num_layers": 1,
    "refit_epochs": 4
  },
  "kelly_fraction": null,
  "THRESHOLD_ENTRY": 0.52,
  "DIRECTION_MODE": "both",
  "CALIBRATION": {
    "theta_entry": 0.52,
    "kelly_fraction": null,
    "direction_mode": "both",
    "oof_trades": 92,
    "trade_floor_met": true,
    "oof_log_growth": 1.3052202070412018
  },
  "cv_auc_pr": 0.586835890380573,
  "cv_folds": 4,
  "SEQ_LEN": 60,
  "FEATURE_MANIFEST": [
    "log_return_1",
    "log_return_5",
    "log_return_20",
    "dist_to_sma_20",
    "dist_to_sma_50",
    "sma_20_sma_50_ratio",
    "volume_z_score_20",
    "atr_pct_14",
    "realized_volatility_20",
    "rsi_14",
    "bollinger_percent_b_20_2",
    "bollinger_bandwidth_20_2",
    "macd_hist_12_26_9",
    "momentum_60",
    "vol_regime_20_60",
    "zscore_close_20",
    "trend_align_5_10"
  ],
  "NORM_STATS": {
    "log_return_1": {
      "mean": 0.0010761508707646762,
      "std": 0.018994446153133084
    },
    "log_return_5": {
      "mean": 0.005372045254294353,
      "std": 0.03893699536053402
    },
    "log_return_20": {
      "mean": 0.02175770709707972,
      "std": 0.08075692658928701
    },
    "dist_to_sma_20": {
      "mean": 0.01076198583526834,
      "std": 0.044016176576362184
    },
    "dist_to_sma_50": {
      "mean": 0.02811702461715231,
      "std": 0.07323156992969967
    },
    "sma_20_sma_50_ratio": {
      "mean": 0.016503789389334788,
      "std": 0.04495271910133584
    },
    "volume_z_score_20": {
      "mean": -0.025494442646666116,
      "std": 1.0966977230718777
    },
    "atr_pct_14": {
      "mean": 2.3162752327821563,
      "std": 0.93319802451886
    },
    "realized_volatility_20": {
      "mean": 0.07414670729615382,
      "std": 0.03729156458683998
    },
    "rsi_14": {
      "mean": 56.40022594472798,
      "std": 12.93790333309471
    },
    "bollinger_percent_b_20_2": {
      "mean": 0.6126250001762553,
      "std": 0.3321600798795664
    },
    "bollinger_bandwidth_20_2": {
      "mean": 0.11785163294157529,
      "std": 0.05677096220309477
    },
    "macd_hist_12_26_9": {
      "mean": 0.004752065431562629,
      "std": 0.66633606678717
    },
    "momentum_60": {
      "mean": 0.06395226413970326,
      "std": 0.13629708565368712
    },
    "vol_regime_20_60": {
      "mean": 0.9565670686349268,
      "std": 0.24285248722546066
    },
    "zscore_close_20": {
      "mean": 0.45050000070502105,
      "std": 1.3286403195182657
    },
    "trend_align_5_10": {
      "mean": 0.5681818181818182,
      "std": 0.8229030450105306
    }
  },
  "TRAIN_WINDOW": "2017-01-01 -> 2023-12-31",
  "LABEL_CONTRACT": "TripleBarrier.ATR.daily.v1",
  "MODEL_HASH": "7ef01e4f19427a6efd07efc517a60c643e5c853e82348ef4d1253671bc8c9f7a",
  "RANDOM_SEED": 42
}
