{
  "ticker": "NTRS",
  "best_params": {
    "hidden": 32,
    "lr": 0.001,
    "dropout": 0.3,
    "weight_decay": 0.0001,
    "num_layers": 1,
    "refit_epochs": 4
  },
  "kelly_fraction": null,
  "THRESHOLD_ENTRY": 0.54,
  "DIRECTION_MODE": "both",
  "CALIBRATION": {
    "theta_entry": 0.54,
    "kelly_fraction": null,
    "direction_mode": "both",
    "oof_trades": 48,
    "trade_floor_met": true,
    "oof_log_growth": 1.1398286968169173
  },
  "cv_auc_pr": 0.4751116787976059,
  "cv_folds": 4,
  "SEQ_LEN": 60,
  "FEATURE_MANIFEST": [
    "log_return_1",
    "log_return_5",
    "log_return_20",
    "dist_to_sma_20",
    "dist_to_sma_50",
    "sma_20_sma_50_ratio",
    "volume_z_score_20",
    "atr_pct_14",
    "realized_volatility_20",
    "rsi_14",
    "bollinger_percent_b_20_2",
    "bollinger_bandwidth_20_2",
    "macd_hist_12_26_9",
    "close_position_in_range",
    "obv_z20",
    "stoch_k_14",
    "price_volume_rank_divergence",
    "trend_efficiency_20",
    "bb_percent_b_20"
  ],
  "NORM_STATS": {
    "log_return_1": {
      "mean": -3.060659263606649e-05,
      "std": 0.02021500011376473
    },
    "log_return_5": {
      "mean": -0.000158596160934588,
      "std": 0.04255059551292858
    },
    "log_return_20": {
      "mean": -0.0007700277545484317,
      "std": 0.0817053383260201
    },
    "dist_to_sma_20": {
      "mean": 0.0001670521260235866,
      "std": 0.046567866395872494
    },
    "dist_to_sma_50": {
      "mean": -0.00011913297211940273,
      "std": 0.06402704018421676
    },
    "sma_20_sma_50_ratio": {
      "mean": -0.0005493429030121472,
      "std": 0.03865686687742837
    },
    "volume_z_score_20": {
      "mean": 0.019612621604561543,
      "std": 1.1017547170552981
    },
    "atr_pct_14": {
      "mean": 2.5697658750875743,
      "std": 0.9525888839369517
    },
    "realized_volatility_20": {
      "mean": 0.07821877947802136,
      "std": 0.04133529494589736
    },
    "rsi_14": {
      "mean": 50.901028017720904,
      "std": 11.572624431315834
    },
    "bollinger_percent_b_20_2": {
      "mean": 0.5189905341863815,
      "std": 0.33810304430456195
    },
    "bollinger_bandwidth_20_2": {
      "mean": 0.1199554470425734,
      "std": 0.07110273219435828
    },
    "macd_hist_12_26_9": {
      "mean": 0.0003030503076236424,
      "std": 0.6168963519015805
    },
    "close_position_in_range": {
      "mean": 0.5145644575977789,
      "std": 0.3044380037878508
    },
    "obv_z20": {
      "mean": 0.013489026809054266,
      "std": 1.3541332559870836
    },
    "stoch_k_14": {
      "mean": 53.2566671007361,
      "std": 30.14259485017858
    },
    "price_volume_rank_divergence": {
      "mean": 0.03805397727272729,
      "std": 0.4799721582077817
    },
    "trend_efficiency_20": {
      "mean": 4.636386301384201,
      "std": 3.2036964479922587
    },
    "bb_percent_b_20": {
      "mean": 0.5189843033425262,
      "std": 0.33809885556731706
    }
  },
  "TRAIN_WINDOW": "2017-01-01 -> 2023-12-31",
  "LABEL_CONTRACT": "TripleBarrier.ATR.daily.v1",
  "MODEL_HASH": "ed00f3b40b741897925aba9f75fe561c9c4759b507aa497c633e9d5dfffceec0",
  "RANDOM_SEED": 42
}
