{
  "ticker": "YUM",
  "best_params": {
    "hidden": 32,
    "lr": 0.001,
    "dropout": 0.3,
    "weight_decay": 0.0001,
    "num_layers": 1,
    "refit_epochs": 4
  },
  "kelly_fraction": null,
  "THRESHOLD_ENTRY": 0.52,
  "DIRECTION_MODE": "both",
  "CALIBRATION": {
    "theta_entry": 0.52,
    "kelly_fraction": null,
    "direction_mode": "both",
    "oof_trades": 76,
    "trade_floor_met": true,
    "oof_log_growth": 0.3305040543634993
  },
  "cv_auc_pr": 0.5151947008487833,
  "cv_folds": 4,
  "SEQ_LEN": 60,
  "FEATURE_MANIFEST": [
    "log_return_1",
    "log_return_5",
    "log_return_20",
    "dist_to_sma_20",
    "dist_to_sma_50",
    "sma_20_sma_50_ratio",
    "volume_z_score_20",
    "atr_pct_14",
    "realized_volatility_20",
    "rsi_14",
    "bollinger_percent_b_20_2",
    "bollinger_bandwidth_20_2",
    "macd_hist_12_26_9",
    "range_compression_60",
    "vol_of_vol_20",
    "bb_bandwidth_20"
  ],
  "NORM_STATS": {
    "log_return_1": {
      "mean": 0.0004112794649931705,
      "std": 0.01475957081017813
    },
    "log_return_5": {
      "mean": 0.002036334377998531,
      "std": 0.03334294509546821
    },
    "log_return_20": {
      "mean": 0.007924033669235544,
      "std": 0.06734230257984834
    },
    "dist_to_sma_20": {
      "mean": 0.004137789753617032,
      "std": 0.03605843283799444
    },
    "dist_to_sma_50": {
      "mean": 0.010392973180452387,
      "std": 0.05398920068742361
    },
    "sma_20_sma_50_ratio": {
      "mean": 0.005962106107501507,
      "std": 0.034231251839516766
    },
    "volume_z_score_20": {
      "mean": 0.008062120066694446,
      "std": 1.094530302583553
    },
    "atr_pct_14": {
      "mean": 1.840822851548325,
      "std": 0.9758457675926927
    },
    "realized_volatility_20": {
      "mean": 0.053298214045305284,
      "std": 0.03582073443437848
    },
    "rsi_14": {
      "mean": 53.40572826419772,
      "std": 12.12935003307581
    },
    "bollinger_percent_b_20_2": {
      "mean": 0.5708668357401562,
      "std": 0.3296249004529219
    },
    "bollinger_bandwidth_20_2": {
      "mean": 0.08219842019772705,
      "std": 0.06818834232022082
    },
    "macd_hist_12_26_9": {
      "mean": 0.004953774879425176,
      "std": 0.5004272242594558
    },
    "range_compression_60": {
      "mean": 0.514280303030303,
      "std": 0.295821574185257
    },
    "vol_of_vol_20": {
      "mean": 0.0028469894338910974,
      "std": 0.002813078407985826
    },
    "bb_bandwidth_20": {
      "mean": 0.020549605049431766,
      "std": 0.017047085580055205
    }
  },
  "TRAIN_WINDOW": "2017-01-01 -> 2023-12-31",
  "LABEL_CONTRACT": "TripleBarrier.ATR.daily.v1",
  "MODEL_HASH": "a539b357959cfa3fe4bb02a2b94dc58880efda1028f2644efc9208bfaf946141",
  "RANDOM_SEED": 42
}
