{
  "ticker": "NFLX",
  "best_params": {
    "hidden": 32,
    "lr": 0.001,
    "dropout": 0.3,
    "weight_decay": 0.0001,
    "num_layers": 1,
    "refit_epochs": 4
  },
  "kelly_fraction": null,
  "THRESHOLD_ENTRY": 0.5,
  "DIRECTION_MODE": "long_only",
  "CALIBRATION": {
    "theta_entry": 0.5,
    "kelly_fraction": null,
    "direction_mode": "long_only",
    "oof_trades": 103,
    "trade_floor_met": true,
    "oof_log_growth": -0.09560961240337384
  },
  "cv_auc_pr": 0.4391100751982827,
  "cv_folds": 4,
  "SEQ_LEN": 60,
  "FEATURE_MANIFEST": [
    "log_return_1",
    "log_return_5",
    "log_return_20",
    "dist_to_sma_20",
    "dist_to_sma_50",
    "sma_20_sma_50_ratio",
    "volume_z_score_20",
    "atr_pct_14",
    "realized_volatility_20",
    "rsi_14",
    "bollinger_percent_b_20_2",
    "bollinger_bandwidth_20_2",
    "macd_hist_12_26_9",
    "mr_dist_atr_20",
    "xas_rs_mkt_20",
    "vol_regime_20_60"
  ],
  "NORM_STATS": {
    "log_return_1": {
      "mean": 0.0007781858123408188,
      "std": 0.02842187399613859
    },
    "log_return_5": {
      "mean": 0.00386028336853223,
      "std": 0.06440252812208647
    },
    "log_return_20": {
      "mean": 0.015202986424349958,
      "std": 0.1289687601820752
    },
    "dist_to_sma_20": {
      "mean": 0.008467538780313345,
      "std": 0.0688290369099906
    },
    "dist_to_sma_50": {
      "mean": 0.022185198971899158,
      "std": 0.11216376414743676
    },
    "sma_20_sma_50_ratio": {
      "mean": 0.011950060031537351,
      "std": 0.06965513095095505
    },
    "volume_z_score_20": {
      "mean": 0.0003057638452671061,
      "std": 1.1088745194620429
    },
    "atr_pct_14": {
      "mean": 3.449656461133659,
      "std": 1.3329793058331605
    },
    "realized_volatility_20": {
      "mean": 0.10993197046837794,
      "std": 0.056875798454042926
    },
    "rsi_14": {
      "mean": 53.26173810551057,
      "std": 12.593632869261691
    },
    "bollinger_percent_b_20_2": {
      "mean": 0.5609649145333061,
      "std": 0.3315042816860621
    },
    "bollinger_bandwidth_20_2": {
      "mean": 0.16996102651400202,
      "std": 0.11927113984286372
    },
    "macd_hist_12_26_9": {
      "mean": 0.0020210002753715856,
      "std": 0.32224160909714267
    },
    "mr_dist_atr_20": {
      "mean": 0.34584400732181925,
      "std": 1.7741139286534855
    },
    "xas_rs_mkt_20": {
      "mean": 0.007749982136900676,
      "std": 0.11666117705234645
    },
    "vol_regime_20_60": {
      "mean": 0.9483824689951915,
      "std": 0.25021871685538394
    }
  },
  "TRAIN_WINDOW": "2017-01-01 -> 2023-12-31",
  "LABEL_CONTRACT": "TripleBarrier.ATR.daily.v1",
  "MODEL_HASH": "6bddefafa46b24f97b50e84a4eef831bb705bae55276f074d3ef882869058605",
  "RANDOM_SEED": 42
}
