{
  "ticker": "VTR",
  "best_params": {
    "hidden": 32,
    "lr": 0.001,
    "dropout": 0.3,
    "weight_decay": 0.0001,
    "num_layers": 1,
    "refit_epochs": 4
  },
  "kelly_fraction": null,
  "THRESHOLD_ENTRY": 0.5,
  "DIRECTION_MODE": "both",
  "CALIBRATION": {
    "theta_entry": 0.5,
    "kelly_fraction": null,
    "direction_mode": "both",
    "oof_trades": 103,
    "trade_floor_met": true,
    "oof_log_growth": 0.889851579395954
  },
  "cv_auc_pr": 0.5051477013561818,
  "cv_folds": 4,
  "SEQ_LEN": 60,
  "FEATURE_MANIFEST": [
    "log_return_1",
    "log_return_5",
    "log_return_20",
    "dist_to_sma_20",
    "dist_to_sma_50",
    "sma_20_sma_50_ratio",
    "volume_z_score_20",
    "atr_pct_14",
    "realized_volatility_20",
    "rsi_14",
    "bollinger_percent_b_20_2",
    "bollinger_bandwidth_20_2",
    "macd_hist_12_26_9",
    "volume_trend_5_20",
    "atr_ratio_5_20",
    "close_z_score_20"
  ],
  "NORM_STATS": {
    "log_return_1": {
      "mean": -0.00012876587793827227,
      "std": 0.025137498771608625
    },
    "log_return_5": {
      "mean": -0.0005687602798623194,
      "std": 0.062328633890762354
    },
    "log_return_20": {
      "mean": -0.0026887888159517048,
      "std": 0.12225829277818442
    },
    "dist_to_sma_20": {
      "mean": -0.0001369680803275226,
      "std": 0.06140943331013367
    },
    "dist_to_sma_50": {
      "mean": -0.0014017396025292506,
      "std": 0.09120460890582867
    },
    "sma_20_sma_50_ratio": {
      "mean": -0.0020571042623905938,
      "std": 0.05894041874168088
    },
    "volume_z_score_20": {
      "mean": 0.00760379121763165,
      "std": 1.0781401648383804
    },
    "atr_pct_14": {
      "mean": 2.7561054479144795,
      "std": 2.1030816675330053
    },
    "realized_volatility_20": {
      "mean": 0.08076977161010045,
      "std": 0.07312046024141827
    },
    "rsi_14": {
      "mean": 50.28928801543483,
      "std": 12.465649765147054
    },
    "bollinger_percent_b_20_2": {
      "mean": 0.5179773501993609,
      "std": 0.337867822057654
    },
    "bollinger_bandwidth_20_2": {
      "mean": 0.1282618841797285,
      "std": 0.14178566529873426
    },
    "macd_hist_12_26_9": {
      "mean": 0.0036693687708786215,
      "std": 0.4041525749706734
    },
    "volume_trend_5_20": {
      "mean": 0.003527357231396756,
      "std": 0.24728853751520008
    },
    "atr_ratio_5_20": {
      "mean": 0.989553492572166,
      "std": 0.1522457895579586
    },
    "close_z_score_20": {
      "mean": 0.07190940079744357,
      "std": 1.3514712882306161
    }
  },
  "TRAIN_WINDOW": "2017-01-01 -> 2023-12-31",
  "LABEL_CONTRACT": "TripleBarrier.ATR.daily.v1",
  "MODEL_HASH": "272145e8d376a1e5fcff3ed224d7715271d8988e23dd03be69fd43fb1f8f7cb2",
  "RANDOM_SEED": 42
}
