{
  "ticker": "AMAT",
  "best_params": {
    "hidden": 32,
    "lr": 0.001,
    "dropout": 0.3,
    "weight_decay": 0.0001,
    "num_layers": 1,
    "refit_epochs": 4
  },
  "kelly_fraction": null,
  "THRESHOLD_ENTRY": 0.6,
  "DIRECTION_MODE": "both",
  "CALIBRATION": {
    "theta_entry": 0.6,
    "kelly_fraction": null,
    "direction_mode": "both",
    "oof_trades": 14,
    "trade_floor_met": true,
    "oof_log_growth": 0.09520670316333694
  },
  "cv_auc_pr": 0.44272468603456305,
  "cv_folds": 4,
  "SEQ_LEN": 60,
  "FEATURE_MANIFEST": [
    "log_return_1",
    "log_return_5",
    "log_return_20",
    "dist_to_sma_20",
    "dist_to_sma_50",
    "sma_20_sma_50_ratio",
    "volume_z_score_20",
    "atr_pct_14",
    "realized_volatility_20",
    "rsi_14",
    "bollinger_percent_b_20_2",
    "bollinger_bandwidth_20_2",
    "macd_hist_12_26_9",
    "atr_ratio_5_20",
    "ret_skew_20",
    "price_volume_rank_divergence",
    "overnight_intraday_spread_20",
    "illiquidity_amihud_20"
  ],
  "NORM_STATS": {
    "log_return_1": {
      "mean": 0.000916803594929465,
      "std": 0.026992123021634073
    },
    "log_return_5": {
      "mean": 0.004556461930066869,
      "std": 0.05591630672499048
    },
    "log_return_20": {
      "mean": 0.01790105642844139,
      "std": 0.10548947537567965
    },
    "dist_to_sma_20": {
      "mean": 0.009388518862056992,
      "std": 0.05932779095189067
    },
    "dist_to_sma_50": {
      "mean": 0.023939220101094165,
      "std": 0.09024536660127279
    },
    "sma_20_sma_50_ratio": {
      "mean": 0.013614888974942233,
      "std": 0.053933126180629475
    },
    "volume_z_score_20": {
      "mean": -0.0313805368828436,
      "std": 1.0575886959479173
    },
    "atr_pct_14": {
      "mean": 3.4037266496222216,
      "std": 1.165875465136027
    },
    "realized_volatility_20": {
      "mean": 0.10826669230444727,
      "std": 0.047682479732237056
    },
    "rsi_14": {
      "mean": 53.27718279150988,
      "std": 11.548750208609583
    },
    "bollinger_percent_b_20_2": {
      "mean": 0.5651575418433289,
      "std": 0.3305941631891561
    },
    "bollinger_bandwidth_20_2": {
      "mean": 0.1601788206169936,
      "std": 0.07931516504576812
    },
    "macd_hist_12_26_9": {
      "mean": 0.007637481438251402,
      "std": 0.7144168399173466
    },
    "atr_ratio_5_20": {
      "mean": 1.0073075208525133,
      "std": 0.15002403601699163
    },
    "ret_skew_20": {
      "mean": -0.1495385676792866,
      "std": 0.75177125505414
    },
    "price_volume_rank_divergence": {
      "mean": 0.1078125,
      "std": 0.4833470121578614
    },
    "overnight_intraday_spread_20": {
      "mean": 0.0006769703856885818,
      "std": 0.0055847344437327355
    },
    "illiquidity_amihud_20": {
      "mean": 0.001225320318858687,
      "std": 0.0005661190797558305
    }
  },
  "TRAIN_WINDOW": "2017-01-01 -> 2023-12-31",
  "LABEL_CONTRACT": "TripleBarrier.ATR.daily.v1",
  "MODEL_HASH": "ac00bc0e236aba5c4ceda2ae9e7e22125e42e803c6dba97cb8a69ce75cea096c",
  "RANDOM_SEED": 42
}
