{
  "ticker": "BRK.B",
  "best_params": {
    "hidden": 32,
    "lr": 0.001,
    "dropout": 0.3,
    "weight_decay": 0.0001,
    "num_layers": 1,
    "refit_epochs": 4
  },
  "kelly_fraction": null,
  "THRESHOLD_ENTRY": 0.5,
  "DIRECTION_MODE": "both",
  "CALIBRATION": {
    "theta_entry": 0.5,
    "kelly_fraction": null,
    "direction_mode": "both",
    "oof_trades": 116,
    "trade_floor_met": true,
    "oof_log_growth": 0.41579078867900277
  },
  "cv_auc_pr": 0.5778947086958258,
  "cv_folds": 4,
  "SEQ_LEN": 60,
  "FEATURE_MANIFEST": [
    "log_return_1",
    "log_return_5",
    "log_return_20",
    "dist_to_sma_20",
    "dist_to_sma_50",
    "sma_20_sma_50_ratio",
    "volume_z_score_20",
    "atr_pct_14",
    "realized_volatility_20",
    "rsi_14",
    "bollinger_percent_b_20_2",
    "bollinger_bandwidth_20_2",
    "macd_hist_12_26_9",
    "volume_trend_5_20",
    "atr_ratio_5_20",
    "rsi_2"
  ],
  "NORM_STATS": {
    "log_return_1": {
      "mean": 0.0004451606715267311,
      "std": 0.013085080415864045
    },
    "log_return_5": {
      "mean": 0.0022099281140212997,
      "std": 0.027315121456928684
    },
    "log_return_20": {
      "mean": 0.008817999581680587,
      "std": 0.05386522576050792
    },
    "dist_to_sma_20": {
      "mean": 0.004391991456690342,
      "std": 0.02998857499802344
    },
    "dist_to_sma_50": {
      "mean": 0.011551360294186009,
      "std": 0.04503644524165729
    },
    "sma_20_sma_50_ratio": {
      "mean": 0.006940738208446982,
      "std": 0.027568660178691952
    },
    "volume_z_score_20": {
      "mean": 0.00742648131172806,
      "std": 1.0774084129035983
    },
    "atr_pct_14": {
      "mean": 1.6135614955945523,
      "std": 0.6857947440495886
    },
    "realized_volatility_20": {
      "mean": 0.048872301567213325,
      "std": 0.02980859921888132
    },
    "rsi_14": {
      "mean": 54.11752803797512,
      "std": 12.042242020242687
    },
    "bollinger_percent_b_20_2": {
      "mean": 0.5678770418851747,
      "std": 0.3335448440179143
    },
    "bollinger_bandwidth_20_2": {
      "mean": 0.07704907610284957,
      "std": 0.045372849326157254
    },
    "macd_hist_12_26_9": {
      "mean": -0.0037525559181651276,
      "std": 1.023979456795436
    },
    "volume_trend_5_20": {
      "mean": 0.0012464745069787832,
      "std": 0.18544872005492538
    },
    "atr_ratio_5_20": {
      "mean": 0.9973037645202741,
      "std": 0.1700119955779993
    },
    "rsi_2": {
      "mean": 53.947777436829774,
      "std": 31.588874053634573
    }
  },
  "TRAIN_WINDOW": "2017-01-01 -> 2023-12-31",
  "LABEL_CONTRACT": "TripleBarrier.ATR.daily.v1",
  "MODEL_HASH": "84504f09972c85888320a98fea5a636b141869d270a9ae6968574f32c8998be6",
  "RANDOM_SEED": 42
}
