{
  "ticker": "KO",
  "best_params": {
    "hidden": 32,
    "lr": 0.001,
    "dropout": 0.3,
    "weight_decay": 0.0001,
    "num_layers": 1,
    "refit_epochs": 4
  },
  "kelly_fraction": null,
  "THRESHOLD_ENTRY": 0.52,
  "DIRECTION_MODE": "long_only",
  "CALIBRATION": {
    "theta_entry": 0.52,
    "kelly_fraction": null,
    "direction_mode": "long_only",
    "oof_trades": 70,
    "trade_floor_met": true,
    "oof_log_growth": 0.15233209923369428
  },
  "cv_auc_pr": 0.48856901308106004,
  "cv_folds": 4,
  "SEQ_LEN": 60,
  "FEATURE_MANIFEST": [
    "log_return_1",
    "log_return_5",
    "log_return_20",
    "dist_to_sma_20",
    "dist_to_sma_50",
    "sma_20_sma_50_ratio",
    "volume_z_score_20",
    "atr_pct_14",
    "realized_volatility_20",
    "rsi_14",
    "bollinger_percent_b_20_2",
    "bollinger_bandwidth_20_2",
    "macd_hist_12_26_9",
    "volume_trend_5_20",
    "overnight_intraday_spread_20"
  ],
  "NORM_STATS": {
    "log_return_1": {
      "mean": 0.00019956826678528048,
      "std": 0.012168023366643594
    },
    "log_return_5": {
      "mean": 0.0009809419690306525,
      "std": 0.02649740009140061
    },
    "log_return_20": {
      "mean": 0.003974898391005681,
      "std": 0.051330807282781526
    },
    "dist_to_sma_20": {
      "mean": 0.002054817301494098,
      "std": 0.028456158820632682
    },
    "dist_to_sma_50": {
      "mean": 0.005140138736120175,
      "std": 0.04097056599504415
    },
    "sma_20_sma_50_ratio": {
      "mean": 0.0029471489936053587,
      "std": 0.025252892786763466
    },
    "volume_z_score_20": {
      "mean": 0.0021958723690490138,
      "std": 1.0921886801333525
    },
    "atr_pct_14": {
      "mean": 1.560154799622727,
      "std": 0.7849275376287649
    },
    "realized_volatility_20": {
      "mean": 0.04516728511862617,
      "std": 0.028047368565822246
    },
    "rsi_14": {
      "mean": 52.81645742313766,
      "std": 11.337976967877493
    },
    "bollinger_percent_b_20_2": {
      "mean": 0.56234267514442,
      "std": 0.330031168436027
    },
    "bollinger_bandwidth_20_2": {
      "mean": 0.06800682875849531,
      "std": 0.052880597200803105
    },
    "macd_hist_12_26_9": {
      "mean": 0.0006990942579137635,
      "std": 0.21478868711967491
    },
    "volume_trend_5_20": {
      "mean": 0.002655740233167611,
      "std": 0.20998680356653207
    },
    "overnight_intraday_spread_20": {
      "mean": 0.0006460112111502307,
      "std": 0.003430994959448689
    }
  },
  "TRAIN_WINDOW": "2017-01-01 -> 2023-12-31",
  "LABEL_CONTRACT": "TripleBarrier.ATR.daily.v1",
  "MODEL_HASH": "9d28cdea33291b0654f42989b73443a8dbba5601666cf90c53189d2709e9e4b9",
  "RANDOM_SEED": 42
}
