{
  "ticker": "FFIV",
  "best_params": {
    "hidden": 32,
    "lr": 0.001,
    "dropout": 0.3,
    "weight_decay": 0.0001,
    "num_layers": 1,
    "refit_epochs": 4
  },
  "kelly_fraction": null,
  "THRESHOLD_ENTRY": 0.54,
  "DIRECTION_MODE": "long_only",
  "CALIBRATION": {
    "theta_entry": 0.54,
    "kelly_fraction": null,
    "direction_mode": "long_only",
    "oof_trades": 37,
    "trade_floor_met": true,
    "oof_log_growth": 0.6374475732451104
  },
  "cv_auc_pr": 0.45211635364177283,
  "cv_folds": 4,
  "SEQ_LEN": 60,
  "FEATURE_MANIFEST": [
    "log_return_1",
    "log_return_5",
    "log_return_20",
    "dist_to_sma_20",
    "dist_to_sma_50",
    "sma_20_sma_50_ratio",
    "volume_z_score_20",
    "atr_pct_14",
    "realized_volatility_20",
    "rsi_14",
    "bollinger_percent_b_20_2",
    "bollinger_bandwidth_20_2",
    "macd_hist_12_26_9",
    "high_low_range_pct",
    "rsi_2",
    "reversal_2d",
    "dist_from_low_20"
  ],
  "NORM_STATS": {
    "log_return_1": {
      "mean": 0.00012093054625607074,
      "std": 0.01871835783982623
    },
    "log_return_5": {
      "mean": 0.0006100477500967225,
      "std": 0.040476974589833216
    },
    "log_return_20": {
      "mean": 0.0022930598110986844,
      "std": 0.08223876941366341
    },
    "dist_to_sma_20": {
      "mean": 0.001596658819060071,
      "std": 0.04527078479044597
    },
    "dist_to_sma_50": {
      "mean": 0.003706813421697273,
      "std": 0.0710548940311658
    },
    "sma_20_sma_50_ratio": {
      "mean": 0.0015649316947457881,
      "std": 0.043348176831430725
    },
    "volume_z_score_20": {
      "mean": 0.01588417182651032,
      "std": 1.1054745014619582
    },
    "atr_pct_14": {
      "mean": 2.481563365757216,
      "std": 0.8004255714892066
    },
    "realized_volatility_20": {
      "mean": 0.07536030956713043,
      "std": 0.03144910039397682
    },
    "rsi_14": {
      "mean": 51.26852153732067,
      "std": 12.407025224890837
    },
    "bollinger_percent_b_20_2": {
      "mean": 0.5203997197413412,
      "std": 0.33724391546755433
    },
    "bollinger_bandwidth_20_2": {
      "mean": 0.11564061493958042,
      "std": 0.06415207812761277
    },
    "macd_hist_12_26_9": {
      "mean": 0.0050479042484765065,
      "std": 0.9926164354093193
    },
    "high_low_range_pct": {
      "mean": 2.289747630865375,
      "std": 1.319828816174189
    },
    "rsi_2": {
      "mean": 52.92784795010911,
      "std": 31.127566145388936
    },
    "reversal_2d": {
      "mean": -0.00024349808706099769,
      "std": 0.025875142218543153
    },
    "dist_from_low_20": {
      "mean": 0.07023421593899977,
      "std": 0.06343060931967621
    }
  },
  "TRAIN_WINDOW": "2017-01-01 -> 2023-12-31",
  "LABEL_CONTRACT": "TripleBarrier.ATR.daily.v1",
  "MODEL_HASH": "ef9aa27933deb4e8ccc9e8f5703e234764c71b6b997c08c7b09c5bfdb03b665d",
  "RANDOM_SEED": 42
}
