{
  "ticker": "PHM",
  "best_params": {
    "hidden": 32,
    "lr": 0.001,
    "dropout": 0.3,
    "weight_decay": 0.0001,
    "num_layers": 1,
    "refit_epochs": 4
  },
  "kelly_fraction": null,
  "THRESHOLD_ENTRY": 0.56,
  "DIRECTION_MODE": "long_only",
  "CALIBRATION": {
    "theta_entry": 0.56,
    "kelly_fraction": null,
    "direction_mode": "long_only",
    "oof_trades": 42,
    "trade_floor_met": true,
    "oof_log_growth": -0.16834644141320745
  },
  "cv_auc_pr": 0.46400376803391596,
  "cv_folds": 4,
  "SEQ_LEN": 60,
  "FEATURE_MANIFEST": [
    "log_return_1",
    "log_return_5",
    "log_return_20",
    "dist_to_sma_20",
    "dist_to_sma_50",
    "sma_20_sma_50_ratio",
    "volume_z_score_20",
    "atr_pct_14",
    "realized_volatility_20",
    "rsi_14",
    "bollinger_percent_b_20_2",
    "bollinger_bandwidth_20_2",
    "macd_hist_12_26_9",
    "atr_ratio_5_20",
    "momentum_acceleration_10",
    "bb_bandwidth_20"
  ],
  "NORM_STATS": {
    "log_return_1": {
      "mean": 0.0009802002669666303,
      "std": 0.02417036578482518
    },
    "log_return_5": {
      "mean": 0.00488986719589972,
      "std": 0.057000946140245694
    },
    "log_return_20": {
      "mean": 0.018794933578675004,
      "std": 0.11196489175085762
    },
    "dist_to_sma_20": {
      "mean": 0.009998398772065065,
      "std": 0.05837395451225927
    },
    "dist_to_sma_50": {
      "mean": 0.024890391741993444,
      "std": 0.09460396593256304
    },
    "sma_20_sma_50_ratio": {
      "mean": 0.01366680384686014,
      "std": 0.05910984380631804
    },
    "volume_z_score_20": {
      "mean": -0.005146373801875808,
      "std": 1.0796628857282091
    },
    "atr_pct_14": {
      "mean": 3.095534675450369,
      "std": 1.5096081475142726
    },
    "realized_volatility_20": {
      "mean": 0.09139601867109878,
      "std": 0.05192270794912369
    },
    "rsi_14": {
      "mean": 54.78675465528861,
      "std": 12.600250108530538
    },
    "bollinger_percent_b_20_2": {
      "mean": 0.5902095498697207,
      "std": 0.3229588351922273
    },
    "bollinger_bandwidth_20_2": {
      "mean": 0.13914265502615977,
      "std": 0.11337525816489262
    },
    "macd_hist_12_26_9": {
      "mean": 0.010797654602809667,
      "std": 0.32719106627870925
    },
    "atr_ratio_5_20": {
      "mean": 1.006012507501112,
      "std": 0.1457010291528555
    },
    "momentum_acceleration_10": {
      "mean": 0.0005812083197189105,
      "std": 0.10630221583322755
    },
    "bb_bandwidth_20": {
      "mean": 0.03478566375653994,
      "std": 0.028343814541223155
    }
  },
  "TRAIN_WINDOW": "2017-01-01 -> 2023-12-31",
  "LABEL_CONTRACT": "TripleBarrier.ATR.daily.v1",
  "MODEL_HASH": "831911197fcf03f1aeb9e0f90c083b77751e2f043487f8a0f3d36d7ae34b6a9e",
  "RANDOM_SEED": 42
}
