{
  "ticker": "WRB",
  "best_params": {
    "hidden": 32,
    "lr": 0.001,
    "dropout": 0.3,
    "weight_decay": 0.0001,
    "num_layers": 1,
    "refit_epochs": 4
  },
  "kelly_fraction": null,
  "THRESHOLD_ENTRY": 0.54,
  "DIRECTION_MODE": "long_only",
  "CALIBRATION": {
    "theta_entry": 0.54,
    "kelly_fraction": null,
    "direction_mode": "long_only",
    "oof_trades": 64,
    "trade_floor_met": true,
    "oof_log_growth": 0.3359182377229575
  },
  "cv_auc_pr": 0.5336579265795545,
  "cv_folds": 4,
  "SEQ_LEN": 60,
  "FEATURE_MANIFEST": [
    "log_return_1",
    "log_return_5",
    "log_return_20",
    "dist_to_sma_20",
    "dist_to_sma_50",
    "sma_20_sma_50_ratio",
    "volume_z_score_20",
    "atr_pct_14",
    "realized_volatility_20",
    "rsi_14",
    "bollinger_percent_b_20_2",
    "bollinger_bandwidth_20_2",
    "macd_hist_12_26_9",
    "dist_to_sma_200",
    "xas_mkt_lead_ret_1",
    "xas_rs_mkt_20"
  ],
  "NORM_STATS": {
    "log_return_1": {
      "mean": 0.0004958695684337192,
      "std": 0.01627249960616172
    },
    "log_return_5": {
      "mean": 0.0024594748991750193,
      "std": 0.033925261052128286
    },
    "log_return_20": {
      "mean": 0.01017650553087342,
      "std": 0.06705090298466822
    },
    "dist_to_sma_20": {
      "mean": 0.0050556700667317165,
      "std": 0.03676563129822764
    },
    "dist_to_sma_50": {
      "mean": 0.013517750294355124,
      "std": 0.05498341443786664
    },
    "sma_20_sma_50_ratio": {
      "mean": 0.008135633425445795,
      "std": 0.03375481821759676
    },
    "volume_z_score_20": {
      "mean": 0.01568860188797421,
      "std": 1.0695502224233595
    },
    "atr_pct_14": {
      "mean": 1.9858957785841607,
      "std": 0.9475649159663242
    },
    "realized_volatility_20": {
      "mean": 0.059415890864443266,
      "std": 0.03916521817465782
    },
    "rsi_14": {
      "mean": 53.90602010499132,
      "std": 11.361605966067366
    },
    "bollinger_percent_b_20_2": {
      "mean": 0.5724036549989947,
      "std": 0.32977960595481437
    },
    "bollinger_bandwidth_20_2": {
      "mean": 0.08795834953093391,
      "std": 0.06725842980975717
    },
    "macd_hist_12_26_9": {
      "mean": -0.000647483503746372,
      "std": 0.15968491551485967
    },
    "dist_to_sma_200": {
      "mean": 0.053907884963430026,
      "std": 0.09907455909707019
    },
    "xas_mkt_lead_ret_1": {
      "mean": 0.0003897965698398871,
      "std": 0.012757908722961116
    },
    "xas_rs_mkt_20": {
      "mean": 0.002712466447889146,
      "std": 0.05214275201936569
    }
  },
  "TRAIN_WINDOW": "2017-01-01 -> 2023-12-31",
  "LABEL_CONTRACT": "TripleBarrier.ATR.daily.v1",
  "MODEL_HASH": "3aa658565c96e01524c6a4084787c17eb136a4da2003a95816fa40cac6cfb3b0",
  "RANDOM_SEED": 42
}
