{
  "cv_macro_f1": 0.3935530927356051,
  "dsr": {
    "T": 578,
    "dsr": 0.08764016836884897,
    "kurtosis": 225.16427333631114,
    "n_trials": 110,
    "skew": 11.680667926257943,
    "sr0_period": 0.0614133988808883,
    "sr_annualized": 0.11722340977202184,
    "sr_period": 0.007384380716471154
  },
  "holdout_report": {
    "class_frac": {
      "-1": 0.3927392739273927,
      "0": 0.27832783278327833,
      "1": 0.32893289328932895
    },
    "log_loss": 1.0663071870613157,
    "macro_f1": 0.3892747518774708,
    "mcc": 0.09963316547731399,
    "n": 3636,
    "pr_auc_macro": 0.41639945054077615,
    "precision": {
      "-1": 0.4094240837696335,
      "0": 0.39381720430107525,
      "1": 0.37133277451802177
    },
    "recall": {
      "-1": 0.27380952380952384,
      "0": 0.5790513833992095,
      "1": 0.3704013377926421
    }
  },
  "holdout_sharpe": 0.11722340977202184,
  "model": "XGB",
  "n_holdout_events": 3636,
  "n_trades": 2148,
  "n_trials_total": 110,
  "pbo": {
    "lambda_mean": 0.8916301357562887,
    "n_combinations": 70,
    "pbo": 0.2714285714285714
  },
  "pstar": 0.34,
  "run_id": "wofs-demo-t41",
  "selected": [
    "rsi_1h",
    "vol_z_1h",
    "day_range_pos_1h",
    "adx_signed_1d",
    "rsi_1d",
    "atr_pct_1d",
    "zscore_1h_ma1d",
    "zscore_1h_ma1w",
    "rsi_spread_1h_1d",
    "vol_ratio_1h_1d"
  ]
}