{
  "ticker": "ADSK",
  "best_params": {
    "hidden": 32,
    "lr": 0.001,
    "dropout": 0.3,
    "weight_decay": 0.0001,
    "num_layers": 1,
    "refit_epochs": 4
  },
  "kelly_fraction": null,
  "THRESHOLD_ENTRY": 0.52,
  "DIRECTION_MODE": "both",
  "CALIBRATION": {
    "theta_entry": 0.52,
    "kelly_fraction": null,
    "direction_mode": "both",
    "oof_trades": 81,
    "trade_floor_met": true,
    "oof_log_growth": 0.28956760776341095
  },
  "cv_auc_pr": 0.4609479481225705,
  "cv_folds": 4,
  "SEQ_LEN": 60,
  "FEATURE_MANIFEST": [
    "log_return_1",
    "log_return_5",
    "log_return_20",
    "dist_to_sma_20",
    "dist_to_sma_50",
    "sma_20_sma_50_ratio",
    "volume_z_score_20",
    "atr_pct_14",
    "realized_volatility_20",
    "rsi_14",
    "bollinger_percent_b_20_2",
    "bollinger_bandwidth_20_2",
    "macd_hist_12_26_9",
    "high_low_range_pct",
    "price_volume_rank_divergence",
    "momentum_acceleration_10"
  ],
  "NORM_STATS": {
    "log_return_1": {
      "mean": 0.0006767806712892919,
      "std": 0.024367162843520546
    },
    "log_return_5": {
      "mean": 0.003347301704905477,
      "std": 0.05170198456344563
    },
    "log_return_20": {
      "mean": 0.012717477933844713,
      "std": 0.09731033406420074
    },
    "dist_to_sma_20": {
      "mean": 0.006846123637614557,
      "std": 0.054454181484548767
    },
    "dist_to_sma_50": {
      "mean": 0.016669350993922895,
      "std": 0.08043721448531249
    },
    "sma_20_sma_50_ratio": {
      "mean": 0.009240889007452898,
      "std": 0.04849891750730449
    },
    "volume_z_score_20": {
      "mean": -0.022700301340109665,
      "std": 1.0710354908530015
    },
    "atr_pct_14": {
      "mean": 3.093795203562976,
      "std": 1.0641425693756057
    },
    "realized_volatility_20": {
      "mean": 0.09695114843407272,
      "std": 0.045034787667665194
    },
    "rsi_14": {
      "mean": 53.36131973555495,
      "std": 11.887073537308517
    },
    "bollinger_percent_b_20_2": {
      "mean": 0.5614600437072677,
      "std": 0.32933359758699016
    },
    "bollinger_bandwidth_20_2": {
      "mean": 0.1456238288385447,
      "std": 0.07508982728850935
    },
    "macd_hist_12_26_9": {
      "mean": 0.016193406416194767,
      "std": 1.5592794034388473
    },
    "high_low_range_pct": {
      "mean": 2.8695917076351654,
      "std": 1.5786848246039638
    },
    "price_volume_rank_divergence": {
      "mean": 0.08650568181818181,
      "std": 0.4781345497817426
    },
    "momentum_acceleration_10": {
      "mean": 0.0005267164622652244,
      "std": 0.10119612008217187
    }
  },
  "TRAIN_WINDOW": "2017-01-01 -> 2023-12-31",
  "LABEL_CONTRACT": "TripleBarrier.ATR.daily.v1",
  "MODEL_HASH": "ece39bceb867844ab717ff7da1654dd283b946986500e838863982543e1d093f",
  "RANDOM_SEED": 42
}
