{
  "ticker": "RTX",
  "best_params": {
    "hidden": 32,
    "lr": 0.001,
    "dropout": 0.3,
    "weight_decay": 0.0001,
    "num_layers": 1,
    "refit_epochs": 4
  },
  "kelly_fraction": null,
  "THRESHOLD_ENTRY": 0.6,
  "DIRECTION_MODE": "both",
  "CALIBRATION": {
    "theta_entry": 0.6,
    "kelly_fraction": null,
    "direction_mode": "both",
    "oof_trades": 20,
    "trade_floor_met": true,
    "oof_log_growth": 0.08677672721519845
  },
  "cv_auc_pr": 0.47994459076003776,
  "cv_folds": 4,
  "SEQ_LEN": 60,
  "FEATURE_MANIFEST": [
    "log_return_1",
    "log_return_5",
    "log_return_20",
    "dist_to_sma_20",
    "dist_to_sma_50",
    "sma_20_sma_50_ratio",
    "volume_z_score_20",
    "atr_pct_14",
    "realized_volatility_20",
    "rsi_14",
    "bollinger_percent_b_20_2",
    "bollinger_bandwidth_20_2",
    "macd_hist_12_26_9",
    "high_low_range_pct",
    "range_compression_60",
    "bb_percent_b_20"
  ],
  "NORM_STATS": {
    "log_return_1": {
      "mean": -0.00015125617307482344,
      "std": 0.022618718620678206
    },
    "log_return_5": {
      "mean": -0.0007786682888814368,
      "std": 0.048287690467787824
    },
    "log_return_20": {
      "mean": -0.003237628750528807,
      "std": 0.0934480554192428
    },
    "dist_to_sma_20": {
      "mean": -0.0009652654464287269,
      "std": 0.048322323807594596
    },
    "dist_to_sma_50": {
      "mean": -0.0018660298554418033,
      "std": 0.08063508023003287
    },
    "sma_20_sma_50_ratio": {
      "mean": -0.0020065604038631128,
      "std": 0.05266505534983894
    },
    "volume_z_score_20": {
      "mean": 0.002011022253495139,
      "std": 1.0803373774486915
    },
    "atr_pct_14": {
      "mean": 2.3269719279319756,
      "std": 1.735885059739468
    },
    "realized_volatility_20": {
      "mean": 0.07069797861154319,
      "std": 0.06919528301892769
    },
    "rsi_14": {
      "mean": 52.019999444681844,
      "std": 12.323040556684717
    },
    "bollinger_percent_b_20_2": {
      "mean": 0.531187103623287,
      "std": 0.3317978052807262
    },
    "bollinger_bandwidth_20_2": {
      "mean": 0.10653567930779317,
      "std": 0.1056937297432146
    },
    "macd_hist_12_26_9": {
      "mean": -0.0009610967239708345,
      "std": 0.6269745123306892
    },
    "high_low_range_pct": {
      "mean": 2.1163495893375153,
      "std": 1.8947988684024681
    },
    "range_compression_60": {
      "mean": 0.5059598256585182,
      "std": 0.29546614992041226
    },
    "bb_percent_b_20": {
      "mean": 0.5311794894237479,
      "std": 0.33179321076633694
    }
  },
  "TRAIN_WINDOW": "2017-01-01 -> 2023-12-31",
  "LABEL_CONTRACT": "TripleBarrier.ATR.daily.v1",
  "MODEL_HASH": "be18cc872e86e83b1082241fed0bea078a16c162fc666b7256d0ba2069ab1414",
  "RANDOM_SEED": 42
}
