{
  "ticker": "ROK",
  "best_params": {
    "hidden": 32,
    "lr": 0.001,
    "dropout": 0.3,
    "weight_decay": 0.0001,
    "num_layers": 1,
    "refit_epochs": 4
  },
  "kelly_fraction": null,
  "THRESHOLD_ENTRY": 0.52,
  "DIRECTION_MODE": "long_only",
  "CALIBRATION": {
    "theta_entry": 0.52,
    "kelly_fraction": null,
    "direction_mode": "long_only",
    "oof_trades": 63,
    "trade_floor_met": true,
    "oof_log_growth": 0.5257291875074388
  },
  "cv_auc_pr": 0.48715217810926803,
  "cv_folds": 4,
  "SEQ_LEN": 60,
  "FEATURE_MANIFEST": [
    "log_return_1",
    "log_return_5",
    "log_return_20",
    "dist_to_sma_20",
    "dist_to_sma_50",
    "sma_20_sma_50_ratio",
    "volume_z_score_20",
    "atr_pct_14",
    "realized_volatility_20",
    "rsi_14",
    "bollinger_percent_b_20_2",
    "bollinger_bandwidth_20_2",
    "macd_hist_12_26_9",
    "volume_trend_5_20",
    "overnight_intraday_spread_20"
  ],
  "NORM_STATS": {
    "log_return_1": {
      "mean": 0.00047542825896438316,
      "std": 0.019746890325571583
    },
    "log_return_5": {
      "mean": 0.002358023190222073,
      "std": 0.041914747428061734
    },
    "log_return_20": {
      "mean": 0.008791871794157873,
      "std": 0.08664548388895532
    },
    "dist_to_sma_20": {
      "mean": 0.004884586681798815,
      "std": 0.04701136340673132
    },
    "dist_to_sma_50": {
      "mean": 0.011936675816323038,
      "std": 0.07401300552702829
    },
    "sma_20_sma_50_ratio": {
      "mean": 0.006427689203297108,
      "std": 0.04580263647960578
    },
    "volume_z_score_20": {
      "mean": 0.011462081432517588,
      "std": 1.091173869569049
    },
    "atr_pct_14": {
      "mean": 2.4537270811831564,
      "std": 1.0192147893860282
    },
    "realized_volatility_20": {
      "mean": 0.07540990114178754,
      "std": 0.041414876541474716
    },
    "rsi_14": {
      "mean": 53.15317880300751,
      "std": 12.47944250930918
    },
    "bollinger_percent_b_20_2": {
      "mean": 0.564053163844501,
      "std": 0.3347904211202074
    },
    "bollinger_bandwidth_20_2": {
      "mean": 0.11654230309040982,
      "std": 0.07317466655272127
    },
    "macd_hist_12_26_9": {
      "mean": 0.01607741962633303,
      "std": 1.4407875314915959
    },
    "volume_trend_5_20": {
      "mean": 0.0038412048563431383,
      "std": 0.26512766314665676
    },
    "overnight_intraday_spread_20": {
      "mean": -7.63260172698672e-05,
      "std": 0.004794851811866262
    }
  },
  "TRAIN_WINDOW": "2017-01-01 -> 2023-12-31",
  "LABEL_CONTRACT": "TripleBarrier.ATR.daily.v1",
  "MODEL_HASH": "4dd6e9fa82ea8a75b11df6eba8da2cf9e33ed8c97cafc6b99ee9dde3ed981773",
  "RANDOM_SEED": 42
}
