{
  "ticker": "PRU",
  "best_params": {
    "hidden": 32,
    "lr": 0.001,
    "dropout": 0.3,
    "weight_decay": 0.0001,
    "num_layers": 1,
    "refit_epochs": 4
  },
  "kelly_fraction": null,
  "THRESHOLD_ENTRY": 0.56,
  "DIRECTION_MODE": "long_only",
  "CALIBRATION": {
    "theta_entry": 0.56,
    "kelly_fraction": null,
    "direction_mode": "long_only",
    "oof_trades": 26,
    "trade_floor_met": true,
    "oof_log_growth": 0.09066020132273281
  },
  "cv_auc_pr": 0.4656680452586144,
  "cv_folds": 4,
  "SEQ_LEN": 60,
  "FEATURE_MANIFEST": [
    "log_return_1",
    "log_return_5",
    "log_return_20",
    "dist_to_sma_20",
    "dist_to_sma_50",
    "sma_20_sma_50_ratio",
    "volume_z_score_20",
    "atr_pct_14",
    "realized_volatility_20",
    "rsi_14",
    "bollinger_percent_b_20_2",
    "bollinger_bandwidth_20_2",
    "macd_hist_12_26_9",
    "williams_r_14",
    "mr_dist_atr_20",
    "vol_scaled_momentum_20",
    "zscore_close_20"
  ],
  "NORM_STATS": {
    "log_return_1": {
      "mean": -2.13304297390158e-06,
      "std": 0.02179772592088358
    },
    "log_return_5": {
      "mean": -3.6406736437627734e-05,
      "std": 0.04753857318488723
    },
    "log_return_20": {
      "mean": -0.00033821598584036925,
      "std": 0.09785329613716162
    },
    "dist_to_sma_20": {
      "mean": 0.0005751996460812097,
      "std": 0.05162185932214033
    },
    "dist_to_sma_50": {
      "mean": 0.0010857474324107745,
      "std": 0.07599724888983803
    },
    "sma_20_sma_50_ratio": {
      "mean": -1.4730110426463095e-05,
      "std": 0.049001643780510744
    },
    "volume_z_score_20": {
      "mean": -0.021575033551605782,
      "std": 1.0815501991013123
    },
    "atr_pct_14": {
      "mean": 2.552504412305645,
      "std": 1.3556901459531232
    },
    "realized_volatility_20": {
      "mean": 0.07844119831387446,
      "std": 0.05361395382115982
    },
    "rsi_14": {
      "mean": 51.338229384967185,
      "std": 11.42309724878238
    },
    "bollinger_percent_b_20_2": {
      "mean": 0.5366661946997721,
      "std": 0.33153931142354254
    },
    "bollinger_bandwidth_20_2": {
      "mean": 0.11988499276590055,
      "std": 0.09918012206035905
    },
    "macd_hist_12_26_9": {
      "mean": -0.0008787068661423894,
      "std": 0.6251037420890905
    },
    "williams_r_14": {
      "mean": -44.604833524792255,
      "std": 29.732064796984943
    },
    "mr_dist_atr_20": {
      "mean": 0.11266168196804165,
      "std": 1.687961430365756
    },
    "vol_scaled_momentum_20": {
      "mean": 0.5779860084304823,
      "std": 4.188345999778344
    },
    "zscore_close_20": {
      "mean": 0.14666477879908793,
      "std": 1.32615724569417
    }
  },
  "TRAIN_WINDOW": "2017-01-01 -> 2023-12-31",
  "LABEL_CONTRACT": "TripleBarrier.ATR.daily.v1",
  "MODEL_HASH": "b9f2f4d37cb0d1d33bd50913082019a3213710060941fbaac28d11632e4d74a6",
  "RANDOM_SEED": 42
}
