{
  "ticker": "UPS",
  "best_params": {
    "hidden": 32,
    "lr": 0.001,
    "dropout": 0.3,
    "weight_decay": 0.0001,
    "num_layers": 1,
    "refit_epochs": 4
  },
  "kelly_fraction": null,
  "THRESHOLD_ENTRY": 0.5,
  "DIRECTION_MODE": "long_only",
  "CALIBRATION": {
    "theta_entry": 0.5,
    "kelly_fraction": null,
    "direction_mode": "long_only",
    "oof_trades": 95,
    "trade_floor_met": true,
    "oof_log_growth": 0.23532259573828995
  },
  "cv_auc_pr": 0.43997643874218917,
  "cv_folds": 4,
  "SEQ_LEN": 60,
  "FEATURE_MANIFEST": [
    "log_return_1",
    "log_return_5",
    "log_return_20",
    "dist_to_sma_20",
    "dist_to_sma_50",
    "sma_20_sma_50_ratio",
    "volume_z_score_20",
    "atr_pct_14",
    "realized_volatility_20",
    "rsi_14",
    "bollinger_percent_b_20_2",
    "bollinger_bandwidth_20_2",
    "macd_hist_12_26_9",
    "atr_ratio_5_20",
    "downside_vol_20",
    "sma_slope_50_20"
  ],
  "NORM_STATS": {
    "log_return_1": {
      "mean": 0.00017916783313176062,
      "std": 0.017326839289374465
    },
    "log_return_5": {
      "mean": 0.0008846920492135569,
      "std": 0.03838394818987155
    },
    "log_return_20": {
      "mean": 0.003378712165984975,
      "std": 0.07922214491907523
    },
    "dist_to_sma_20": {
      "mean": 0.0021053939071558627,
      "std": 0.043925911558403946
    },
    "dist_to_sma_50": {
      "mean": 0.005172164069661515,
      "std": 0.0718128510565365
    },
    "sma_20_sma_50_ratio": {
      "mean": 0.002444728136195222,
      "std": 0.04329430070143437
    },
    "volume_z_score_20": {
      "mean": -0.021440889803419964,
      "std": 1.0596344071656256
    },
    "atr_pct_14": {
      "mean": 2.160817953228422,
      "std": 0.7478067893066073
    },
    "realized_volatility_20": {
      "mean": 0.06864400216014518,
      "std": 0.031171574839881214
    },
    "rsi_14": {
      "mean": 50.917029804522684,
      "std": 13.141244912812812
    },
    "bollinger_percent_b_20_2": {
      "mean": 0.5276000232008863,
      "std": 0.3397206169337041
    },
    "bollinger_bandwidth_20_2": {
      "mean": 0.10837677511354109,
      "std": 0.06657852270033336
    },
    "macd_hist_12_26_9": {
      "mean": 0.0036283884009301612,
      "std": 0.913334963517614
    },
    "atr_ratio_5_20": {
      "mean": 0.9981552422583568,
      "std": 0.16398813862574302
    },
    "downside_vol_20": {
      "mean": 0.008893914498770514,
      "std": 0.004731352175366297
    },
    "sma_slope_50_20": {
      "mean": 0.0032693841960232993,
      "std": 0.04624780312671858
    }
  },
  "TRAIN_WINDOW": "2017-01-01 -> 2023-12-31",
  "LABEL_CONTRACT": "TripleBarrier.ATR.daily.v1",
  "MODEL_HASH": "39d30db7b3c022d2d9d7b45c8e19986af117645b400ee24ae741f4514317ad6b",
  "RANDOM_SEED": 42
}
