{
  "ticker": "EOG",
  "best_params": {
    "hidden": 32,
    "lr": 0.001,
    "dropout": 0.3,
    "weight_decay": 0.0001,
    "num_layers": 1,
    "refit_epochs": 4
  },
  "kelly_fraction": null,
  "THRESHOLD_ENTRY": 0.54,
  "DIRECTION_MODE": "both",
  "CALIBRATION": {
    "theta_entry": 0.54,
    "kelly_fraction": null,
    "direction_mode": "both",
    "oof_trades": 32,
    "trade_floor_met": true,
    "oof_log_growth": 0.4612578568838237
  },
  "cv_auc_pr": 0.47313520353095917,
  "cv_folds": 4,
  "SEQ_LEN": 60,
  "FEATURE_MANIFEST": [
    "log_return_1",
    "log_return_5",
    "log_return_20",
    "dist_to_sma_20",
    "dist_to_sma_50",
    "sma_20_sma_50_ratio",
    "volume_z_score_20",
    "atr_pct_14",
    "realized_volatility_20",
    "rsi_14",
    "bollinger_percent_b_20_2",
    "bollinger_bandwidth_20_2",
    "macd_hist_12_26_9",
    "return_120",
    "xas_rs_mkt_20",
    "day_range_pos_20"
  ],
  "NORM_STATS": {
    "log_return_1": {
      "mean": 0.00010170775179001713,
      "std": 0.02761646573995429
    },
    "log_return_5": {
      "mean": 0.0005309968980896697,
      "std": 0.06279081853116705
    },
    "log_return_20": {
      "mean": 0.0017608094711742096,
      "std": 0.12819187433398854
    },
    "dist_to_sma_20": {
      "mean": 0.0020587019671711978,
      "std": 0.06785492411813317
    },
    "dist_to_sma_50": {
      "mean": 0.005623058754452843,
      "std": 0.10650189226111677
    },
    "sma_20_sma_50_ratio": {
      "mean": 0.0022934033126423567,
      "std": 0.06743483499894419
    },
    "volume_z_score_20": {
      "mean": -0.0003817847486091814,
      "std": 1.072032287261785
    },
    "atr_pct_14": {
      "mean": 3.4759375982429384,
      "std": 1.675143676152904
    },
    "realized_volatility_20": {
      "mean": 0.10476700717929387,
      "std": 0.05875505368639916
    },
    "rsi_14": {
      "mean": 50.88917668817325,
      "std": 12.017076421691796
    },
    "bollinger_percent_b_20_2": {
      "mean": 0.514297572741188,
      "std": 0.33469830150376034
    },
    "bollinger_bandwidth_20_2": {
      "mean": 0.16418315771761013,
      "std": 0.12049937761595686
    },
    "macd_hist_12_26_9": {
      "mean": -0.005237460894434774,
      "std": 0.7936738541485354
    },
    "return_120": {
      "mean": 0.020996120527999255,
      "std": 0.257524811511556
    },
    "xas_rs_mkt_20": {
      "mean": -0.005729558697680578,
      "std": 0.10262470560961387
    },
    "day_range_pos_20": {
      "mean": 0.5228443305971676,
      "std": 0.3070029286181424
    }
  },
  "TRAIN_WINDOW": "2017-01-01 -> 2023-12-31",
  "LABEL_CONTRACT": "TripleBarrier.ATR.daily.v1",
  "MODEL_HASH": "48413ea906db86c14da5471d59325633c17560e533d506c7d1f1d59e59474a27",
  "RANDOM_SEED": 42
}
