{
  "ticker": "ESS",
  "best_params": {
    "hidden": 32,
    "lr": 0.001,
    "dropout": 0.3,
    "weight_decay": 0.0001,
    "num_layers": 1,
    "refit_epochs": 4
  },
  "kelly_fraction": null,
  "THRESHOLD_ENTRY": 0.54,
  "DIRECTION_MODE": "both",
  "CALIBRATION": {
    "theta_entry": 0.54,
    "kelly_fraction": null,
    "direction_mode": "both",
    "oof_trades": 66,
    "trade_floor_met": true,
    "oof_log_growth": 0.2197865609764359
  },
  "cv_auc_pr": 0.4154674371943029,
  "cv_folds": 4,
  "SEQ_LEN": 60,
  "FEATURE_MANIFEST": [
    "log_return_1",
    "log_return_5",
    "log_return_20",
    "dist_to_sma_20",
    "dist_to_sma_50",
    "sma_20_sma_50_ratio",
    "volume_z_score_20",
    "atr_pct_14",
    "realized_volatility_20",
    "rsi_14",
    "bollinger_percent_b_20_2",
    "bollinger_bandwidth_20_2",
    "macd_hist_12_26_9",
    "high_low_range_pct",
    "obv_z20",
    "rsi_2",
    "dist_to_sma_200",
    "close_z_score_20",
    "mr_dist_atr_20"
  ],
  "NORM_STATS": {
    "log_return_1": {
      "mean": 3.627559399191885e-05,
      "std": 0.017329267945508525
    },
    "log_return_5": {
      "mean": 0.00021814988323543,
      "std": 0.03785927665621411
    },
    "log_return_20": {
      "mean": 0.0006640554346596724,
      "std": 0.07466606483922456
    },
    "dist_to_sma_20": {
      "mean": 0.0007698152030029145,
      "std": 0.040935416954456745
    },
    "dist_to_sma_50": {
      "mean": 0.001404831578724113,
      "std": 0.061462850000023536
    },
    "sma_20_sma_50_ratio": {
      "mean": 0.0002531912185652329,
      "std": 0.03800921525140875
    },
    "volume_z_score_20": {
      "mean": 0.015237198984193059,
      "std": 1.0879153753020034
    },
    "atr_pct_14": {
      "mean": 2.212065368635555,
      "std": 1.0289646885926456
    },
    "realized_volatility_20": {
      "mean": 0.06401930356842996,
      "std": 0.04007182723733105
    },
    "rsi_14": {
      "mean": 51.32909071619132,
      "std": 11.470318697111562
    },
    "bollinger_percent_b_20_2": {
      "mean": 0.5320069432417661,
      "std": 0.33041734225903474
    },
    "bollinger_bandwidth_20_2": {
      "mean": 0.09543833430887826,
      "std": 0.07584843733613514
    },
    "macd_hist_12_26_9": {
      "mean": 0.009691454353834669,
      "std": 1.474195353425383
    },
    "high_low_range_pct": {
      "mean": 2.0938923389192046,
      "std": 1.3152081526657173
    },
    "obv_z20": {
      "mean": 0.1816025333144654,
      "std": 1.3006422918239924
    },
    "rsi_2": {
      "mean": 51.9773123982982,
      "std": 31.09507272654661
    },
    "dist_to_sma_200": {
      "mean": 0.005323750995076339,
      "std": 0.1232718914760731
    },
    "close_z_score_20": {
      "mean": 0.12802777296706466,
      "std": 1.321669369036139
    },
    "mr_dist_atr_20": {
      "mean": 0.10675342488385405,
      "std": 1.502445329318091
    }
  },
  "TRAIN_WINDOW": "2017-01-01 -> 2023-12-31",
  "LABEL_CONTRACT": "TripleBarrier.ATR.daily.v1",
  "MODEL_HASH": "1cd2ca40cffccb79f2c358ef1a8e10b4513b554dc1945f709eeec705bf48e7e9",
  "RANDOM_SEED": 42
}
