{
  "ticker": "AES",
  "best_params": {
    "hidden": 32,
    "lr": 0.001,
    "dropout": 0.3,
    "weight_decay": 0.0001,
    "num_layers": 1,
    "refit_epochs": 4
  },
  "kelly_fraction": null,
  "THRESHOLD_ENTRY": 0.5,
  "DIRECTION_MODE": "long_only",
  "CALIBRATION": {
    "theta_entry": 0.5,
    "kelly_fraction": null,
    "direction_mode": "long_only",
    "oof_trades": 103,
    "trade_floor_met": true,
    "oof_log_growth": 1.0531045008856803
  },
  "cv_auc_pr": 0.5370548040020064,
  "cv_folds": 4,
  "SEQ_LEN": 60,
  "FEATURE_MANIFEST": [
    "log_return_1",
    "log_return_5",
    "log_return_20",
    "dist_to_sma_20",
    "dist_to_sma_50",
    "sma_20_sma_50_ratio",
    "volume_z_score_20",
    "atr_pct_14",
    "realized_volatility_20",
    "rsi_14",
    "bollinger_percent_b_20_2",
    "bollinger_bandwidth_20_2",
    "macd_hist_12_26_9",
    "return_120",
    "high_low_range_pct",
    "atr_ratio_5_20",
    "dist_to_sma_200"
  ],
  "NORM_STATS": {
    "log_return_1": {
      "mean": 0.0002864675004183512,
      "std": 0.021635747896836144
    },
    "log_return_5": {
      "mean": 0.0014145306197852706,
      "std": 0.047371916821647236
    },
    "log_return_20": {
      "mean": 0.005302512295100939,
      "std": 0.0955183070545076
    },
    "dist_to_sma_20": {
      "mean": 0.0032323790273804387,
      "std": 0.051456247433792277
    },
    "dist_to_sma_50": {
      "mean": 0.0077062944053220015,
      "std": 0.08244622892669456
    },
    "sma_20_sma_50_ratio": {
      "mean": 0.003633798217751042,
      "std": 0.050906927998593005
    },
    "volume_z_score_20": {
      "mean": 0.012506704679734892,
      "std": 1.0746934456609467
    },
    "atr_pct_14": {
      "mean": 2.7290995082782303,
      "std": 1.2928423392854742
    },
    "realized_volatility_20": {
      "mean": 0.08143041075372266,
      "std": 0.04730076206728032
    },
    "rsi_14": {
      "mean": 51.91742889245919,
      "std": 12.414262182510102
    },
    "bollinger_percent_b_20_2": {
      "mean": 0.545932554892262,
      "std": 0.3301694593836025
    },
    "bollinger_bandwidth_20_2": {
      "mean": 0.12478598833978859,
      "std": 0.0895793381829345
    },
    "macd_hist_12_26_9": {
      "mean": 0.0014841189877065916,
      "std": 0.13603427440453478
    },
    "return_120": {
      "mean": 0.02449794968843914,
      "std": 0.21952479396920752
    },
    "high_low_range_pct": {
      "mean": 2.6114680793826994,
      "std": 1.780205722217098
    },
    "atr_ratio_5_20": {
      "mean": 0.9973684711211177,
      "std": 0.15853476989091841
    },
    "dist_to_sma_200": {
      "mean": 0.028631258993729744,
      "std": 0.1604634301003749
    }
  },
  "TRAIN_WINDOW": "2017-01-01 -> 2023-12-31",
  "LABEL_CONTRACT": "TripleBarrier.ATR.daily.v1",
  "MODEL_HASH": "9f7d789ba57862a4fd4bcd39c9d73613125bb48ccf8c2a649fed04f79e0a9d4b",
  "RANDOM_SEED": 42
}
