{
  "ticker": "MA",
  "best_params": {
    "hidden": 32,
    "lr": 0.001,
    "dropout": 0.3,
    "weight_decay": 0.0001,
    "num_layers": 1,
    "refit_epochs": 4
  },
  "kelly_fraction": null,
  "THRESHOLD_ENTRY": 0.5,
  "DIRECTION_MODE": "both",
  "CALIBRATION": {
    "theta_entry": 0.5,
    "kelly_fraction": null,
    "direction_mode": "both",
    "oof_trades": 110,
    "trade_floor_met": true,
    "oof_log_growth": 0.2181866304261251
  },
  "cv_auc_pr": 0.47522071054843784,
  "cv_folds": 4,
  "SEQ_LEN": 60,
  "FEATURE_MANIFEST": [
    "log_return_1",
    "log_return_5",
    "log_return_20",
    "dist_to_sma_20",
    "dist_to_sma_50",
    "sma_20_sma_50_ratio",
    "volume_z_score_20",
    "atr_pct_14",
    "realized_volatility_20",
    "rsi_14",
    "bollinger_percent_b_20_2",
    "bollinger_bandwidth_20_2",
    "macd_hist_12_26_9",
    "dist_to_high_252",
    "dist_to_sma_200",
    "xas_rs_mkt_20",
    "zscore_close_20"
  ],
  "NORM_STATS": {
    "log_return_1": {
      "mean": 0.0008059224085022994,
      "std": 0.01827331848870368
    },
    "log_return_5": {
      "mean": 0.0039980311236693595,
      "std": 0.03795178158323344
    },
    "log_return_20": {
      "mean": 0.01586437960849948,
      "std": 0.06597062894601324
    },
    "dist_to_sma_20": {
      "mean": 0.007875575024115527,
      "std": 0.037166552181745485
    },
    "dist_to_sma_50": {
      "mean": 0.01993653712676358,
      "std": 0.05418709718841891
    },
    "sma_20_sma_50_ratio": {
      "mean": 0.011720056816242087,
      "std": 0.032613395488255134
    },
    "volume_z_score_20": {
      "mean": -0.004248119688005115,
      "std": 1.1085142035457392
    },
    "atr_pct_14": {
      "mean": 2.272467010308702,
      "std": 1.0181628658833786
    },
    "realized_volatility_20": {
      "mean": 0.06946594218900064,
      "std": 0.04043646682118119
    },
    "rsi_14": {
      "mean": 55.38837492588299,
      "std": 11.046545494809457
    },
    "bollinger_percent_b_20_2": {
      "mean": 0.6129823341249552,
      "std": 0.3205131626104946
    },
    "bollinger_bandwidth_20_2": {
      "mean": 0.10070860581897689,
      "std": 0.05881929374167152
    },
    "macd_hist_12_26_9": {
      "mean": 0.013371310559621156,
      "std": 1.6266407779064922
    },
    "dist_to_high_252": {
      "mean": -0.07871825583962352,
      "std": 0.06753757003848875
    },
    "dist_to_sma_200": {
      "mean": 0.0817495003169207,
      "std": 0.08956688749157259
    },
    "xas_rs_mkt_20": {
      "mean": 0.008412568120765313,
      "std": 0.042856319514289025
    },
    "zscore_close_20": {
      "mean": 0.4519293364998211,
      "std": 1.2820526504419785
    }
  },
  "TRAIN_WINDOW": "2017-01-01 -> 2023-12-31",
  "LABEL_CONTRACT": "TripleBarrier.ATR.daily.v1",
  "MODEL_HASH": "d7d53879b9bf0177fb1b66db2945d98304fc636fc0cc6d04926ea6623a01c469",
  "RANDOM_SEED": 42
}
