{
  "ticker": "DGX",
  "best_params": {
    "hidden": 32,
    "lr": 0.001,
    "dropout": 0.3,
    "weight_decay": 0.0001,
    "num_layers": 1,
    "refit_epochs": 4
  },
  "kelly_fraction": null,
  "THRESHOLD_ENTRY": 0.54,
  "DIRECTION_MODE": "both",
  "CALIBRATION": {
    "theta_entry": 0.54,
    "kelly_fraction": null,
    "direction_mode": "both",
    "oof_trades": 34,
    "trade_floor_met": true,
    "oof_log_growth": 0.49569979123431673
  },
  "cv_auc_pr": 0.5589427255995726,
  "cv_folds": 4,
  "SEQ_LEN": 60,
  "FEATURE_MANIFEST": [
    "log_return_1",
    "log_return_5",
    "log_return_20",
    "dist_to_sma_20",
    "dist_to_sma_50",
    "sma_20_sma_50_ratio",
    "volume_z_score_20",
    "atr_pct_14",
    "realized_volatility_20",
    "rsi_14",
    "bollinger_percent_b_20_2",
    "bollinger_bandwidth_20_2",
    "macd_hist_12_26_9",
    "volume_trend_5_20",
    "downside_upside_vol_ratio_20"
  ],
  "NORM_STATS": {
    "log_return_1": {
      "mean": 0.00023043971834013828,
      "std": 0.015592121398083865
    },
    "log_return_5": {
      "mean": 0.0011351598937104448,
      "std": 0.03509842695467851
    },
    "log_return_20": {
      "mean": 0.004608836781579176,
      "std": 0.07466281040709777
    },
    "dist_to_sma_20": {
      "mean": 0.002560130918578038,
      "std": 0.04048307067975347
    },
    "dist_to_sma_50": {
      "mean": 0.006665939063783322,
      "std": 0.060208290146506964
    },
    "sma_20_sma_50_ratio": {
      "mean": 0.0038184371298846578,
      "std": 0.03816772770262794
    },
    "volume_z_score_20": {
      "mean": -0.012770346021200854,
      "std": 1.0738106984256426
    },
    "atr_pct_14": {
      "mean": 2.0946394130830206,
      "std": 0.9969614098288467
    },
    "realized_volatility_20": {
      "mean": 0.058934138852893087,
      "std": 0.03321205449724984
    },
    "rsi_14": {
      "mean": 51.914879819675974,
      "std": 12.876973540907
    },
    "bollinger_percent_b_20_2": {
      "mean": 0.5489641620536471,
      "std": 0.3396413842863264
    },
    "bollinger_bandwidth_20_2": {
      "mean": 0.09327046411371075,
      "std": 0.07066952623240305
    },
    "macd_hist_12_26_9": {
      "mean": -0.0014774187349779375,
      "std": 0.675099876319048
    },
    "volume_trend_5_20": {
      "mean": 0.001849489168228844,
      "std": 0.2678643371611488
    },
    "downside_upside_vol_ratio_20": {
      "mean": 1.0334246035843724,
      "std": 0.6296715632799282
    }
  },
  "TRAIN_WINDOW": "2017-01-01 -> 2023-12-31",
  "LABEL_CONTRACT": "TripleBarrier.ATR.daily.v1",
  "MODEL_HASH": "704bbd4a16dc6eac1b9d2fa82ba68b24df7e2d68150920aa413743510e2abd78",
  "RANDOM_SEED": 42
}
