{
  "ticker": "EPAM",
  "best_params": {
    "hidden": 32,
    "lr": 0.001,
    "dropout": 0.3,
    "weight_decay": 0.0001,
    "num_layers": 1,
    "refit_epochs": 4
  },
  "kelly_fraction": null,
  "THRESHOLD_ENTRY": 0.54,
  "DIRECTION_MODE": "both",
  "CALIBRATION": {
    "theta_entry": 0.54,
    "kelly_fraction": null,
    "direction_mode": "both",
    "oof_trades": 58,
    "trade_floor_met": true,
    "oof_log_growth": -0.230711431459234
  },
  "cv_auc_pr": 0.48191917640972737,
  "cv_folds": 4,
  "SEQ_LEN": 60,
  "FEATURE_MANIFEST": [
    "log_return_1",
    "log_return_5",
    "log_return_20",
    "dist_to_sma_20",
    "dist_to_sma_50",
    "sma_20_sma_50_ratio",
    "volume_z_score_20",
    "atr_pct_14",
    "realized_volatility_20",
    "rsi_14",
    "bollinger_percent_b_20_2",
    "bollinger_bandwidth_20_2",
    "macd_hist_12_26_9",
    "ret_kurt_20",
    "xas_rs_mkt_20",
    "vol_of_vol_20",
    "zscore_close_20"
  ],
  "NORM_STATS": {
    "log_return_1": {
      "mean": 0.0008700042097473541,
      "std": 0.03113142807625063
    },
    "log_return_5": {
      "mean": 0.004373121239176882,
      "std": 0.0680373835119082
    },
    "log_return_20": {
      "mean": 0.01703637996425556,
      "std": 0.1293646923407201
    },
    "dist_to_sma_20": {
      "mean": 0.009443589966902467,
      "std": 0.06890962894929459
    },
    "dist_to_sma_50": {
      "mean": 0.02320822514834563,
      "std": 0.10387001839187765
    },
    "sma_20_sma_50_ratio": {
      "mean": 0.01238279187340187,
      "std": 0.06437308256579272
    },
    "volume_z_score_20": {
      "mean": -0.0032382917490327806,
      "std": 1.0625288762829017
    },
    "atr_pct_14": {
      "mean": 3.3172176062246224,
      "std": 1.987056388018072
    },
    "realized_volatility_20": {
      "mean": 0.10618949663819992,
      "std": 0.08516788651073723
    },
    "rsi_14": {
      "mean": 55.34728832203168,
      "std": 12.962983046289533
    },
    "bollinger_percent_b_20_2": {
      "mean": 0.5950723532137701,
      "std": 0.3266969452233014
    },
    "bollinger_bandwidth_20_2": {
      "mean": 0.164076925714268,
      "std": 0.14343015059025116
    },
    "macd_hist_12_26_9": {
      "mean": 0.027597743275393383,
      "std": 3.2358960129958874
    },
    "ret_kurt_20": {
      "mean": 1.36724132589597,
      "std": 3.042516037901439
    },
    "xas_rs_mkt_20": {
      "mean": 0.009587371143294911,
      "std": 0.10976358150529879
    },
    "vol_of_vol_20": {
      "mean": 0.006100190387685932,
      "std": 0.008549940158549046
    },
    "zscore_close_20": {
      "mean": 0.38028941285508017,
      "std": 1.3067877808932056
    }
  },
  "TRAIN_WINDOW": "2017-01-01 -> 2023-12-31",
  "LABEL_CONTRACT": "TripleBarrier.ATR.daily.v1",
  "MODEL_HASH": "6859197c067c43b57a8633cf0ae73d5d34466f3af78ee10a1515653ecb6203e0",
  "RANDOM_SEED": 42
}
