{
  "ticker": "NVR",
  "best_params": {
    "hidden": 32,
    "lr": 0.001,
    "dropout": 0.3,
    "weight_decay": 0.0001,
    "num_layers": 1,
    "refit_epochs": 4
  },
  "kelly_fraction": null,
  "THRESHOLD_ENTRY": 0.54,
  "DIRECTION_MODE": "both",
  "CALIBRATION": {
    "theta_entry": 0.54,
    "kelly_fraction": null,
    "direction_mode": "both",
    "oof_trades": 51,
    "trade_floor_met": true,
    "oof_log_growth": -0.1106481662341605
  },
  "cv_auc_pr": 0.45407134992225145,
  "cv_folds": 4,
  "SEQ_LEN": 60,
  "FEATURE_MANIFEST": [
    "log_return_1",
    "log_return_5",
    "log_return_20",
    "dist_to_sma_20",
    "dist_to_sma_50",
    "sma_20_sma_50_ratio",
    "volume_z_score_20",
    "atr_pct_14",
    "realized_volatility_20",
    "rsi_14",
    "bollinger_percent_b_20_2",
    "bollinger_bandwidth_20_2",
    "macd_hist_12_26_9",
    "momentum_60",
    "high_low_range_pct",
    "ret_skew_20",
    "overnight_vol_20"
  ],
  "NORM_STATS": {
    "log_return_1": {
      "mean": 0.0008151243651569852,
      "std": 0.02150122682964834
    },
    "log_return_5": {
      "mean": 0.0040655777016492065,
      "std": 0.046332187532880896
    },
    "log_return_20": {
      "mean": 0.01599006499299636,
      "std": 0.08214174577274007
    },
    "dist_to_sma_20": {
      "mean": 0.008144429171502522,
      "std": 0.04540789347439937
    },
    "dist_to_sma_50": {
      "mean": 0.02066913848819361,
      "std": 0.07049836349549594
    },
    "sma_20_sma_50_ratio": {
      "mean": 0.011856102782110082,
      "std": 0.04245837635437286
    },
    "volume_z_score_20": {
      "mean": -0.0034628796748594364,
      "std": 1.0805084522986885
    },
    "atr_pct_14": {
      "mean": 2.853636609571449,
      "std": 1.2366408732404992
    },
    "realized_volatility_20": {
      "mean": 0.082399307653401,
      "std": 0.045949666333940674
    },
    "rsi_14": {
      "mean": 54.469335915332046,
      "std": 11.377726357566976
    },
    "bollinger_percent_b_20_2": {
      "mean": 0.5840663967437174,
      "std": 0.3167690617967446
    },
    "bollinger_bandwidth_20_2": {
      "mean": 0.11712594990975411,
      "std": 0.08082886625801754
    },
    "macd_hist_12_26_9": {
      "mean": 0.44598160630978023,
      "std": 24.048362490315288
    },
    "momentum_60": {
      "mean": 0.04609653203706306,
      "std": 0.1377609061119444
    },
    "high_low_range_pct": {
      "mean": 2.7676424495826453,
      "std": 1.7597082236559483
    },
    "ret_skew_20": {
      "mean": -0.044088974582242695,
      "std": 0.8977961376909237
    },
    "overnight_vol_20": {
      "mean": 0.007266845061221463,
      "std": 0.0043923512413822
    }
  },
  "TRAIN_WINDOW": "2017-01-01 -> 2023-12-31",
  "LABEL_CONTRACT": "TripleBarrier.ATR.daily.v1",
  "MODEL_HASH": "bb77f2029faaa2cb64ebcc0fbd8906df9c7b982fc6813548cbc206c5363644ad",
  "RANDOM_SEED": 42
}
