{
  "ticker": "CVNA",
  "best_params": {
    "hidden": 32,
    "lr": 0.001,
    "dropout": 0.3,
    "weight_decay": 0.0001,
    "num_layers": 1,
    "refit_epochs": 4
  },
  "kelly_fraction": null,
  "THRESHOLD_ENTRY": 0.52,
  "DIRECTION_MODE": "both",
  "CALIBRATION": {
    "theta_entry": 0.52,
    "kelly_fraction": null,
    "direction_mode": "both",
    "oof_trades": 87,
    "trade_floor_met": true,
    "oof_log_growth": 2.4122010219558376
  },
  "cv_auc_pr": 0.5041803882606515,
  "cv_folds": 4,
  "SEQ_LEN": 60,
  "FEATURE_MANIFEST": [
    "log_return_1",
    "log_return_5",
    "log_return_20",
    "dist_to_sma_20",
    "dist_to_sma_50",
    "sma_20_sma_50_ratio",
    "volume_z_score_20",
    "atr_pct_14",
    "realized_volatility_20",
    "rsi_14",
    "bollinger_percent_b_20_2",
    "bollinger_bandwidth_20_2",
    "macd_hist_12_26_9",
    "volume_trend_5_20",
    "overnight_intraday_spread_20"
  ],
  "NORM_STATS": {
    "log_return_1": {
      "mean": 0.0009246011413997133,
      "std": 0.06603025210025158
    },
    "log_return_5": {
      "mean": 0.005009576498168367,
      "std": 0.14881005574483028
    },
    "log_return_20": {
      "mean": 0.017727220064874757,
      "std": 0.31897843024784767
    },
    "dist_to_sma_20": {
      "mean": 0.016103024894130166,
      "std": 0.17363933202181803
    },
    "dist_to_sma_50": {
      "mean": 0.037564814690652044,
      "std": 0.29344234211189585
    },
    "sma_20_sma_50_ratio": {
      "mean": 0.012424706190365785,
      "std": 0.1786064698627021
    },
    "volume_z_score_20": {
      "mean": 0.02115003430735616,
      "std": 1.087932080342686
    },
    "atr_pct_14": {
      "mean": 8.686606604787736,
      "std": 5.257640959161375
    },
    "realized_volatility_20": {
      "mean": 0.24765811914935373,
      "std": 0.14415830742631255
    },
    "rsi_14": {
      "mean": 51.49429025127749,
      "std": 13.724153453861609
    },
    "bollinger_percent_b_20_2": {
      "mean": 0.5341988014321745,
      "std": 0.3430292662899144
    },
    "bollinger_bandwidth_20_2": {
      "mean": 0.406516707309399,
      "std": 0.2749654153588054
    },
    "macd_hist_12_26_9": {
      "mean": 0.002408302870295155,
      "std": 0.32248241716380427
    },
    "volume_trend_5_20": {
      "mean": 0.01899644061608889,
      "std": 0.36917643053485144
    },
    "overnight_intraday_spread_20": {
      "mean": 0.0008491871125032924,
      "std": 0.012657639759425734
    }
  },
  "TRAIN_WINDOW": "2017-01-01 -> 2023-12-31",
  "LABEL_CONTRACT": "TripleBarrier.ATR.daily.v1",
  "MODEL_HASH": "48aafd1a307d414bd068b41dca70b348d3890522653c41893b7fbc65f96dc277",
  "RANDOM_SEED": 42
}
