{
  "ticker": "VTRS",
  "best_params": {
    "hidden": 32,
    "lr": 0.001,
    "dropout": 0.3,
    "weight_decay": 0.0001,
    "num_layers": 1,
    "refit_epochs": 4
  },
  "kelly_fraction": null,
  "THRESHOLD_ENTRY": 0.5,
  "DIRECTION_MODE": "long_only",
  "CALIBRATION": {
    "theta_entry": 0.5,
    "kelly_fraction": null,
    "direction_mode": "long_only",
    "oof_trades": 40,
    "trade_floor_met": true,
    "oof_log_growth": 0.18334881681801227
  },
  "cv_auc_pr": 0.4303328670418387,
  "cv_folds": 4,
  "SEQ_LEN": 60,
  "FEATURE_MANIFEST": [
    "log_return_1",
    "log_return_5",
    "log_return_20",
    "dist_to_sma_20",
    "dist_to_sma_50",
    "sma_20_sma_50_ratio",
    "volume_z_score_20",
    "atr_pct_14",
    "realized_volatility_20",
    "rsi_14",
    "bollinger_percent_b_20_2",
    "bollinger_bandwidth_20_2",
    "macd_hist_12_26_9",
    "atr_ratio_5_20",
    "ret_skew_20",
    "trend_efficiency_20",
    "overnight_vol_20"
  ],
  "NORM_STATS": {
    "log_return_1": {
      "mean": -0.00045237767315333386,
      "std": 0.022225862837869488
    },
    "log_return_5": {
      "mean": -0.0024864234235957277,
      "std": 0.0523674871926646
    },
    "log_return_20": {
      "mean": -0.013265509716596954,
      "std": 0.10697091394717577
    },
    "dist_to_sma_20": {
      "mean": -0.005276429769077086,
      "std": 0.059125487941137075
    },
    "dist_to_sma_50": {
      "mean": -0.017585972612310468,
      "std": 0.08698186868856986
    },
    "sma_20_sma_50_ratio": {
      "mean": -0.012363712057084439,
      "std": 0.0538380559320774
    },
    "volume_z_score_20": {
      "mean": -0.021229336098631993,
      "std": 1.0600693886585957
    },
    "atr_pct_14": {
      "mean": 3.009261526122769,
      "std": 0.7088516808166718
    },
    "realized_volatility_20": {
      "mean": 0.08602408358605278,
      "std": 0.04144468078034467
    },
    "rsi_14": {
      "mean": 48.45822647967253,
      "std": 13.153852650807066
    },
    "bollinger_percent_b_20_2": {
      "mean": 0.49540103905024746,
      "std": 0.3470720156591919
    },
    "bollinger_bandwidth_20_2": {
      "mean": 0.14613391625917757,
      "std": 0.10061100725315811
    },
    "macd_hist_12_26_9": {
      "mean": -0.00023877396388290745,
      "std": 0.11240159444614406
    },
    "atr_ratio_5_20": {
      "mean": 0.9664230868882212,
      "std": 0.14865010576884105
    },
    "ret_skew_20": {
      "mean": 0.04384293088049409,
      "std": 1.084471911965131
    },
    "trend_efficiency_20": {
      "mean": 5.306608615943581,
      "std": 3.531103452223977
    },
    "overnight_vol_20": {
      "mean": 0.007963461733896757,
      "std": 0.0038170724535920566
    }
  },
  "TRAIN_WINDOW": "2017-01-01 -> 2023-12-31",
  "LABEL_CONTRACT": "TripleBarrier.ATR.daily.v1",
  "MODEL_HASH": "60bbf82ab00826a44d259738efd6b83bcde77004de72c6728a1cc0afce7cc24d",
  "RANDOM_SEED": 42
}
