{
  "ticker": "BALL",
  "best_params": {
    "hidden": 32,
    "lr": 0.001,
    "dropout": 0.3,
    "weight_decay": 0.0001,
    "num_layers": 1,
    "refit_epochs": 4
  },
  "kelly_fraction": null,
  "THRESHOLD_ENTRY": 0.5,
  "DIRECTION_MODE": "both",
  "CALIBRATION": {
    "theta_entry": 0.5,
    "kelly_fraction": null,
    "direction_mode": "both",
    "oof_trades": 104,
    "trade_floor_met": true,
    "oof_log_growth": 0.31559771008927534
  },
  "cv_auc_pr": 0.5396081933996891,
  "cv_folds": 4,
  "SEQ_LEN": 60,
  "FEATURE_MANIFEST": [
    "log_return_1",
    "log_return_5",
    "log_return_20",
    "dist_to_sma_20",
    "dist_to_sma_50",
    "sma_20_sma_50_ratio",
    "volume_z_score_20",
    "atr_pct_14",
    "realized_volatility_20",
    "rsi_14",
    "bollinger_percent_b_20_2",
    "bollinger_bandwidth_20_2",
    "macd_hist_12_26_9",
    "atr_ratio_5_20",
    "ret_kurt_20",
    "price_volume_rank_divergence",
    "trend_efficiency_20",
    "trend_align_5_10"
  ],
  "NORM_STATS": {
    "log_return_1": {
      "mean": 0.0002423064404560509,
      "std": 0.018586754266779127
    },
    "log_return_5": {
      "mean": 0.00118724645069485,
      "std": 0.04076826861684052
    },
    "log_return_20": {
      "mean": 0.004710204999357457,
      "std": 0.0760786500979517
    },
    "dist_to_sma_20": {
      "mean": 0.0026356870693424912,
      "std": 0.04246222159534453
    },
    "dist_to_sma_50": {
      "mean": 0.006298050269779506,
      "std": 0.06692309106213297
    },
    "sma_20_sma_50_ratio": {
      "mean": 0.003116481097168297,
      "std": 0.04029876792131365
    },
    "volume_z_score_20": {
      "mean": 0.005766892395905566,
      "std": 1.079180146117522
    },
    "atr_pct_14": {
      "mean": 2.3809000342977917,
      "std": 0.9747084127065135
    },
    "realized_volatility_20": {
      "mean": 0.07222631555553467,
      "std": 0.037330347251809774
    },
    "rsi_14": {
      "mean": 52.16262676483131,
      "std": 12.404054271295433
    },
    "bollinger_percent_b_20_2": {
      "mean": 0.5296283594334549,
      "std": 0.33829198603822924
    },
    "bollinger_bandwidth_20_2": {
      "mean": 0.10977708479412808,
      "std": 0.06648617301748397
    },
    "macd_hist_12_26_9": {
      "mean": 0.0035222853112239676,
      "std": 0.382631873028634
    },
    "atr_ratio_5_20": {
      "mean": 0.9972597897605365,
      "std": 0.16261467059742085
    },
    "ret_kurt_20": {
      "mean": 1.1795760638171873,
      "std": 2.52388279869336
    },
    "price_volume_rank_divergence": {
      "mean": 0.047556818181818186,
      "std": 0.4976896876375731
    },
    "trend_efficiency_20": {
      "mean": 4.847068930158825,
      "std": 3.2560414397013147
    },
    "trend_align_5_10": {
      "mean": 0.5153409090909091,
      "std": 0.8559901880061536
    }
  },
  "TRAIN_WINDOW": "2017-01-01 -> 2023-12-31",
  "LABEL_CONTRACT": "TripleBarrier.ATR.daily.v1",
  "MODEL_HASH": "fb785f12da15319502599c579e5e79ea48d627687e7a928fd95828964e1f5f52",
  "RANDOM_SEED": 42
}
