{
  "ticker": "BK",
  "best_params": {
    "hidden": 32,
    "lr": 0.001,
    "dropout": 0.3,
    "weight_decay": 0.0001,
    "num_layers": 1,
    "refit_epochs": 4
  },
  "kelly_fraction": null,
  "THRESHOLD_ENTRY": 0.52,
  "DIRECTION_MODE": "long_only",
  "CALIBRATION": {
    "theta_entry": 0.52,
    "kelly_fraction": null,
    "direction_mode": "long_only",
    "oof_trades": 57,
    "trade_floor_met": true,
    "oof_log_growth": 0.45302581431705546
  },
  "cv_auc_pr": 0.5035782578024304,
  "cv_folds": 4,
  "SEQ_LEN": 60,
  "FEATURE_MANIFEST": [
    "log_return_1",
    "log_return_5",
    "log_return_20",
    "dist_to_sma_20",
    "dist_to_sma_50",
    "sma_20_sma_50_ratio",
    "volume_z_score_20",
    "atr_pct_14",
    "realized_volatility_20",
    "rsi_14",
    "bollinger_percent_b_20_2",
    "bollinger_bandwidth_20_2",
    "macd_hist_12_26_9",
    "high_low_range_pct",
    "downside_upside_vol_ratio_20",
    "stochastic_k_20",
    "bb_bandwidth_20"
  ],
  "NORM_STATS": {
    "log_return_1": {
      "mean": 5.307343143336023e-05,
      "std": 0.018301596433041797
    },
    "log_return_5": {
      "mean": 0.00025277568133116375,
      "std": 0.039345183271245115
    },
    "log_return_20": {
      "mean": 0.0005909227750698333,
      "std": 0.07743524922322405
    },
    "dist_to_sma_20": {
      "mean": 0.000833958357034071,
      "std": 0.0435225927321172
    },
    "dist_to_sma_50": {
      "mean": 0.0013992689865537078,
      "std": 0.0630777635663727
    },
    "sma_20_sma_50_ratio": {
      "mean": 0.00020331145143710457,
      "std": 0.03819981380143078
    },
    "volume_z_score_20": {
      "mean": -0.0267099758787778,
      "std": 1.0921823767959309
    },
    "atr_pct_14": {
      "mean": 2.355085220124806,
      "std": 0.95225123695377
    },
    "realized_volatility_20": {
      "mean": 0.07067419990706666,
      "std": 0.03741211649078106
    },
    "rsi_14": {
      "mean": 51.35884776946307,
      "std": 12.080329054127276
    },
    "bollinger_percent_b_20_2": {
      "mean": 0.5282281146420386,
      "std": 0.3350853581745022
    },
    "bollinger_bandwidth_20_2": {
      "mean": 0.11119767240233555,
      "std": 0.06670215105268948
    },
    "macd_hist_12_26_9": {
      "mean": 0.0022193117557476544,
      "std": 0.278788492072099
    },
    "high_low_range_pct": {
      "mean": 2.1444114030746904,
      "std": 1.2728418995429505
    },
    "downside_upside_vol_ratio_20": {
      "mean": 1.0093423168407403,
      "std": 0.5180497339376537
    },
    "stochastic_k_20": {
      "mean": 0.5394238973764547,
      "std": 0.30857345153863874
    },
    "bb_bandwidth_20": {
      "mean": 0.027799418100583888,
      "std": 0.01667553776317237
    }
  },
  "TRAIN_WINDOW": "2017-01-01 -> 2023-12-31",
  "LABEL_CONTRACT": "TripleBarrier.ATR.daily.v1",
  "MODEL_HASH": "23893a2da3820f31833bc89173c934db021388347af9d5221cd9ca464078bb9d",
  "RANDOM_SEED": 42
}
