{
  "ticker": "BXP",
  "best_params": {
    "hidden": 32,
    "lr": 0.001,
    "dropout": 0.3,
    "weight_decay": 0.0001,
    "num_layers": 1,
    "refit_epochs": 4
  },
  "kelly_fraction": null,
  "THRESHOLD_ENTRY": 0.6,
  "DIRECTION_MODE": "both",
  "CALIBRATION": {
    "theta_entry": 0.6,
    "kelly_fraction": null,
    "direction_mode": "both",
    "oof_trades": 26,
    "trade_floor_met": true,
    "oof_log_growth": 0.015518697774566152
  },
  "cv_auc_pr": 0.4199442598328448,
  "cv_folds": 4,
  "SEQ_LEN": 60,
  "FEATURE_MANIFEST": [
    "log_return_1",
    "log_return_5",
    "log_return_20",
    "dist_to_sma_20",
    "dist_to_sma_50",
    "sma_20_sma_50_ratio",
    "volume_z_score_20",
    "atr_pct_14",
    "realized_volatility_20",
    "rsi_14",
    "bollinger_percent_b_20_2",
    "bollinger_bandwidth_20_2",
    "macd_hist_12_26_9",
    "gap_open_z20",
    "ret_skew_20",
    "ret_kurt_20",
    "stochastic_k_20"
  ],
  "NORM_STATS": {
    "log_return_1": {
      "mean": -0.00033182438655663803,
      "std": 0.02095726239458435
    },
    "log_return_5": {
      "mean": -0.001570910323252583,
      "std": 0.046394870873440144
    },
    "log_return_20": {
      "mean": -0.006990841099721634,
      "std": 0.09347718403082318
    },
    "dist_to_sma_20": {
      "mean": -0.0024999688855858455,
      "std": 0.05110868040933256
    },
    "dist_to_sma_50": {
      "mean": -0.007825060304014074,
      "std": 0.07762230760237586
    },
    "sma_20_sma_50_ratio": {
      "mean": -0.006020006063911421,
      "std": 0.04735451852565846
    },
    "volume_z_score_20": {
      "mean": -0.0002452276537083434,
      "std": 1.0683218647307515
    },
    "atr_pct_14": {
      "mean": 2.5729349315848307,
      "std": 1.2908883870579613
    },
    "realized_volatility_20": {
      "mean": 0.07719235029207108,
      "std": 0.04830771803506811
    },
    "rsi_14": {
      "mean": 49.788253794985586,
      "std": 11.286718302311314
    },
    "bollinger_percent_b_20_2": {
      "mean": 0.49860185323315886,
      "std": 0.3298453240153882
    },
    "bollinger_bandwidth_20_2": {
      "mean": 0.11768878462669183,
      "std": 0.09437191101671738
    },
    "macd_hist_12_26_9": {
      "mean": 0.007696918032560873,
      "std": 0.6916739117055917
    },
    "gap_open_z20": {
      "mean": -0.006299399069341619,
      "std": 1.0179103541966767
    },
    "ret_skew_20": {
      "mean": -0.004784165170698044,
      "std": 0.7156616427517319
    },
    "ret_kurt_20": {
      "mean": 0.4991541237217573,
      "std": 1.7814308702554686
    },
    "stochastic_k_20": {
      "mean": 0.5004184997885995,
      "std": 0.304803208603458
    }
  },
  "TRAIN_WINDOW": "2017-01-01 -> 2023-12-31",
  "LABEL_CONTRACT": "TripleBarrier.ATR.daily.v1",
  "MODEL_HASH": "953e355fa50e2d24b68664bf531be5893f2ba0f4c5f9348f92822ad6c494b82e",
  "RANDOM_SEED": 42
}
