{
  "ticker": "ETR",
  "best_params": {
    "hidden": 32,
    "lr": 0.001,
    "dropout": 0.3,
    "weight_decay": 0.0001,
    "num_layers": 1,
    "refit_epochs": 4
  },
  "kelly_fraction": null,
  "THRESHOLD_ENTRY": 0.56,
  "DIRECTION_MODE": "long_only",
  "CALIBRATION": {
    "theta_entry": 0.56,
    "kelly_fraction": null,
    "direction_mode": "long_only",
    "oof_trades": 45,
    "trade_floor_met": true,
    "oof_log_growth": -0.0077052506814379584
  },
  "cv_auc_pr": 0.5131499980549389,
  "cv_folds": 4,
  "SEQ_LEN": 60,
  "FEATURE_MANIFEST": [
    "log_return_1",
    "log_return_5",
    "log_return_20",
    "dist_to_sma_20",
    "dist_to_sma_50",
    "sma_20_sma_50_ratio",
    "volume_z_score_20",
    "atr_pct_14",
    "realized_volatility_20",
    "rsi_14",
    "bollinger_percent_b_20_2",
    "bollinger_bandwidth_20_2",
    "macd_hist_12_26_9",
    "volume_trend_5_20",
    "dist_to_high_252"
  ],
  "NORM_STATS": {
    "log_return_1": {
      "mean": 0.00018170196663968552,
      "std": 0.015826592772346125
    },
    "log_return_5": {
      "mean": 0.0009115983239265783,
      "std": 0.03346442321757741
    },
    "log_return_20": {
      "mean": 0.0039040936189356536,
      "std": 0.0647887579649241
    },
    "dist_to_sma_20": {
      "mean": 0.0020776438880270496,
      "std": 0.03535929013630334
    },
    "dist_to_sma_50": {
      "mean": 0.0054175774513901135,
      "std": 0.05194297307319723
    },
    "sma_20_sma_50_ratio": {
      "mean": 0.0031105485914264754,
      "std": 0.03251812038075576
    },
    "volume_z_score_20": {
      "mean": 0.0017457102005473386,
      "std": 1.0621124195476728
    },
    "atr_pct_14": {
      "mean": 1.981069774429202,
      "std": 1.0166661446157044
    },
    "realized_volatility_20": {
      "mean": 0.057591017606211665,
      "std": 0.03844704723714787
    },
    "rsi_14": {
      "mean": 52.55771305181057,
      "std": 11.351932749347586
    },
    "bollinger_percent_b_20_2": {
      "mean": 0.5501039866363208,
      "std": 0.33525451141678236
    },
    "bollinger_bandwidth_20_2": {
      "mean": 0.08619491650644645,
      "std": 0.06359729119844103
    },
    "macd_hist_12_26_9": {
      "mean": 4.1227604498439684e-05,
      "std": 0.26814752714324325
    },
    "volume_trend_5_20": {
      "mean": 0.0026672763335916297,
      "std": 0.2168946457035069
    },
    "dist_to_high_252": {
      "mean": -0.10956245194625079,
      "std": 0.08751164607036675
    }
  },
  "TRAIN_WINDOW": "2017-01-01 -> 2023-12-31",
  "LABEL_CONTRACT": "TripleBarrier.ATR.daily.v1",
  "MODEL_HASH": "df9a0f8467898fa183e0c65c9eff0cfaaab72b5c5cb6e151b61bfad0d14f8dfd",
  "RANDOM_SEED": 42
}
