{
  "ticker": "AZO",
  "best_params": {
    "hidden": 32,
    "lr": 0.001,
    "dropout": 0.3,
    "weight_decay": 0.0001,
    "num_layers": 1,
    "refit_epochs": 4
  },
  "kelly_fraction": null,
  "THRESHOLD_ENTRY": 0.52,
  "DIRECTION_MODE": "long_only",
  "CALIBRATION": {
    "theta_entry": 0.52,
    "kelly_fraction": null,
    "direction_mode": "long_only",
    "oof_trades": 106,
    "trade_floor_met": true,
    "oof_log_growth": 0.6553820803710404
  },
  "cv_auc_pr": 0.5414676854210909,
  "cv_folds": 4,
  "SEQ_LEN": 60,
  "FEATURE_MANIFEST": [
    "log_return_1",
    "log_return_5",
    "log_return_20",
    "dist_to_sma_20",
    "dist_to_sma_50",
    "sma_20_sma_50_ratio",
    "volume_z_score_20",
    "atr_pct_14",
    "realized_volatility_20",
    "rsi_14",
    "bollinger_percent_b_20_2",
    "bollinger_bandwidth_20_2",
    "macd_hist_12_26_9",
    "close_position_in_range",
    "volume_trend_5_20",
    "rsi_2",
    "close_z_score_20",
    "range_compression_60",
    "overnight_vol_20"
  ],
  "NORM_STATS": {
    "log_return_1": {
      "mean": 0.0006725085353775725,
      "std": 0.017701735644291946
    },
    "log_return_5": {
      "mean": 0.003339602606167893,
      "std": 0.038584507894836896
    },
    "log_return_20": {
      "mean": 0.01357908561255007,
      "std": 0.0745270692220189
    },
    "dist_to_sma_20": {
      "mean": 0.006811507557480221,
      "std": 0.04157819488848183
    },
    "dist_to_sma_50": {
      "mean": 0.017853588279461832,
      "std": 0.06443785350515474
    },
    "sma_20_sma_50_ratio": {
      "mean": 0.010528861539841292,
      "std": 0.039195837860244685
    },
    "volume_z_score_20": {
      "mean": -0.020450987331852258,
      "std": 1.0685683704238829
    },
    "atr_pct_14": {
      "mean": 2.3170017837495482,
      "std": 0.869207333706003
    },
    "realized_volatility_20": {
      "mean": 0.06783904029771373,
      "std": 0.03716707601336228
    },
    "rsi_14": {
      "mean": 53.388691591126886,
      "std": 12.611820069451188
    },
    "bollinger_percent_b_20_2": {
      "mean": 0.5591083494830174,
      "std": 0.33688158676043656
    },
    "bollinger_bandwidth_20_2": {
      "mean": 0.10811601031131363,
      "std": 0.061542352741245934
    },
    "macd_hist_12_26_9": {
      "mean": -0.02273106084861292,
      "std": 8.513584535243313
    },
    "close_position_in_range": {
      "mean": 0.5203947183067131,
      "std": 0.29730549628347636
    },
    "volume_trend_5_20": {
      "mean": -0.001746790007155004,
      "std": 0.25528926072853036
    },
    "rsi_2": {
      "mean": 53.65275196773985,
      "std": 31.637201591841727
    },
    "close_z_score_20": {
      "mean": 0.2364333979320696,
      "std": 1.3475263470417462
    },
    "range_compression_60": {
      "mean": 0.5184564393939394,
      "std": 0.2939699917627972
    },
    "overnight_vol_20": {
      "mean": 0.007358320278084813,
      "std": 0.005157585161047327
    }
  },
  "TRAIN_WINDOW": "2017-01-01 -> 2023-12-31",
  "LABEL_CONTRACT": "TripleBarrier.ATR.daily.v1",
  "MODEL_HASH": "ce0d1294954da566d905de72723f9d394d8fe36366abc80da33e36593503a1e7",
  "RANDOM_SEED": 42
}
