{
  "ticker": "SBAC",
  "best_params": {
    "hidden": 32,
    "lr": 0.001,
    "dropout": 0.3,
    "weight_decay": 0.0001,
    "num_layers": 1,
    "refit_epochs": 4
  },
  "kelly_fraction": null,
  "THRESHOLD_ENTRY": 0.52,
  "DIRECTION_MODE": "both",
  "CALIBRATION": {
    "theta_entry": 0.52,
    "kelly_fraction": null,
    "direction_mode": "both",
    "oof_trades": 65,
    "trade_floor_met": true,
    "oof_log_growth": 0.5992546616619049
  },
  "cv_auc_pr": 0.5195026153170104,
  "cv_folds": 4,
  "SEQ_LEN": 60,
  "FEATURE_MANIFEST": [
    "log_return_1",
    "log_return_5",
    "log_return_20",
    "dist_to_sma_20",
    "dist_to_sma_50",
    "sma_20_sma_50_ratio",
    "volume_z_score_20",
    "atr_pct_14",
    "realized_volatility_20",
    "rsi_14",
    "bollinger_percent_b_20_2",
    "bollinger_bandwidth_20_2",
    "macd_hist_12_26_9",
    "high_low_range_pct",
    "down_streak_10",
    "overnight_intraday_spread_20",
    "downside_vol_20",
    "overnight_vol_20"
  ],
  "NORM_STATS": {
    "log_return_1": {
      "mean": 0.0005107867036622996,
      "std": 0.017599324373999584
    },
    "log_return_5": {
      "mean": 0.002519349699748186,
      "std": 0.037321492809490674
    },
    "log_return_20": {
      "mean": 0.010167625460326546,
      "std": 0.07157321228746925
    },
    "dist_to_sma_20": {
      "mean": 0.005136903491233915,
      "std": 0.039961916836568
    },
    "dist_to_sma_50": {
      "mean": 0.012879078284629888,
      "std": 0.06015384896244158
    },
    "sma_20_sma_50_ratio": {
      "mean": 0.007363800452721114,
      "std": 0.036506289108743394
    },
    "volume_z_score_20": {
      "mean": -0.0008130321044026107,
      "std": 1.0621943069978312
    },
    "atr_pct_14": {
      "mean": 2.4619916851354775,
      "std": 0.8608904788593494
    },
    "realized_volatility_20": {
      "mean": 0.06962721647777974,
      "std": 0.0330231892058709
    },
    "rsi_14": {
      "mean": 53.425329526175986,
      "std": 12.280605047145603
    },
    "bollinger_percent_b_20_2": {
      "mean": 0.557552075512452,
      "std": 0.3335912367905314
    },
    "bollinger_bandwidth_20_2": {
      "mean": 0.10536866687227363,
      "std": 0.05612654078063611
    },
    "macd_hist_12_26_9": {
      "mean": 0.01317863138907458,
      "std": 1.493694443953466
    },
    "high_low_range_pct": {
      "mean": 2.3935788309641826,
      "std": 1.3263680460814145
    },
    "down_streak_10": {
      "mean": 0.08818181818181818,
      "std": 0.13115349659624592
    },
    "overnight_intraday_spread_20": {
      "mean": -5.564345679337451e-05,
      "std": 0.004247461479672792
    },
    "downside_vol_20": {
      "mean": 0.009032749437158642,
      "std": 0.004548914604678475
    },
    "overnight_vol_20": {
      "mean": 0.006838791303659835,
      "std": 0.004471901736650308
    }
  },
  "TRAIN_WINDOW": "2017-01-01 -> 2023-12-31",
  "LABEL_CONTRACT": "TripleBarrier.ATR.daily.v1",
  "MODEL_HASH": "be359411ee9e3c94ad2594e945209312111472a4cd4147d3763abb82aa996408",
  "RANDOM_SEED": 42
}
