{
  "ticker": "APH",
  "best_params": {
    "hidden": 32,
    "lr": 0.001,
    "dropout": 0.3,
    "weight_decay": 0.0001,
    "num_layers": 1,
    "refit_epochs": 4
  },
  "kelly_fraction": null,
  "THRESHOLD_ENTRY": 0.58,
  "DIRECTION_MODE": "long_only",
  "CALIBRATION": {
    "theta_entry": 0.58,
    "kelly_fraction": null,
    "direction_mode": "long_only",
    "oof_trades": 23,
    "trade_floor_met": true,
    "oof_log_growth": 0.428303315366233
  },
  "cv_auc_pr": 0.556716650974691,
  "cv_folds": 4,
  "SEQ_LEN": 60,
  "FEATURE_MANIFEST": [
    "log_return_1",
    "log_return_5",
    "log_return_20",
    "dist_to_sma_20",
    "dist_to_sma_50",
    "sma_20_sma_50_ratio",
    "volume_z_score_20",
    "atr_pct_14",
    "realized_volatility_20",
    "rsi_14",
    "bollinger_percent_b_20_2",
    "bollinger_bandwidth_20_2",
    "macd_hist_12_26_9",
    "return_120",
    "high_low_range_pct",
    "dist_to_sma_200"
  ],
  "NORM_STATS": {
    "log_return_1": {
      "mean": 0.0006148640248727866,
      "std": 0.01577011281267684
    },
    "log_return_5": {
      "mean": 0.003053519255986404,
      "std": 0.03426048515086862
    },
    "log_return_20": {
      "mean": 0.011845063347938948,
      "std": 0.06875587752802463
    },
    "dist_to_sma_20": {
      "mean": 0.006066697585012423,
      "std": 0.03761698963901984
    },
    "dist_to_sma_50": {
      "mean": 0.014999400843120863,
      "std": 0.058345901039739675
    },
    "sma_20_sma_50_ratio": {
      "mean": 0.008523287744183837,
      "std": 0.03606409774671489
    },
    "volume_z_score_20": {
      "mean": 0.009052809227081004,
      "std": 1.0951130414762855
    },
    "atr_pct_14": {
      "mean": 1.9698805907535313,
      "std": 0.8899506832548579
    },
    "realized_volatility_20": {
      "mean": 0.06027659497759935,
      "std": 0.03315596091487576
    },
    "rsi_14": {
      "mean": 54.39622715978701,
      "std": 11.978851712987764
    },
    "bollinger_percent_b_20_2": {
      "mean": 0.5762233903296291,
      "std": 0.33210386117119217
    },
    "bollinger_bandwidth_20_2": {
      "mean": 0.09407667235930933,
      "std": 0.05959046598327686
    },
    "macd_hist_12_26_9": {
      "mean": 0.0030490936383013863,
      "std": 0.14931696080115262
    },
    "return_120": {
      "mean": 0.06836270119044938,
      "std": 0.12299438100622002
    },
    "high_low_range_pct": {
      "mean": 1.8124146521835185,
      "std": 1.1926714847852415
    },
    "dist_to_sma_200": {
      "mean": 0.058846777394670896,
      "std": 0.08848478651013562
    }
  },
  "TRAIN_WINDOW": "2017-01-01 -> 2023-12-31",
  "LABEL_CONTRACT": "TripleBarrier.ATR.daily.v1",
  "MODEL_HASH": "bd09f5265c2dd463aec3c7939db2cdfd1f4925130fce51d925629567aabf1ccd",
  "RANDOM_SEED": 42
}
