{
  "ticker": "MOS",
  "best_params": {
    "hidden": 32,
    "lr": 0.001,
    "dropout": 0.3,
    "weight_decay": 0.0001,
    "num_layers": 1,
    "refit_epochs": 4
  },
  "kelly_fraction": null,
  "THRESHOLD_ENTRY": 0.54,
  "DIRECTION_MODE": "both",
  "CALIBRATION": {
    "theta_entry": 0.54,
    "kelly_fraction": null,
    "direction_mode": "both",
    "oof_trades": 37,
    "trade_floor_met": true,
    "oof_log_growth": 0.5026322051869287
  },
  "cv_auc_pr": 0.46330504477556733,
  "cv_folds": 4,
  "SEQ_LEN": 60,
  "FEATURE_MANIFEST": [
    "log_return_1",
    "log_return_5",
    "log_return_20",
    "dist_to_sma_20",
    "dist_to_sma_50",
    "sma_20_sma_50_ratio",
    "volume_z_score_20",
    "atr_pct_14",
    "realized_volatility_20",
    "rsi_14",
    "bollinger_percent_b_20_2",
    "bollinger_bandwidth_20_2",
    "macd_hist_12_26_9",
    "dist_to_sma_10",
    "downside_vol_20",
    "momentum_acceleration_10"
  ],
  "NORM_STATS": {
    "log_return_1": {
      "mean": 0.00011195392006845461,
      "std": 0.030067666877010818
    },
    "log_return_5": {
      "mean": 0.0005922842384409196,
      "std": 0.06591509316368811
    },
    "log_return_20": {
      "mean": 0.0023540910866772366,
      "std": 0.13515005450004194
    },
    "dist_to_sma_20": {
      "mean": 0.0024528837658668616,
      "std": 0.07248649348274315
    },
    "dist_to_sma_50": {
      "mean": 0.006542309534822459,
      "std": 0.11632791460817202
    },
    "sma_20_sma_50_ratio": {
      "mean": 0.002461243776951274,
      "std": 0.07150577867056296
    },
    "volume_z_score_20": {
      "mean": -0.005166744726672212,
      "std": 1.069717013132028
    },
    "atr_pct_14": {
      "mean": 4.007223426669447,
      "std": 1.6824406959468161
    },
    "realized_volatility_20": {
      "mean": 0.1170147216176177,
      "std": 0.05904086350430788
    },
    "rsi_14": {
      "mean": 50.51271702893886,
      "std": 12.336989996284911
    },
    "bollinger_percent_b_20_2": {
      "mean": 0.5286046119289132,
      "std": 0.33679339872332925
    },
    "bollinger_bandwidth_20_2": {
      "mean": 0.18071048791525735,
      "std": 0.11599610135834262
    },
    "macd_hist_12_26_9": {
      "mean": -0.0005763339972155408,
      "std": 0.32310125122464456
    },
    "dist_to_sma_10": {
      "mean": 0.0010744004447444731,
      "std": 0.049062742086076326
    },
    "downside_vol_20": {
      "mean": 0.01564188598598375,
      "std": 0.009452060939366513
    },
    "momentum_acceleration_10": {
      "mean": 0.00024014999639432094,
      "std": 0.12982099767395205
    }
  },
  "TRAIN_WINDOW": "2017-01-01 -> 2023-12-31",
  "LABEL_CONTRACT": "TripleBarrier.ATR.daily.v1",
  "MODEL_HASH": "ec6692f0cdcfc2d2004722e529658bb7d94a8126538d20aec4544e29cc259e42",
  "RANDOM_SEED": 42
}
