{
  "ticker": "HLT",
  "best_params": {
    "hidden": 32,
    "lr": 0.001,
    "dropout": 0.3,
    "weight_decay": 0.0001,
    "num_layers": 1,
    "refit_epochs": 4
  },
  "kelly_fraction": null,
  "THRESHOLD_ENTRY": 0.56,
  "DIRECTION_MODE": "both",
  "CALIBRATION": {
    "theta_entry": 0.56,
    "kelly_fraction": null,
    "direction_mode": "both",
    "oof_trades": 14,
    "trade_floor_met": true,
    "oof_log_growth": -0.012418051602626934
  },
  "cv_auc_pr": 0.4113993087312859,
  "cv_folds": 4,
  "SEQ_LEN": 60,
  "FEATURE_MANIFEST": [
    "log_return_1",
    "log_return_5",
    "log_return_20",
    "dist_to_sma_20",
    "dist_to_sma_50",
    "sma_20_sma_50_ratio",
    "volume_z_score_20",
    "atr_pct_14",
    "realized_volatility_20",
    "rsi_14",
    "bollinger_percent_b_20_2",
    "bollinger_bandwidth_20_2",
    "macd_hist_12_26_9",
    "atr_ratio_5_20",
    "dist_to_high_252",
    "overnight_intraday_spread_20"
  ],
  "NORM_STATS": {
    "log_return_1": {
      "mean": 0.00045602277403967523,
      "std": 0.02120988344450787
    },
    "log_return_5": {
      "mean": 0.0022665855444639884,
      "std": 0.049147443553677034
    },
    "log_return_20": {
      "mean": 0.008895857408335586,
      "std": 0.09246329621768556
    },
    "dist_to_sma_20": {
      "mean": 0.004854394261188452,
      "std": 0.05034463833560124
    },
    "dist_to_sma_50": {
      "mean": 0.012421206491555096,
      "std": 0.07479785920131264
    },
    "sma_20_sma_50_ratio": {
      "mean": 0.007018349634812255,
      "std": 0.046666224495004294
    },
    "volume_z_score_20": {
      "mean": -0.0002655027426860806,
      "std": 1.0656946635284872
    },
    "atr_pct_14": {
      "mean": 2.654782741412549,
      "std": 1.4860961390975602
    },
    "realized_volatility_20": {
      "mean": 0.07912766068050882,
      "std": 0.04808026962041753
    },
    "rsi_14": {
      "mean": 53.4083847231797,
      "std": 11.932160782525486
    },
    "bollinger_percent_b_20_2": {
      "mean": 0.5744324668541665,
      "std": 0.3223809739422769
    },
    "bollinger_bandwidth_20_2": {
      "mean": 0.12274343375872335,
      "std": 0.09380396196736925
    },
    "macd_hist_12_26_9": {
      "mean": 0.004819999882212015,
      "std": 0.729252172998297
    },
    "atr_ratio_5_20": {
      "mean": 0.99558328136166,
      "std": 0.1728838206691579
    },
    "dist_to_high_252": {
      "mean": -0.13325042833612497,
      "std": 0.10636351426018698
    },
    "overnight_intraday_spread_20": {
      "mean": 0.0002560598852616829,
      "std": 0.005261729771371248
    }
  },
  "TRAIN_WINDOW": "2017-01-01 -> 2023-12-31",
  "LABEL_CONTRACT": "TripleBarrier.ATR.daily.v1",
  "MODEL_HASH": "8202e096be386358dded99547ae34e3e1d4f619cbec8e22c0535d2e34570ed2d",
  "RANDOM_SEED": 42
}
