{
  "ticker": "GRMN",
  "best_params": {
    "hidden": 32,
    "lr": 0.001,
    "dropout": 0.3,
    "weight_decay": 0.0001,
    "num_layers": 1,
    "refit_epochs": 4
  },
  "kelly_fraction": null,
  "THRESHOLD_ENTRY": 0.5,
  "DIRECTION_MODE": "long_only",
  "CALIBRATION": {
    "theta_entry": 0.5,
    "kelly_fraction": null,
    "direction_mode": "long_only",
    "oof_trades": 110,
    "trade_floor_met": true,
    "oof_log_growth": 0.3897952241541939
  },
  "cv_auc_pr": 0.48516868160661464,
  "cv_folds": 4,
  "SEQ_LEN": 60,
  "FEATURE_MANIFEST": [
    "log_return_1",
    "log_return_5",
    "log_return_20",
    "dist_to_sma_20",
    "dist_to_sma_50",
    "sma_20_sma_50_ratio",
    "volume_z_score_20",
    "atr_pct_14",
    "realized_volatility_20",
    "rsi_14",
    "bollinger_percent_b_20_2",
    "bollinger_bandwidth_20_2",
    "macd_hist_12_26_9",
    "momentum_60",
    "gap_open_z20",
    "dist_to_high_252",
    "rsi_2",
    "xas_rs_mkt_20",
    "zscore_close_20"
  ],
  "NORM_STATS": {
    "log_return_1": {
      "mean": 0.0005539989376772695,
      "std": 0.01627028569715457
    },
    "log_return_5": {
      "mean": 0.002708919910692082,
      "std": 0.03488339799571257
    },
    "log_return_20": {
      "mean": 0.010499024725248775,
      "std": 0.06964130584626646
    },
    "dist_to_sma_20": {
      "mean": 0.0054202324598520415,
      "std": 0.03832709091273573
    },
    "dist_to_sma_50": {
      "mean": 0.01354611885347738,
      "std": 0.06462165135689266
    },
    "sma_20_sma_50_ratio": {
      "mean": 0.007511237880645686,
      "std": 0.03930592342124208
    },
    "volume_z_score_20": {
      "mean": -0.013379713805112168,
      "std": 1.0812111926529124
    },
    "atr_pct_14": {
      "mean": 2.073276338376006,
      "std": 0.796819237700961
    },
    "realized_volatility_20": {
      "mean": 0.06381156807498695,
      "std": 0.03152150886380476
    },
    "rsi_14": {
      "mean": 53.607668385933835,
      "std": 12.405184059575882
    },
    "bollinger_percent_b_20_2": {
      "mean": 0.566472327639396,
      "std": 0.3308575183300576
    },
    "bollinger_bandwidth_20_2": {
      "mean": 0.09620623833652864,
      "std": 0.060916920425815244
    },
    "macd_hist_12_26_9": {
      "mean": 0.0070091712164561375,
      "std": 0.4929000859705838
    },
    "momentum_60": {
      "mean": 0.02886834554404224,
      "std": 0.12524091687408404
    },
    "gap_open_z20": {
      "mean": -0.002704517467109629,
      "std": 0.9945940363031557
    },
    "dist_to_high_252": {
      "mean": -0.1237507628302079,
      "std": 0.1338677010226014
    },
    "rsi_2": {
      "mean": 53.82208669160561,
      "std": 30.83544401707511
    },
    "xas_rs_mkt_20": {
      "mean": 0.0030358700114359884,
      "std": 0.04828880776222405
    },
    "zscore_close_20": {
      "mean": 0.2658893105575843,
      "std": 1.3234300733202304
    }
  },
  "TRAIN_WINDOW": "2017-01-01 -> 2023-12-31",
  "LABEL_CONTRACT": "TripleBarrier.ATR.daily.v1",
  "MODEL_HASH": "0bcf5bec8aa805bdc01be4292db17be58d320f6970544c18a9d7dab3d5578ad8",
  "RANDOM_SEED": 42
}
