{
  "ticker": "AMZN",
  "best_params": {
    "hidden": 32,
    "lr": 0.001,
    "dropout": 0.3,
    "weight_decay": 0.0001,
    "num_layers": 1,
    "refit_epochs": 4
  },
  "kelly_fraction": null,
  "THRESHOLD_ENTRY": 0.5,
  "DIRECTION_MODE": "both",
  "CALIBRATION": {
    "theta_entry": 0.5,
    "kelly_fraction": null,
    "direction_mode": "both",
    "oof_trades": 120,
    "trade_floor_met": true,
    "oof_log_growth": -0.038472614690745005
  },
  "cv_auc_pr": 0.4605474739117441,
  "cv_folds": 4,
  "SEQ_LEN": 60,
  "FEATURE_MANIFEST": [
    "log_return_1",
    "log_return_5",
    "log_return_20",
    "dist_to_sma_20",
    "dist_to_sma_50",
    "sma_20_sma_50_ratio",
    "volume_z_score_20",
    "atr_pct_14",
    "realized_volatility_20",
    "rsi_14",
    "bollinger_percent_b_20_2",
    "bollinger_bandwidth_20_2",
    "macd_hist_12_26_9",
    "close_position_in_range",
    "ret_skew_20",
    "xas_rs_mkt_20"
  ],
  "NORM_STATS": {
    "log_return_1": {
      "mean": 0.000794756069976166,
      "std": 0.0212546403546289
    },
    "log_return_5": {
      "mean": 0.0039448724927408745,
      "std": 0.046399807330173425
    },
    "log_return_20": {
      "mean": 0.015522875572561814,
      "std": 0.0886543200749264
    },
    "dist_to_sma_20": {
      "mean": 0.0079955075308302,
      "std": 0.04945967589872953
    },
    "dist_to_sma_50": {
      "mean": 0.020333946096327833,
      "std": 0.077329993549012
    },
    "sma_20_sma_50_ratio": {
      "mean": 0.011566477143095914,
      "std": 0.04671207911562928
    },
    "volume_z_score_20": {
      "mean": 0.006708602292034701,
      "std": 1.0839437109157077
    },
    "atr_pct_14": {
      "mean": 2.661191274632688,
      "std": 1.0871165848505062
    },
    "realized_volatility_20": {
      "mean": 0.08411867504959027,
      "std": 0.03957452070669469
    },
    "rsi_14": {
      "mean": 54.26731871269527,
      "std": 11.980887474769423
    },
    "bollinger_percent_b_20_2": {
      "mean": 0.5848168777122473,
      "std": 0.3294191849365408
    },
    "bollinger_bandwidth_20_2": {
      "mean": 0.12948478811532613,
      "std": 0.07425469500019327
    },
    "macd_hist_12_26_9": {
      "mean": 0.006829672462217561,
      "std": 0.8168719367029861
    },
    "close_position_in_range": {
      "mean": 0.5234531314283164,
      "std": 0.31445941016741125
    },
    "ret_skew_20": {
      "mean": -0.03311330510962735,
      "std": 0.9104549657013966
    },
    "xas_rs_mkt_20": {
      "mean": 0.008070469031844362,
      "std": 0.07789214712372144
    }
  },
  "TRAIN_WINDOW": "2017-01-01 -> 2023-12-31",
  "LABEL_CONTRACT": "TripleBarrier.ATR.daily.v1",
  "MODEL_HASH": "08f400a53e70554817f03aa949e2e701c9ae7b2d25667a2a943035f18050cda9",
  "RANDOM_SEED": 42
}
