{
  "ticker": "ARES",
  "best_params": {
    "hidden": 32,
    "lr": 0.001,
    "dropout": 0.3,
    "weight_decay": 0.0001,
    "num_layers": 1,
    "refit_epochs": 4
  },
  "kelly_fraction": null,
  "THRESHOLD_ENTRY": 0.52,
  "DIRECTION_MODE": "long_only",
  "CALIBRATION": {
    "theta_entry": 0.52,
    "kelly_fraction": null,
    "direction_mode": "long_only",
    "oof_trades": 68,
    "trade_floor_met": true,
    "oof_log_growth": 0.9695869198937217
  },
  "cv_auc_pr": 0.5642052880877177,
  "cv_folds": 4,
  "SEQ_LEN": 60,
  "FEATURE_MANIFEST": [
    "log_return_1",
    "log_return_5",
    "log_return_20",
    "dist_to_sma_20",
    "dist_to_sma_50",
    "sma_20_sma_50_ratio",
    "volume_z_score_20",
    "atr_pct_14",
    "realized_volatility_20",
    "rsi_14",
    "bollinger_percent_b_20_2",
    "bollinger_bandwidth_20_2",
    "macd_hist_12_26_9",
    "atr_ratio_5_20",
    "down_streak_10",
    "xas_rs_mkt_20",
    "zscore_close_20"
  ],
  "NORM_STATS": {
    "log_return_1": {
      "mean": 0.0010390219144300603,
      "std": 0.022347965675144285
    },
    "log_return_5": {
      "mean": 0.005309557156642976,
      "std": 0.05002204709588538
    },
    "log_return_20": {
      "mean": 0.021555549417177026,
      "std": 0.09425748066281019
    },
    "dist_to_sma_20": {
      "mean": 0.010904732615344448,
      "std": 0.052878866329455654
    },
    "dist_to_sma_50": {
      "mean": 0.027380116385148444,
      "std": 0.07314083713744685
    },
    "sma_20_sma_50_ratio": {
      "mean": 0.016057059245244597,
      "std": 0.04446653944247823
    },
    "volume_z_score_20": {
      "mean": 0.01513103986043556,
      "std": 1.0584107437680166
    },
    "atr_pct_14": {
      "mean": 3.015742809944303,
      "std": 1.2042604450848828
    },
    "realized_volatility_20": {
      "mean": 0.08638934303151799,
      "std": 0.04674578702500308
    },
    "rsi_14": {
      "mean": 54.75016873128035,
      "std": 11.494754804215342
    },
    "bollinger_percent_b_20_2": {
      "mean": 0.5927616938875099,
      "std": 0.3231462236491183
    },
    "bollinger_bandwidth_20_2": {
      "mean": 0.13654649586587328,
      "std": 0.08498825632495796
    },
    "macd_hist_12_26_9": {
      "mean": 0.005301932900215389,
      "std": 0.4114987034926773
    },
    "atr_ratio_5_20": {
      "mean": 1.0042656427065357,
      "std": 0.15349188903362185
    },
    "down_streak_10": {
      "mean": 0.08272727272727272,
      "std": 0.12157795173100852
    },
    "xas_rs_mkt_20": {
      "mean": 0.014114919530673627,
      "std": 0.06666122614836627
    },
    "zscore_close_20": {
      "mean": 0.3710467755500397,
      "std": 1.2925848945964733
    }
  },
  "TRAIN_WINDOW": "2017-01-01 -> 2023-12-31",
  "LABEL_CONTRACT": "TripleBarrier.ATR.daily.v1",
  "MODEL_HASH": "e26998813ba0948853b6cca689481ad6c72f69ab7d26ed7319d98ea399abb55a",
  "RANDOM_SEED": 42
}
