{
  "n_estimators": 700,
  "max_depth": 8,
  "learning_rate": 0.06806741748647364,
  "min_child_weight": 44,
  "subsample": 0.6040345036696655,
  "colsample_bytree": 0.8330043528976134,
  "reg_lambda": 7.059388023638252,
  "reg_alpha": 0.7704152227420602
}