{
  "ticker": "HPQ",
  "best_params": {
    "hidden": 32,
    "lr": 0.001,
    "dropout": 0.3,
    "weight_decay": 0.0001,
    "num_layers": 1,
    "refit_epochs": 4
  },
  "kelly_fraction": null,
  "THRESHOLD_ENTRY": 0.52,
  "DIRECTION_MODE": "both",
  "CALIBRATION": {
    "theta_entry": 0.52,
    "kelly_fraction": null,
    "direction_mode": "both",
    "oof_trades": 98,
    "trade_floor_met": true,
    "oof_log_growth": -0.08984075035884925
  },
  "cv_auc_pr": 0.4475859480525528,
  "cv_folds": 4,
  "SEQ_LEN": 60,
  "FEATURE_MANIFEST": [
    "log_return_1",
    "log_return_5",
    "log_return_20",
    "dist_to_sma_20",
    "dist_to_sma_50",
    "sma_20_sma_50_ratio",
    "volume_z_score_20",
    "atr_pct_14",
    "realized_volatility_20",
    "rsi_14",
    "bollinger_percent_b_20_2",
    "bollinger_bandwidth_20_2",
    "macd_hist_12_26_9",
    "close_position_in_range",
    "xas_rs_mkt_20",
    "price_volume_rank_divergence",
    "overnight_intraday_spread_20",
    "bb_percent_b_20"
  ],
  "NORM_STATS": {
    "log_return_1": {
      "mean": 0.0004018175761452244,
      "std": 0.02213275748179626
    },
    "log_return_5": {
      "mean": 0.0019890644432252387,
      "std": 0.04853968822417985
    },
    "log_return_20": {
      "mean": 0.00756644695692336,
      "std": 0.08915585474720471
    },
    "dist_to_sma_20": {
      "mean": 0.004236309672236092,
      "std": 0.04891195693542067
    },
    "dist_to_sma_50": {
      "mean": 0.010408580242593909,
      "std": 0.07668351950982039
    },
    "sma_20_sma_50_ratio": {
      "mean": 0.0054922892087594065,
      "std": 0.04679274467508309
    },
    "volume_z_score_20": {
      "mean": -0.003225333565722579,
      "std": 1.1063123592081368
    },
    "atr_pct_14": {
      "mean": 2.747442342062616,
      "std": 1.168337197881236
    },
    "realized_volatility_20": {
      "mean": 0.08488443100746282,
      "std": 0.046842172323418356
    },
    "rsi_14": {
      "mean": 52.99840131676088,
      "std": 12.457849491227742
    },
    "bollinger_percent_b_20_2": {
      "mean": 0.567290969650601,
      "std": 0.32920179951115236
    },
    "bollinger_bandwidth_20_2": {
      "mean": 0.1279552706019788,
      "std": 0.07882291795795587
    },
    "macd_hist_12_26_9": {
      "mean": 0.0013872741016379532,
      "std": 0.16947625830025545
    },
    "close_position_in_range": {
      "mean": 0.508717697829885,
      "std": 0.30298612667600633
    },
    "xas_rs_mkt_20": {
      "mean": 9.715240557140762e-05,
      "std": 0.0640509571379096
    },
    "price_volume_rank_divergence": {
      "mean": 0.09471590909090909,
      "std": 0.4894807417714027
    },
    "overnight_intraday_spread_20": {
      "mean": -0.0011201546034361187,
      "std": 0.004291479218278323
    },
    "bb_percent_b_20": {
      "mean": 0.5672644986717844,
      "std": 0.3291856020454243
    }
  },
  "TRAIN_WINDOW": "2017-01-01 -> 2023-12-31",
  "LABEL_CONTRACT": "TripleBarrier.ATR.daily.v1",
  "MODEL_HASH": "d7535924b36682f2d22d1b0826d6708d8f7c300fd31ea5d75a2476f5f1361987",
  "RANDOM_SEED": 42
}
