{
  "ticker": "TRGP",
  "best_params": {
    "hidden": 32,
    "lr": 0.001,
    "dropout": 0.3,
    "weight_decay": 0.0001,
    "num_layers": 1,
    "refit_epochs": 4
  },
  "kelly_fraction": null,
  "THRESHOLD_ENTRY": 0.54,
  "DIRECTION_MODE": "both",
  "CALIBRATION": {
    "theta_entry": 0.54,
    "kelly_fraction": null,
    "direction_mode": "both",
    "oof_trades": 26,
    "trade_floor_met": true,
    "oof_log_growth": 1.6920910073673814
  },
  "cv_auc_pr": 0.4801878872361954,
  "cv_folds": 4,
  "SEQ_LEN": 60,
  "FEATURE_MANIFEST": [
    "log_return_1",
    "log_return_5",
    "log_return_20",
    "dist_to_sma_20",
    "dist_to_sma_50",
    "sma_20_sma_50_ratio",
    "volume_z_score_20",
    "atr_pct_14",
    "realized_volatility_20",
    "rsi_14",
    "bollinger_percent_b_20_2",
    "bollinger_bandwidth_20_2",
    "macd_hist_12_26_9",
    "high_low_range_pct",
    "atr_ratio_5_20",
    "reversal_2d",
    "mr_dist_atr_20",
    "bb_percent_b_20"
  ],
  "NORM_STATS": {
    "log_return_1": {
      "mean": 0.0002487567262137768,
      "std": 0.03638146418489592
    },
    "log_return_5": {
      "mean": 0.0011880359248093836,
      "std": 0.08614868235696295
    },
    "log_return_20": {
      "mean": 0.005127712619039171,
      "std": 0.20563834513386914
    },
    "dist_to_sma_20": {
      "mean": 0.005397292891701017,
      "std": 0.09334839791137295
    },
    "dist_to_sma_50": {
      "mean": 0.014587432776004855,
      "std": 0.15582370097417336
    },
    "sma_20_sma_50_ratio": {
      "mean": 0.0062907301175352,
      "std": 0.10465411642249918
    },
    "volume_z_score_20": {
      "mean": -0.010309000351781738,
      "std": 1.0676535266716454
    },
    "atr_pct_14": {
      "mean": 3.9148220695668194,
      "std": 4.04462051970669
    },
    "realized_volatility_20": {
      "mean": 0.11275325616811642,
      "std": 0.10795106826501293
    },
    "rsi_14": {
      "mean": 52.07252757991659,
      "std": 11.803785900607258
    },
    "bollinger_percent_b_20_2": {
      "mean": 0.5496998870306412,
      "std": 0.33095361257422934
    },
    "bollinger_bandwidth_20_2": {
      "mean": 0.1789629836867555,
      "std": 0.23593080032285954
    },
    "macd_hist_12_26_9": {
      "mean": -0.003935336634372644,
      "std": 0.40652310881640513
    },
    "high_low_range_pct": {
      "mean": 3.518728536233697,
      "std": 3.63274320911368
    },
    "atr_ratio_5_20": {
      "mean": 0.9929770170292171,
      "std": 0.14783322798431095
    },
    "reversal_2d": {
      "mean": -0.00048792274443304045,
      "std": 0.052987136834801316
    },
    "mr_dist_atr_20": {
      "mean": 0.19547052865570105,
      "std": 1.6334006338423388
    },
    "bb_percent_b_20": {
      "mean": 0.5496897168308298,
      "std": 0.3309476255895372
    }
  },
  "TRAIN_WINDOW": "2017-01-01 -> 2023-12-31",
  "LABEL_CONTRACT": "TripleBarrier.ATR.daily.v1",
  "MODEL_HASH": "a95c628761edb28931c7ea4bc61b3461939d3d8b63954febf2cd4c5ec82b35d9",
  "RANDOM_SEED": 42
}
