{
  "ticker": "CMCSA",
  "best_params": {
    "hidden": 32,
    "lr": 0.001,
    "dropout": 0.3,
    "weight_decay": 0.0001,
    "num_layers": 1,
    "refit_epochs": 4
  },
  "kelly_fraction": null,
  "THRESHOLD_ENTRY": 0.56,
  "DIRECTION_MODE": "both",
  "CALIBRATION": {
    "theta_entry": 0.56,
    "kelly_fraction": null,
    "direction_mode": "both",
    "oof_trades": 12,
    "trade_floor_met": true,
    "oof_log_growth": 0.31264293949484645
  },
  "cv_auc_pr": 0.5143329398142354,
  "cv_folds": 4,
  "SEQ_LEN": 60,
  "FEATURE_MANIFEST": [
    "log_return_1",
    "log_return_5",
    "log_return_20",
    "dist_to_sma_20",
    "dist_to_sma_50",
    "sma_20_sma_50_ratio",
    "volume_z_score_20",
    "atr_pct_14",
    "realized_volatility_20",
    "rsi_14",
    "bollinger_percent_b_20_2",
    "bollinger_bandwidth_20_2",
    "macd_hist_12_26_9",
    "obv_z20",
    "ret_kurt_20",
    "price_volume_rank_divergence",
    "vol_of_vol_20"
  ],
  "NORM_STATS": {
    "log_return_1": {
      "mean": 0.0001354134987819357,
      "std": 0.01694518161288841
    },
    "log_return_5": {
      "mean": 0.0006402027169270062,
      "std": 0.03419416259654772
    },
    "log_return_20": {
      "mean": 0.0024724583269632914,
      "std": 0.06554723728787568
    },
    "dist_to_sma_20": {
      "mean": 0.0015039895590462729,
      "std": 0.03626682155218688
    },
    "dist_to_sma_50": {
      "mean": 0.0038898277577463984,
      "std": 0.057045685697646516
    },
    "sma_20_sma_50_ratio": {
      "mean": 0.0019968879219130447,
      "std": 0.03475635551857278
    },
    "volume_z_score_20": {
      "mean": 0.005979005806510587,
      "std": 1.0827050547686152
    },
    "atr_pct_14": {
      "mean": 2.3309110456031426,
      "std": 0.7816528370574373
    },
    "realized_volatility_20": {
      "mean": 0.06782143422829143,
      "std": 0.030396853864790345
    },
    "rsi_14": {
      "mean": 51.75999282050659,
      "std": 10.837607819606681
    },
    "bollinger_percent_b_20_2": {
      "mean": 0.5391175160973678,
      "std": 0.33092145914177057
    },
    "bollinger_bandwidth_20_2": {
      "mean": 0.09643957476861113,
      "std": 0.04991912437896462
    },
    "macd_hist_12_26_9": {
      "mean": -8.290812207904243e-05,
      "std": 0.20379253205491407
    },
    "obv_z20": {
      "mean": 0.12962843637386068,
      "std": 1.314447410742498
    },
    "ret_kurt_20": {
      "mean": 1.203666867307978,
      "std": 2.536376995019992
    },
    "price_volume_rank_divergence": {
      "mean": 0.06419034090909091,
      "std": 0.5093974667303003
    },
    "vol_of_vol_20": {
      "mean": 0.003690663671739283,
      "std": 0.002606716496771087
    }
  },
  "TRAIN_WINDOW": "2017-01-01 -> 2023-12-31",
  "LABEL_CONTRACT": "TripleBarrier.ATR.daily.v1",
  "MODEL_HASH": "27557482fdeb4f9fd98d5e0dd997c155d8fe864a2e3785f29b13c3438d4e8bb3",
  "RANDOM_SEED": 42
}
