{
  "ticker": "NXPI",
  "best_params": {
    "hidden": 32,
    "lr": 0.001,
    "dropout": 0.3,
    "weight_decay": 0.0001,
    "num_layers": 1,
    "refit_epochs": 4
  },
  "kelly_fraction": null,
  "THRESHOLD_ENTRY": 0.5,
  "DIRECTION_MODE": "both",
  "CALIBRATION": {
    "theta_entry": 0.5,
    "kelly_fraction": null,
    "direction_mode": "both",
    "oof_trades": 110,
    "trade_floor_met": true,
    "oof_log_growth": 0.13913975916409616
  },
  "cv_auc_pr": 0.45954133758098215,
  "cv_folds": 4,
  "SEQ_LEN": 60,
  "FEATURE_MANIFEST": [
    "log_return_1",
    "log_return_5",
    "log_return_20",
    "dist_to_sma_20",
    "dist_to_sma_50",
    "sma_20_sma_50_ratio",
    "volume_z_score_20",
    "atr_pct_14",
    "realized_volatility_20",
    "rsi_14",
    "bollinger_percent_b_20_2",
    "bollinger_bandwidth_20_2",
    "macd_hist_12_26_9",
    "dist_to_sma_200",
    "williams_r_14",
    "stoch_k_14",
    "overnight_intraday_spread_20"
  ],
  "NORM_STATS": {
    "log_return_1": {
      "mean": 0.0004840049858815813,
      "std": 0.02488614304319157
    },
    "log_return_5": {
      "mean": 0.002423081667289313,
      "std": 0.049578075298444796
    },
    "log_return_20": {
      "mean": 0.00929196472264431,
      "std": 0.09490672058045654
    },
    "dist_to_sma_20": {
      "mean": 0.005172993067507855,
      "std": 0.0518858120331571
    },
    "dist_to_sma_50": {
      "mean": 0.012214598642031034,
      "std": 0.07814545101586795
    },
    "sma_20_sma_50_ratio": {
      "mean": 0.0064084437642548675,
      "std": 0.04838262397977488
    },
    "volume_z_score_20": {
      "mean": 0.02061602873406308,
      "std": 1.0741453302212114
    },
    "atr_pct_14": {
      "mean": 2.981496394388589,
      "std": 1.5669473611421654
    },
    "realized_volatility_20": {
      "mean": 0.0936015646177646,
      "std": 0.05606258063616894
    },
    "rsi_14": {
      "mean": 53.39196155697137,
      "std": 11.874386909993403
    },
    "bollinger_percent_b_20_2": {
      "mean": 0.5590167800386769,
      "std": 0.33019475119769537
    },
    "bollinger_bandwidth_20_2": {
      "mean": 0.13122171452674283,
      "std": 0.08489407255365533
    },
    "macd_hist_12_26_9": {
      "mean": 0.019307168165230707,
      "std": 1.0449252036643975
    },
    "dist_to_sma_200": {
      "mean": 0.04915347276563457,
      "std": 0.14636060160225794
    },
    "williams_r_14": {
      "mean": -44.11440060879937,
      "std": 29.66031182330143
    },
    "stoch_k_14": {
      "mean": 55.88559939120063,
      "std": 29.66031182330143
    },
    "overnight_intraday_spread_20": {
      "mean": 0.0006181772421611251,
      "std": 0.005535814854827273
    }
  },
  "TRAIN_WINDOW": "2017-01-01 -> 2023-12-31",
  "LABEL_CONTRACT": "TripleBarrier.ATR.daily.v1",
  "MODEL_HASH": "4d927879624eae1f136f5772f5ee9a7868a4017e12b6580315941a98b91f2657",
  "RANDOM_SEED": 42
}
