{
  "ticker": "URI",
  "best_params": {
    "hidden": 32,
    "lr": 0.001,
    "dropout": 0.3,
    "weight_decay": 0.0001,
    "num_layers": 1,
    "refit_epochs": 4
  },
  "kelly_fraction": null,
  "THRESHOLD_ENTRY": 0.5,
  "DIRECTION_MODE": "long_only",
  "CALIBRATION": {
    "theta_entry": 0.5,
    "kelly_fraction": null,
    "direction_mode": "long_only",
    "oof_trades": 107,
    "trade_floor_met": true,
    "oof_log_growth": 0.8254193507378577
  },
  "cv_auc_pr": 0.5076446724912523,
  "cv_folds": 4,
  "SEQ_LEN": 60,
  "FEATURE_MANIFEST": [
    "log_return_1",
    "log_return_5",
    "log_return_20",
    "dist_to_sma_20",
    "dist_to_sma_50",
    "sma_20_sma_50_ratio",
    "volume_z_score_20",
    "atr_pct_14",
    "realized_volatility_20",
    "rsi_14",
    "bollinger_percent_b_20_2",
    "bollinger_bandwidth_20_2",
    "macd_hist_12_26_9",
    "gap_open_z20",
    "volume_trend_5_20",
    "up_streak_10",
    "range_compression_60",
    "day_range_pos_20"
  ],
  "NORM_STATS": {
    "log_return_1": {
      "mean": 0.0009617074457091418,
      "std": 0.027242246039676545
    },
    "log_return_5": {
      "mean": 0.00478419169101057,
      "std": 0.061592427220092796
    },
    "log_return_20": {
      "mean": 0.018336477886831643,
      "std": 0.1251110944693125
    },
    "dist_to_sma_20": {
      "mean": 0.01008229306838101,
      "std": 0.06831686384942867
    },
    "dist_to_sma_50": {
      "mean": 0.02546705221657793,
      "std": 0.10693200007694818
    },
    "sma_20_sma_50_ratio": {
      "mean": 0.014000975941653998,
      "std": 0.06549348811017545
    },
    "volume_z_score_20": {
      "mean": -0.011990530675526962,
      "std": 1.072963501815568
    },
    "atr_pct_14": {
      "mean": 3.5686588909588823,
      "std": 1.377925333300948
    },
    "realized_volatility_20": {
      "mean": 0.10849098299060647,
      "std": 0.04749310529121042
    },
    "rsi_14": {
      "mean": 53.120080005523334,
      "std": 12.277387309481263
    },
    "bollinger_percent_b_20_2": {
      "mean": 0.5581074615773012,
      "std": 0.3349021810772291
    },
    "bollinger_bandwidth_20_2": {
      "mean": 0.17541226728016587,
      "std": 0.10168447292515367
    },
    "macd_hist_12_26_9": {
      "mean": 0.054384371330088374,
      "std": 2.1735709806550996
    },
    "gap_open_z20": {
      "mean": -0.0030164215068494435,
      "std": 1.006644019906828
    },
    "volume_trend_5_20": {
      "mean": -0.0001965427344585627,
      "std": 0.2578356102250543
    },
    "up_streak_10": {
      "mean": 0.10982954545454546,
      "std": 0.1480938524283372
    },
    "range_compression_60": {
      "mean": 0.5238636363636363,
      "std": 0.29206461439331577
    },
    "day_range_pos_20": {
      "mean": 0.5743531025377742,
      "std": 0.3044818937414313
    }
  },
  "TRAIN_WINDOW": "2017-01-01 -> 2023-12-31",
  "LABEL_CONTRACT": "TripleBarrier.ATR.daily.v1",
  "MODEL_HASH": "f95542b6ca9a9e23881841a33ce919cbeb7ffa52de786429e7c105118e130bfd",
  "RANDOM_SEED": 42
}
