{
  "ticker": "MNST",
  "best_params": {
    "hidden": 32,
    "lr": 0.001,
    "dropout": 0.3,
    "weight_decay": 0.0001,
    "num_layers": 1,
    "refit_epochs": 4
  },
  "kelly_fraction": null,
  "THRESHOLD_ENTRY": 0.54,
  "DIRECTION_MODE": "both",
  "CALIBRATION": {
    "theta_entry": 0.54,
    "kelly_fraction": null,
    "direction_mode": "both",
    "oof_trades": 59,
    "trade_floor_met": true,
    "oof_log_growth": 0.4670493221533959
  },
  "cv_auc_pr": 0.5094852594203623,
  "cv_folds": 4,
  "SEQ_LEN": 60,
  "FEATURE_MANIFEST": [
    "log_return_1",
    "log_return_5",
    "log_return_20",
    "dist_to_sma_20",
    "dist_to_sma_50",
    "sma_20_sma_50_ratio",
    "volume_z_score_20",
    "atr_pct_14",
    "realized_volatility_20",
    "rsi_14",
    "bollinger_percent_b_20_2",
    "bollinger_bandwidth_20_2",
    "macd_hist_12_26_9",
    "ret_kurt_20",
    "rsi_2",
    "vol_of_vol_20"
  ],
  "NORM_STATS": {
    "log_return_1": {
      "mean": 0.0005429140893474744,
      "std": 0.017071324657004172
    },
    "log_return_5": {
      "mean": 0.0026381722278996374,
      "std": 0.03550672279111894
    },
    "log_return_20": {
      "mean": 0.010388960935372808,
      "std": 0.06997919060312263
    },
    "dist_to_sma_20": {
      "mean": 0.005314697196855511,
      "std": 0.03872658549078324
    },
    "dist_to_sma_50": {
      "mean": 0.013483582658834422,
      "std": 0.05846040150338785
    },
    "sma_20_sma_50_ratio": {
      "mean": 0.00782269947548625,
      "std": 0.035966888206715446
    },
    "volume_z_score_20": {
      "mean": 0.01765580910912256,
      "std": 1.0824100824846552
    },
    "atr_pct_14": {
      "mean": 2.228534981772868,
      "std": 0.7328857685428156
    },
    "realized_volatility_20": {
      "mean": 0.06744227266232398,
      "std": 0.03235182676786706
    },
    "rsi_14": {
      "mean": 53.394672929656785,
      "std": 12.153883319529271
    },
    "bollinger_percent_b_20_2": {
      "mean": 0.5604212780534183,
      "std": 0.3375231171941299
    },
    "bollinger_bandwidth_20_2": {
      "mean": 0.10087657159838434,
      "std": 0.055614526805063624
    },
    "macd_hist_12_26_9": {
      "mean": 0.001256928762545028,
      "std": 0.19927349533681576
    },
    "ret_kurt_20": {
      "mean": 1.478047266905169,
      "std": 2.801452366985993
    },
    "rsi_2": {
      "mean": 54.02123738383746,
      "std": 30.22063966637674
    },
    "vol_of_vol_20": {
      "mean": 0.004050797220391132,
      "std": 0.003087577039798503
    }
  },
  "TRAIN_WINDOW": "2017-01-01 -> 2023-12-31",
  "LABEL_CONTRACT": "TripleBarrier.ATR.daily.v1",
  "MODEL_HASH": "6a5488f51a2c1a2f9e8778f2c3ac18831a2b4ab7673316bfa1407512f36b638e",
  "RANDOM_SEED": 42
}
