{
  "ticker": "ADI",
  "best_params": {
    "hidden": 32,
    "lr": 0.001,
    "dropout": 0.3,
    "weight_decay": 0.0001,
    "num_layers": 1,
    "refit_epochs": 4
  },
  "kelly_fraction": null,
  "THRESHOLD_ENTRY": 0.56,
  "DIRECTION_MODE": "both",
  "CALIBRATION": {
    "theta_entry": 0.56,
    "kelly_fraction": null,
    "direction_mode": "both",
    "oof_trades": 28,
    "trade_floor_met": true,
    "oof_log_growth": 0.21149787604989126
  },
  "cv_auc_pr": 0.44665070155457687,
  "cv_folds": 4,
  "SEQ_LEN": 60,
  "FEATURE_MANIFEST": [
    "log_return_1",
    "log_return_5",
    "log_return_20",
    "dist_to_sma_20",
    "dist_to_sma_50",
    "sma_20_sma_50_ratio",
    "volume_z_score_20",
    "atr_pct_14",
    "realized_volatility_20",
    "rsi_14",
    "bollinger_percent_b_20_2",
    "bollinger_bandwidth_20_2",
    "macd_hist_12_26_9",
    "reversal_2d",
    "price_volume_rank_divergence"
  ],
  "NORM_STATS": {
    "log_return_1": {
      "mean": 0.0005716416978484609,
      "std": 0.020281683759970526
    },
    "log_return_5": {
      "mean": 0.0028243809629125206,
      "std": 0.03891711761563895
    },
    "log_return_20": {
      "mean": 0.011030808351703648,
      "std": 0.07306609483525994
    },
    "dist_to_sma_20": {
      "mean": 0.0056995168401037825,
      "std": 0.041371835911970634
    },
    "dist_to_sma_50": {
      "mean": 0.014155976274264234,
      "std": 0.059209743751128495
    },
    "sma_20_sma_50_ratio": {
      "mean": 0.008165048379747183,
      "std": 0.03578466055201127
    },
    "volume_z_score_20": {
      "mean": -0.019071934332166952,
      "std": 1.0491063995616046
    },
    "atr_pct_14": {
      "mean": 2.585883551285522,
      "std": 0.89139533742268
    },
    "realized_volatility_20": {
      "mean": 0.08011056243422751,
      "std": 0.039061055515133995
    },
    "rsi_14": {
      "mean": 52.571222447419935,
      "std": 10.591017238689487
    },
    "bollinger_percent_b_20_2": {
      "mean": 0.543504976407961,
      "std": 0.3298132313697842
    },
    "bollinger_bandwidth_20_2": {
      "mean": 0.11193030326230678,
      "std": 0.05475568527118632
    },
    "macd_hist_12_26_9": {
      "mean": 0.009013606159316939,
      "std": 0.7620352336382616
    },
    "reversal_2d": {
      "mean": -0.001140643398413885,
      "std": 0.025915786938449772
    },
    "price_volume_rank_divergence": {
      "mean": 0.06822443181818182,
      "std": 0.4944312482938855
    }
  },
  "TRAIN_WINDOW": "2017-01-01 -> 2023-12-31",
  "LABEL_CONTRACT": "TripleBarrier.ATR.daily.v1",
  "MODEL_HASH": "5d428ec7ae9873a64763d90a6ae859060c375343aa302cf443e5896a54cac886",
  "RANDOM_SEED": 42
}
