{
  "ticker": "COO",
  "best_params": {
    "hidden": 32,
    "lr": 0.001,
    "dropout": 0.3,
    "weight_decay": 0.0001,
    "num_layers": 1,
    "refit_epochs": 4
  },
  "kelly_fraction": null,
  "THRESHOLD_ENTRY": 0.5,
  "DIRECTION_MODE": "long_only",
  "CALIBRATION": {
    "theta_entry": 0.5,
    "kelly_fraction": null,
    "direction_mode": "long_only",
    "oof_trades": 101,
    "trade_floor_met": true,
    "oof_log_growth": -0.023349408423114906
  },
  "cv_auc_pr": 0.4740236057330717,
  "cv_folds": 4,
  "SEQ_LEN": 60,
  "FEATURE_MANIFEST": [
    "log_return_1",
    "log_return_5",
    "log_return_20",
    "dist_to_sma_20",
    "dist_to_sma_50",
    "sma_20_sma_50_ratio",
    "volume_z_score_20",
    "atr_pct_14",
    "realized_volatility_20",
    "rsi_14",
    "bollinger_percent_b_20_2",
    "bollinger_bandwidth_20_2",
    "macd_hist_12_26_9",
    "atr_ratio_5_20",
    "down_streak_10",
    "overnight_intraday_spread_20",
    "vol_scaled_momentum_20"
  ],
  "NORM_STATS": {
    "log_return_1": {
      "mean": 0.0004388943163335716,
      "std": 0.017293184946066936
    },
    "log_return_5": {
      "mean": 0.0021758910211695298,
      "std": 0.037410062566501076
    },
    "log_return_20": {
      "mean": 0.008279373425807276,
      "std": 0.07084752098218056
    },
    "dist_to_sma_20": {
      "mean": 0.004355898272827921,
      "std": 0.039283185420475944
    },
    "dist_to_sma_50": {
      "mean": 0.01076151534034303,
      "std": 0.06120252766331034
    },
    "sma_20_sma_50_ratio": {
      "mean": 0.005958893688530033,
      "std": 0.03706551326513511
    },
    "volume_z_score_20": {
      "mean": -0.0001524766584379525,
      "std": 1.0907545733543866
    },
    "atr_pct_14": {
      "mean": 2.2975425393460016,
      "std": 0.8239386299973824
    },
    "realized_volatility_20": {
      "mean": 0.06784377347716548,
      "std": 0.03329385615397144
    },
    "rsi_14": {
      "mean": 53.302570100016474,
      "std": 12.230770379012114
    },
    "bollinger_percent_b_20_2": {
      "mean": 0.5664609932624992,
      "std": 0.3301485462321394
    },
    "bollinger_bandwidth_20_2": {
      "mean": 0.10357842228169141,
      "std": 0.05726760395490594
    },
    "macd_hist_12_26_9": {
      "mean": 0.005048455401970925,
      "std": 0.4377432516958208
    },
    "atr_ratio_5_20": {
      "mean": 0.9984566370785585,
      "std": 0.1589527700894455
    },
    "down_streak_10": {
      "mean": 0.08737919272313814,
      "std": 0.12435122844201836
    },
    "overnight_intraday_spread_20": {
      "mean": -0.00015626804444770608,
      "std": 0.0034663997222676665
    },
    "vol_scaled_momentum_20": {
      "mean": 1.073062830851108,
      "std": 4.324585662121693
    }
  },
  "TRAIN_WINDOW": "2017-01-01 -> 2023-12-31",
  "LABEL_CONTRACT": "TripleBarrier.ATR.daily.v1",
  "MODEL_HASH": "f002ddc2a82dbce1dd64af0cb9d37097f2e15e41ac5a6495d34da57d47c9198c",
  "RANDOM_SEED": 42
}
