{
  "ticker": "SNPS",
  "best_params": {
    "hidden": 32,
    "lr": 0.001,
    "dropout": 0.3,
    "weight_decay": 0.0001,
    "num_layers": 1,
    "refit_epochs": 4
  },
  "kelly_fraction": null,
  "THRESHOLD_ENTRY": 0.54,
  "DIRECTION_MODE": "both",
  "CALIBRATION": {
    "theta_entry": 0.54,
    "kelly_fraction": null,
    "direction_mode": "both",
    "oof_trades": 88,
    "trade_floor_met": true,
    "oof_log_growth": 1.2825432923481959
  },
  "cv_auc_pr": 0.5571992400240049,
  "cv_folds": 4,
  "SEQ_LEN": 60,
  "FEATURE_MANIFEST": [
    "log_return_1",
    "log_return_5",
    "log_return_20",
    "dist_to_sma_20",
    "dist_to_sma_50",
    "sma_20_sma_50_ratio",
    "volume_z_score_20",
    "atr_pct_14",
    "realized_volatility_20",
    "rsi_14",
    "bollinger_percent_b_20_2",
    "bollinger_bandwidth_20_2",
    "macd_hist_12_26_9",
    "rsi_2",
    "dist_to_sma_10",
    "overnight_intraday_spread_20"
  ],
  "NORM_STATS": {
    "log_return_1": {
      "mean": 0.0012320030199813885,
      "std": 0.019619042767473775
    },
    "log_return_5": {
      "mean": 0.006156473497811629,
      "std": 0.04153778270706599
    },
    "log_return_20": {
      "mean": 0.025116383429417168,
      "std": 0.08143029767163423
    },
    "dist_to_sma_20": {
      "mean": 0.012391216753955405,
      "std": 0.04581394752140822
    },
    "dist_to_sma_50": {
      "mean": 0.03171190944509906,
      "std": 0.06616076680523675
    },
    "sma_20_sma_50_ratio": {
      "mean": 0.018789631866210726,
      "std": 0.04003269773058864
    },
    "volume_z_score_20": {
      "mean": -0.014234499202926451,
      "std": 1.0775602431236755
    },
    "atr_pct_14": {
      "mean": 2.4814433275561947,
      "std": 0.9652414907573921
    },
    "realized_volatility_20": {
      "mean": 0.0768591078759824,
      "std": 0.03756479659119798
    },
    "rsi_14": {
      "mean": 56.31955491500054,
      "std": 12.077789641288728
    },
    "bollinger_percent_b_20_2": {
      "mean": 0.6096558625796118,
      "std": 0.3246367534067969
    },
    "bollinger_bandwidth_20_2": {
      "mean": 0.12092852005885461,
      "std": 0.06588710868426882
    },
    "macd_hist_12_26_9": {
      "mean": 0.012715032509212893,
      "std": 1.7613633608196726
    },
    "rsi_2": {
      "mean": 56.99720821834488,
      "std": 31.16631113655224
    },
    "dist_to_sma_10": {
      "mean": 0.005788624686419442,
      "std": 0.03139131512678914
    },
    "overnight_intraday_spread_20": {
      "mean": 0.00021813214861812654,
      "std": 0.005209268816205875
    }
  },
  "TRAIN_WINDOW": "2017-01-01 -> 2023-12-31",
  "LABEL_CONTRACT": "TripleBarrier.ATR.daily.v1",
  "MODEL_HASH": "90492ff4a293f9441aeb444de5b8f876c3bcea967b009895e22b37d75c1ec239",
  "RANDOM_SEED": 42
}
